ANHO_ING,sexo,CODIGO_CARRERA_x,coh,ret_1_n,ret_2_n,ret_3_n,ret_4_n,ret_1,ret_2,ret_3,ret_4,NIVEL_GLOBAL
2007,F,ADMPUB,65,58.0,57.0,50.0,50.0,0.8923076923076924,0.8769230769230769,0.7692307692307693,0.7692307692307693,PREGRADO
2007,F,ARQ,34,32.0,32.0,30.0,29.0,0.9411764705882353,0.9411764705882353,0.8823529411764706,0.8529411764705882,PREGRADO
2007,F,BACHI,57,41.0,11.0,2.0,,0.7192982456140351,0.19298245614035087,0.03508771929824561,,PREGRADO
2007,F,CCIV,18,15.0,11.0,8.0,5.0,0.8333333333333334,0.6111111111111112,0.4444444444444444,0.2777777777777778,PREGRADO
2007,F,CONTA,86,77.0,67.0,64.0,62.0,0.8953488372093024,0.7790697674418605,0.7441860465116279,0.7209302325581395,PREGRADO
2007,F,DIPAGR,3,,,,,,,,,DIPLOMADO
2007,F,DIPAN,12,,,,,,,,,DIPLOMADO
2007,F,DIPAP,5,,,,,,,,,DIPLOMADO
2007,F,DIPAPR,29,,,,,,,,,DIPLOMADO
2007,F,DIPAR,22,1.0,,,,0.045454545454545456,,,,DIPLOMADO
2007,F,DIPCD,19,,,,,,,,,DIPLOMADO
2007,F,DIPCSA,6,,,,,,,,,DIPLOMADO
2007,F,DIPDHG,7,,,,,,,,,DIPLOMADO
2007,F,DIPEG,5,,,,,,,,,DIPLOMADO
2007,F,DIPEGCR,30,,,,,,,,,DIPLOMADO
2007,F,DIPEPC,7,,,,,,,,,DIPLOMADO
2007,F,DIPEREG,1,,,,,,,,,DIPLOMADO
2007,F,DIPET,34,,,,,,,,,DIPLOMADO
2007,F,DIPGA,10,,,1.0,,,,0.1,,DIPLOMADO
2007,F,DIPGC,8,,,,,,,,,DIPLOMADO
2007,F,DIPGCA,4,,,,,,,,,DIPLOMADO
2007,F,DIPGCLC,4,,,,,,,,,DIPLOMADO
2007,F,DIPGCSP,3,,,,,,,,,DIPLOMADO
2007,F,DIPGES,33,,,,,,,,,DIPLOMADO
2007,F,DIPGFIN,3,,,,,,,,,DIPLOMADO
2007,F,DIPGINM,4,,,,,,,,,DIPLOMADO
2007,F,DIPGLDN,8,,,,,,,,,DIPLOMADO
2007,F,DIPGLGC,6,,,,,,,,,DIPLOMADO
2007,F,DIPGLPD,8,,,1.0,,,,0.125,,DIPLOMADO
2007,F,DIPGS,8,,,,,,,,,DIPLOMADO
2007,F,DIPIEDF,11,,,,,,,,,DIPLOMADO
2007,F,DIPLAS,2,,,,,,,,,DIPLOMADO
2007,F,DIPMG,11,,,,,,,,,DIPLOMADO
2007,F,DIPNICI,41,,,,,,,,,DIPLOMADO
2007,F,DIPPINF,3,,,,,,,,,DIPLOMADO
2007,F,DIPPMM,3,,,,,,,,,DIPLOMADO
2007,F,DIPPN,8,,,,,,,,,DIPLOMADO
2007,F,DIPSD,5,,,,,,,,,DIPLOMADO
2007,F,DIPSGV,17,,,,,,,,,DIPLOMADO
2007,F,DOCBIO,3,3.0,3.0,3.0,3.0,1.0,1.0,1.0,1.0,DOCTORADO
2007,F,DOCCSALIM,2,2.0,2.0,2.0,2.0,1.0,1.0,1.0,1.0,DOCTORADO
2007,F,DOCCSING,4,4.0,3.0,2.0,2.0,1.0,0.75,0.5,0.5,DOCTORADO
2007,F,DOCESTAM,5,5.0,3.0,3.0,2.0,1.0,0.6,0.6,0.4,DOCTORADO
2007,F,DOCMICROBIO,1,1.0,1.0,1.0,,1.0,1.0,1.0,,DOCTORADO
2007,F,DOCQUIM,4,4.0,3.0,3.0,3.0,1.0,0.75,0.75,0.75,DOCTORADO
2007,F,ENF,46,44.0,43.0,42.0,41.0,0.9565217391304348,0.9347826086956522,0.9130434782608695,0.8913043478260869,PREGRADO
2007,F,ICELEC,11,8.0,8.0,7.0,7.0,0.7272727272727273,0.7272727272727273,0.6363636363636364,0.6363636363636364,PREGRADO
2007,F,ICGEOG,13,5.0,5.0,4.0,4.0,0.38461538461538464,0.38461538461538464,0.3076923076923077,0.3076923076923077,PREGRADO
2007,F,ICIND,52,49.0,47.0,39.0,35.0,0.9423076923076923,0.9038461538461539,0.75,0.6730769230769231,PREGRADO
2007,F,ICINF,9,4.0,4.0,3.0,3.0,0.4444444444444444,0.4444444444444444,0.3333333333333333,0.3333333333333333,PREGRADO
2007,F,ICMEC,8,5.0,5.0,4.0,4.0,0.625,0.625,0.5,0.5,PREGRADO
2007,F,ICMET,10,7.0,7.0,7.0,7.0,0.7,0.7,0.7,0.7,PREGRADO
2007,F,ICMIN,22,20.0,19.0,15.0,12.0,0.9090909090909091,0.8636363636363636,0.6818181818181818,0.5454545454545454,PREGRADO
2007,F,ICOBR,20,18.0,18.0,18.0,18.0,0.9,0.9,0.9,0.9,PREGRADO
2007,F,ICQUIM,18,18.0,17.0,14.0,13.0,1.0,0.9444444444444444,0.7777777777777778,0.7222222222222222,PREGRADO
2007,F,IEAMB,2,1.0,1.0,1.0,1.0,0.5,0.5,0.5,0.5,PREGRADO
2007,F,IECLIM,8,5.0,6.0,5.0,5.0,0.625,0.75,0.625,0.625,PREGRADO
2007,F,IEELEC,9,7.0,6.0,6.0,2.0,0.7777777777777778,0.6666666666666666,0.6666666666666666,0.2222222222222222,PREGRADO
2007,F,IEGEOM,21,13.0,9.0,8.0,7.0,0.6190476190476191,0.42857142857142855,0.38095238095238093,0.3333333333333333,PREGRADO
2007,F,IEIND,42,31.0,32.0,29.0,15.0,0.7380952380952381,0.7619047619047619,0.6904761904761905,0.35714285714285715,PREGRADO
2007,F,IEINF,8,7.0,6.0,6.0,6.0,0.875,0.75,0.75,0.75,PREGRADO
2007,F,IEMEC,8,6.0,4.0,3.0,3.0,0.75,0.5,0.375,0.375,PREGRADO
2007,F,IEMET,13,4.0,4.0,3.0,3.0,0.3076923076923077,0.3076923076923077,0.23076923076923078,0.23076923076923078,PREGRADO
2007,F,IEMIN,23,12.0,13.0,12.0,11.0,0.5217391304347826,0.5652173913043478,0.5217391304347826,0.4782608695652174,PREGRADO
2007,F,IEQUIM,18,14.0,13.0,12.0,11.0,0.7777777777777778,0.7222222222222222,0.6666666666666666,0.6111111111111112,PREGRADO
2007,F,INGAGRO,32,29.0,29.0,28.0,26.0,0.90625,0.90625,0.875,0.8125,PREGRADO
2007,F,INGAL,33,24.0,22.0,21.0,21.0,0.7272727272727273,0.6666666666666666,0.6363636363636364,0.6363636363636364,PREGRADO
2007,F,INGAMB,21,15.0,13.0,13.0,13.0,0.7142857142857143,0.6190476190476191,0.6190476190476191,0.6190476190476191,PREGRADO
2007,F,INGBIO,17,14.0,14.0,14.0,14.0,0.8235294117647058,0.8235294117647058,0.8235294117647058,0.8235294117647058,PREGRADO
2007,F,INGCO,84,72.0,72.0,55.0,54.0,0.8571428571428571,0.8571428571428571,0.6547619047619048,0.6428571428571429,PREGRADO
2007,F,INGEST,17,13.0,13.0,10.0,9.0,0.7647058823529411,0.7647058823529411,0.5882352941176471,0.5294117647058824,PREGRADO
2007,F,INGFI,19,13.0,7.0,7.0,7.0,0.6842105263157895,0.3684210526315789,0.3684210526315789,0.3684210526315789,PREGRADO
2007,F,INGMA,17,10.0,8.0,6.0,5.0,0.5882352941176471,0.47058823529411764,0.35294117647058826,0.29411764705882354,PREGRADO
2007,F,LAT,39,36.0,32.0,30.0,28.0,0.9230769230769231,0.8205128205128205,0.7692307692307693,0.717948717948718,PREGRADO
2007,F,LCC,11,10.0,7.0,7.0,6.0,0.9090909090909091,0.6363636363636364,0.6363636363636364,0.5454545454545454,PREGRADO
2007,F,LEB,21,18.0,16.0,15.0,14.0,0.8571428571428571,0.7619047619047619,0.7142857142857143,0.6666666666666666,PREGRADO
2007,F,LEE,23,20.0,18.0,16.0,16.0,0.8695652173913043,0.782608695652174,0.6956521739130435,0.6956521739130435,PREGRADO
2007,F,LEI,30,25.0,23.0,24.0,2.0,0.8333333333333334,0.7666666666666667,0.8,0.06666666666666667,PREGRADO
2007,F,LEM,7,7.0,5.0,1.0,1.0,1.0,0.7142857142857143,0.14285714285714285,0.14285714285714285,PREGRADO
2007,F,LFM,19,13.0,12.0,3.0,2.0,0.6842105263157895,0.631578947368421,0.15789473684210525,0.10526315789473684,PREGRADO
2007,F,LICAF,25,23.0,22.0,21.0,21.0,0.92,0.88,0.84,0.84,PREGRADO
2007,F,LQC,21,19.0,18.0,17.0,15.0,0.9047619047619048,0.8571428571428571,0.8095238095238095,0.7142857142857143,PREGRADO
2007,F,MAGADE,12,11.0,2.0,2.0,1.0,0.9166666666666666,0.16666666666666666,0.16666666666666666,0.08333333333333333,MAGISTER
2007,F,MAGARH,10,10.0,9.0,9.0,4.0,1.0,0.9,0.9,0.4,MAGISTER
2007,F,MAGCAG,3,,,,1.0,,,,0.3333333333333333,MAGISTER
2007,F,MAGCDI,5,5.0,1.0,,,1.0,0.2,,,MAGISTER
2007,F,MAGEDU,65,55.0,24.0,15.0,8.0,0.8461538461538461,0.36923076923076925,0.23076923076923078,0.12307692307692308,MAGISTER
2007,F,MAGEF,2,1.0,,2.0,2.0,0.5,,1.0,1.0,MAGISTER
2007,F,MAGEI,1,,,,,,,,,MAGISTER
2007,F,MAGEII,2,1.0,1.0,1.0,1.0,0.5,0.5,0.5,0.5,MAGISTER
2007,F,MAGFC,1,1.0,1.0,,,1.0,1.0,,,MAGISTER
2007,F,MAGGP,5,4.0,1.0,,,0.8,0.2,,,MAGISTER
2007,F,MAGGT,5,5.0,5.0,3.0,1.0,1.0,1.0,0.6,0.2,MAGISTER
2007,F,MAGHI,8,7.0,5.0,1.0,3.0,0.875,0.625,0.125,0.375,MAGISTER
2007,F,MAGII,6,6.0,3.0,1.0,,1.0,0.5,0.16666666666666666,,MAGISTER
2007,F,MAGLG,5,4.0,3.0,2.0,1.0,0.8,0.6,0.4,0.2,MAGISTER
2007,F,MAGLI,8,7.0,5.0,2.0,4.0,0.875,0.625,0.25,0.5,MAGISTER
2007,F,MAGMA,43,32.0,10.0,5.0,3.0,0.7441860465116279,0.23255813953488372,0.11627906976744186,0.06976744186046512,MAGISTER
2007,F,MAGPC,6,6.0,1.0,2.0,2.0,1.0,0.16666666666666666,0.3333333333333333,0.3333333333333333,MAGISTER
2007,F,MAGPE,2,,1.0,1.0,,,0.5,0.5,,MAGISTER
2007,F,MAGPGT,6,1.0,,,,0.16666666666666666,,,,MAGISTER
2007,F,MAGPS,6,6.0,2.0,4.0,1.0,1.0,0.3333333333333333,0.6666666666666666,0.16666666666666666,MAGISTER
2007,F,MAGQUI,2,2.0,2.0,1.0,,1.0,1.0,0.5,,MAGISTER
2007,F,MAGTA,2,2.0,,,,1.0,,,,MAGISTER
2007,F,MED,28,28.0,25.0,25.0,22.0,1.0,0.8928571428571429,0.8928571428571429,0.7857142857142857,PREGRADO
2007,F,OBP,37,32.0,30.0,30.0,29.0,0.8648648648648649,0.8108108108108109,0.8108108108108109,0.7837837837837838,PREGRADO
2007,F,PEDCAST,23,21.0,20.0,21.0,21.0,0.9130434782608695,0.8695652173913043,0.9130434782608695,0.9130434782608695,PREGRADO
2007,F,PEDEGB,32,30.0,29.0,29.0,28.0,0.9375,0.90625,0.90625,0.875,PREGRADO
2007,F,PEDFILOS,15,14.0,13.0,12.0,12.0,0.9333333333333333,0.8666666666666667,0.8,0.8,PREGRADO
2007,F,PEDFISMAT,19,15.0,15.0,13.0,13.0,0.7894736842105263,0.7894736842105263,0.6842105263157895,0.6842105263157895,PREGRADO
2007,F,PEDHS,26,24.0,20.0,20.0,20.0,0.9230769230769231,0.7692307692307693,0.7692307692307693,0.7692307692307693,PREGRADO
2007,F,PEDINGLES,34,31.0,31.0,31.0,29.0,0.9117647058823529,0.9117647058823529,0.9117647058823529,0.8529411764705882,PREGRADO
2007,F,PEDMATCOMP,41,32.0,32.0,31.0,30.0,0.7804878048780488,0.7804878048780488,0.7560975609756098,0.7317073170731707,PREGRADO
2007,F,PEDQUIMBIO,25,19.0,19.0,16.0,14.0,0.76,0.76,0.64,0.56,PREGRADO
2007,F,PEP,20,19.0,8.0,4.0,3.0,0.95,0.4,0.2,0.15,PREGRADO
2007,F,PER,43,35.0,32.0,27.0,25.0,0.813953488372093,0.7441860465116279,0.627906976744186,0.5813953488372093,PREGRADO
2007,F,POSAG,16,,,,,,,,,POSTITUTLO
2007,F,POSAM,5,1.0,,,,0.2,,,,POSTITUTLO
2007,F,POSAN,4,4.0,1.0,,,1.0,0.25,,,POSTITUTLO
2007,F,POSAPA,3,2.0,1.0,,,0.6666666666666666,0.3333333333333333,,,POSTITUTLO
2007,F,POSCG,4,4.0,4.0,,,1.0,1.0,,,POSTITUTLO
2007,F,POSEI,31,,,,,,,,,POSTITUTLO
2007,F,POSEMI,7,6.0,5.0,2.0,,0.8571428571428571,0.7142857142857143,0.2857142857142857,,POSTITUTLO
2007,F,POSEPI,10,7.0,3.0,,,0.7,0.3,,,POSTITUTLO
2007,F,POSEPR,8,,,,,,,,,POSTITUTLO
2007,F,POSGEO,9,,,,,,,,,POSTITUTLO
2007,F,POSGER,1,1.0,,,,1.0,,,,POSTITUTLO
2007,F,POSGO,2,2.0,,,,1.0,,,,POSTITUTLO
2007,F,POSIAM,2,,,,,,,,,POSTITUTLO
2007,F,POSIC,2,,,,,,,,,POSTITUTLO
2007,F,POSLTRI,13,,,,,,,,,POSTITUTLO
2007,F,POSMARN,7,,,,,,,,,POSTITUTLO
2007,F,POSNEU,2,2.0,1.0,,,1.0,0.5,,,POSTITUTLO
2007,F,POSPED,1,,,,,,,,,POSTITUTLO
2007,F,POSPP,27,,,,,,,,,POSTITUTLO
2007,F,POSTROR,3,2.0,,,,0.6666666666666666,,,,POSTITUTLO
2007,F,PRE,31,15.0,5.0,1.0,,0.4838709677419355,0.16129032258064516,0.03225806451612903,,PREGRADO
2007,F,PSI,52,46.0,45.0,44.0,44.0,0.8846153846153846,0.8653846153846154,0.8461538461538461,0.8461538461538461,PREGRADO
2007,F,PUB,37,34.0,30.0,29.0,28.0,0.918918918918919,0.8108108108108109,0.7837837837837838,0.7567567567567568,PREGRADO
2007,F,TAI,4,3.0,3.0,2.0,,0.75,0.75,0.5,,PREGRADO
2007,F,TAP,65,56.0,49.0,16.0,5.0,0.8615384615384616,0.7538461538461538,0.24615384615384617,0.07692307692307693,PREGRADO
2007,F,TCI,19,16.0,15.0,10.0,1.0,0.8421052631578947,0.7894736842105263,0.5263157894736842,0.05263157894736842,PREGRADO
2007,F,TCO,10,7.0,6.0,5.0,,0.7,0.6,0.5,,PREGRADO
2007,F,TDI,15,15.0,13.0,9.0,5.0,1.0,0.8666666666666667,0.6,0.3333333333333333,PREGRADO
2007,F,TEA,77,68.0,60.0,35.0,7.0,0.8831168831168831,0.7792207792207793,0.45454545454545453,0.09090909090909091,PREGRADO
2007,F,TEC,29,25.0,23.0,18.0,8.0,0.8620689655172413,0.7931034482758621,0.6206896551724138,0.27586206896551724,PREGRADO
2007,F,TMI,13,11.0,7.0,6.0,2.0,0.8461538461538461,0.5384615384615384,0.46153846153846156,0.15384615384615385,PREGRADO
2007,F,TQF,18,12.0,13.0,5.0,,0.6666666666666666,0.7222222222222222,0.2777777777777778,,PREGRADO
2007,F,TRD,52,44.0,,1.0,,0.8461538461538461,,0.019230769230769232,,PREGRADO
2007,F,TUI,9,7.0,,,,0.7777777777777778,,,,PREGRADO
2007,M,ADMPUB,52,49.0,47.0,44.0,44.0,0.9423076923076923,0.9038461538461539,0.8461538461538461,0.8461538461538461,PREGRADO
2007,M,ARQ,32,31.0,29.0,28.0,28.0,0.96875,0.90625,0.875,0.875,PREGRADO
2007,M,BACHI,49,34.0,14.0,,,0.6938775510204082,0.2857142857142857,,,PREGRADO
2007,M,CCIV,79,67.0,52.0,20.0,4.0,0.8481012658227848,0.6582278481012658,0.25316455696202533,0.05063291139240506,PREGRADO
2007,M,CONTA,90,69.0,61.0,59.0,58.0,0.7666666666666667,0.6777777777777778,0.6555555555555556,0.6444444444444445,PREGRADO
2007,M,DIPAGR,5,,,,,,,,,DIPLOMADO
2007,M,DIPAN,18,,,,,,,,,DIPLOMADO
2007,M,DIPAP,21,,,,,,,,,DIPLOMADO
2007,M,DIPAPR,18,,,,,,,,,DIPLOMADO
2007,M,DIPAR,12,,,,,,,,,DIPLOMADO
2007,M,DIPCD,9,,,,,,,,,DIPLOMADO
2007,M,DIPCSA,12,,,,,,,,,DIPLOMADO
2007,M,DIPDHG,11,,,,,,,,,DIPLOMADO
2007,M,DIPEG,9,,,,,,,,,DIPLOMADO
2007,M,DIPEGCR,44,,,,,,,,,DIPLOMADO
2007,M,DIPEPC,16,,,,,,,,,DIPLOMADO
2007,M,DIPEREG,6,,,,,,,,,DIPLOMADO
2007,M,DIPET,57,,,,,,,,,DIPLOMADO
2007,M,DIPGA,18,,,,,,,,,DIPLOMADO
2007,M,DIPGC,6,,,,,,,,,DIPLOMADO
2007,M,DIPGCA,50,,,,,,,,,DIPLOMADO
2007,M,DIPGCLC,5,,,,,,,,,DIPLOMADO
2007,M,DIPGES,13,,,,,,,,,DIPLOMADO
2007,M,DIPGFIN,7,,,,,,,,,DIPLOMADO
2007,M,DIPGINM,7,,,,,,,,,DIPLOMADO
2007,M,DIPGLDN,2,,,,,,,,,DIPLOMADO
2007,M,DIPGLGC,6,,,,,,,,,DIPLOMADO
2007,M,DIPGLPD,23,2.0,1.0,,,0.08695652173913043,0.043478260869565216,,,DIPLOMADO
2007,M,DIPGS,16,,,,,,,,,DIPLOMADO
2007,M,DIPIEDF,25,4.0,1.0,,,0.16,0.04,,,DIPLOMADO
2007,M,DIPLAS,8,,,,,,,,,DIPLOMADO
2007,M,DIPMG,15,,,,,,,,,DIPLOMADO
2007,M,DIPNICI,71,,,,,,,,,DIPLOMADO
2007,M,DIPPINF,12,,,,,,,,,DIPLOMADO
2007,M,DIPPMM,2,,,,,,,,,DIPLOMADO
2007,M,DIPPN,8,,,,,,,,,DIPLOMADO
2007,M,DIPSD,9,,,,,,,,,DIPLOMADO
2007,M,DIPSGV,25,,,,,,,,,DIPLOMADO
2007,M,DOCBIO,8,6.0,3.0,3.0,3.0,0.75,0.375,0.375,0.375,DOCTORADO
2007,M,DOCCSALIM,2,1.0,1.0,1.0,1.0,0.5,0.5,0.5,0.5,DOCTORADO
2007,M,DOCCSFIS,2,2.0,2.0,2.0,2.0,1.0,1.0,1.0,1.0,DOCTORADO
2007,M,DOCCSING,21,20.0,16.0,14.0,9.0,0.9523809523809523,0.7619047619047619,0.6666666666666666,0.42857142857142855,DOCTORADO
2007,M,DOCCSMAT,1,1.0,1.0,1.0,1.0,1.0,1.0,1.0,1.0,DOCTORADO
2007,M,DOCESTAM,13,13.0,10.0,8.0,7.0,1.0,0.7692307692307693,0.6153846153846154,0.5384615384615384,DOCTORADO
2007,M,DOCMICROBIO,3,3.0,3.0,3.0,3.0,1.0,1.0,1.0,1.0,DOCTORADO
2007,M,DOCQUIM,5,5.0,5.0,5.0,5.0,1.0,1.0,1.0,1.0,DOCTORADO
2007,M,ENF,14,11.0,10.0,10.0,9.0,0.7857142857142857,0.7142857142857143,0.7142857142857143,0.6428571428571429,PREGRADO
2007,M,ICELEC,109,78.0,61.0,59.0,55.0,0.7155963302752294,0.5596330275229358,0.5412844036697247,0.5045871559633027,PREGRADO
2007,M,ICGEOG,31,12.0,11.0,10.0,9.0,0.3870967741935484,0.3548387096774194,0.3225806451612903,0.2903225806451613,PREGRADO
2007,M,ICIND,135,113.0,103.0,91.0,70.0,0.837037037037037,0.762962962962963,0.674074074074074,0.5185185185185185,PREGRADO
2007,M,ICINF,89,66.0,50.0,43.0,32.0,0.7415730337078652,0.5617977528089888,0.48314606741573035,0.3595505617977528,PREGRADO
2007,M,ICMEC,110,87.0,77.0,61.0,53.0,0.7909090909090909,0.7,0.5545454545454546,0.4818181818181818,PREGRADO
2007,M,ICMET,45,28.0,26.0,23.0,20.0,0.6222222222222222,0.5777777777777777,0.5111111111111111,0.4444444444444444,PREGRADO
2007,M,ICMIN,93,76.0,69.0,59.0,56.0,0.8172043010752689,0.7419354838709677,0.6344086021505376,0.6021505376344086,PREGRADO
2007,M,ICOBR,75,64.0,61.0,54.0,51.0,0.8533333333333334,0.8133333333333334,0.72,0.68,PREGRADO
2007,M,ICQUIM,44,37.0,37.0,32.0,32.0,0.8409090909090909,0.8409090909090909,0.7272727272727273,0.7272727272727273,PREGRADO
2007,M,IEAMB,13,10.0,10.0,9.0,5.0,0.7692307692307693,0.7692307692307693,0.6923076923076923,0.38461538461538464,PREGRADO
2007,M,IECLIM,37,27.0,26.0,21.0,19.0,0.7297297297297297,0.7027027027027027,0.5675675675675675,0.5135135135135135,PREGRADO
2007,M,IEELEC,156,125.0,110.0,98.0,74.0,0.8012820512820513,0.7051282051282052,0.6282051282051282,0.47435897435897434,PREGRADO
2007,M,IEGEOM,50,34.0,31.0,23.0,21.0,0.68,0.62,0.46,0.42,PREGRADO
2007,M,IEIND,128,79.0,76.0,66.0,43.0,0.6171875,0.59375,0.515625,0.3359375,PREGRADO
2007,M,IEINF,67,49.0,43.0,40.0,31.0,0.7313432835820896,0.6417910447761194,0.5970149253731343,0.4626865671641791,PREGRADO
2007,M,IEMEC,117,92.0,82.0,75.0,58.0,0.7863247863247863,0.7008547008547008,0.6410256410256411,0.49572649572649574,PREGRADO
2007,M,IEMET,46,28.0,22.0,22.0,21.0,0.6086956521739131,0.4782608695652174,0.4782608695652174,0.45652173913043476,PREGRADO
2007,M,IEMIN,74,49.0,51.0,49.0,46.0,0.6621621621621622,0.6891891891891891,0.6621621621621622,0.6216216216216216,PREGRADO
2007,M,IEQUIM,32,24.0,22.0,19.0,15.0,0.75,0.6875,0.59375,0.46875,PREGRADO
2007,M,INGAGRO,18,15.0,15.0,14.0,14.0,0.8333333333333334,0.8333333333333334,0.7777777777777778,0.7777777777777778,PREGRADO
2007,M,INGAL,8,6.0,5.0,5.0,5.0,0.75,0.625,0.625,0.625,PREGRADO
2007,M,INGAMB,14,5.0,5.0,5.0,5.0,0.35714285714285715,0.35714285714285715,0.35714285714285715,0.35714285714285715,PREGRADO
2007,M,INGBIO,22,22.0,19.0,17.0,17.0,1.0,0.8636363636363636,0.7727272727272727,0.7727272727272727,PREGRADO
2007,M,INGCO,99,92.0,87.0,64.0,54.0,0.9292929292929293,0.8787878787878788,0.6464646464646465,0.5454545454545454,PREGRADO
2007,M,INGEST,18,16.0,13.0,10.0,9.0,0.8888888888888888,0.7222222222222222,0.5555555555555556,0.5,PREGRADO
2007,M,INGFI,37,26.0,21.0,19.0,19.0,0.7027027027027027,0.5675675675675675,0.5135135135135135,0.5135135135135135,PREGRADO
2007,M,INGMA,42,27.0,21.0,12.0,11.0,0.6428571428571429,0.5,0.2857142857142857,0.2619047619047619,PREGRADO
2007,M,LAT,9,7.0,6.0,7.0,6.0,0.7777777777777778,0.6666666666666666,0.7777777777777778,0.6666666666666666,PREGRADO
2007,M,LCC,41,32.0,26.0,23.0,20.0,0.7804878048780488,0.6341463414634146,0.5609756097560976,0.4878048780487805,PREGRADO
2007,M,LEB,19,16.0,14.0,14.0,12.0,0.8421052631578947,0.7368421052631579,0.7368421052631579,0.631578947368421,PREGRADO
2007,M,LEE,14,8.0,7.0,6.0,6.0,0.5714285714285714,0.5,0.42857142857142855,0.42857142857142855,PREGRADO
2007,M,LEI,13,10.0,8.0,8.0,2.0,0.7692307692307693,0.6153846153846154,0.6153846153846154,0.15384615384615385,PREGRADO
2007,M,LEM,14,11.0,9.0,6.0,1.0,0.7857142857142857,0.6428571428571429,0.42857142857142855,0.07142857142857142,PREGRADO
2007,M,LFM,44,33.0,17.0,9.0,7.0,0.75,0.38636363636363635,0.20454545454545456,0.1590909090909091,PREGRADO
2007,M,LICAF,31,29.0,26.0,26.0,26.0,0.9354838709677419,0.8387096774193549,0.8387096774193549,0.8387096774193549,PREGRADO
2007,M,LQC,12,12.0,12.0,12.0,12.0,1.0,1.0,1.0,1.0,PREGRADO
2007,M,MAGADE,32,31.0,8.0,5.0,,0.96875,0.25,0.15625,,MAGISTER
2007,M,MAGARH,10,10.0,7.0,6.0,2.0,1.0,0.7,0.6,0.2,MAGISTER
2007,M,MAGCAG,7,3.0,,1.0,1.0,0.42857142857142855,,0.14285714285714285,0.14285714285714285,MAGISTER
2007,M,MAGCDI,41,32.0,17.0,6.0,2.0,0.7804878048780488,0.4146341463414634,0.14634146341463414,0.04878048780487805,MAGISTER
2007,M,MAGEDU,55,47.0,25.0,9.0,4.0,0.8545454545454545,0.45454545454545453,0.16363636363636364,0.07272727272727272,MAGISTER
2007,M,MAGEF,17,12.0,8.0,7.0,1.0,0.7058823529411765,0.47058823529411764,0.4117647058823529,0.058823529411764705,MAGISTER
2007,M,MAGEI,9,8.0,5.0,2.0,2.0,0.8888888888888888,0.5555555555555556,0.2222222222222222,0.2222222222222222,MAGISTER
2007,M,MAGEII,5,5.0,4.0,3.0,1.0,1.0,0.8,0.6,0.2,MAGISTER
2007,M,MAGFC,4,4.0,1.0,,1.0,1.0,0.25,,0.25,MAGISTER
2007,M,MAGFP,4,3.0,1.0,,,0.75,0.25,,,MAGISTER
2007,M,MAGGP,5,5.0,3.0,3.0,,1.0,0.6,0.6,,MAGISTER
2007,M,MAGGT,4,4.0,3.0,,1.0,1.0,0.75,,0.25,MAGISTER
2007,M,MAGHI,11,6.0,4.0,3.0,,0.5454545454545454,0.36363636363636365,0.2727272727272727,,MAGISTER
2007,M,MAGII,14,14.0,8.0,4.0,1.0,1.0,0.5714285714285714,0.2857142857142857,0.07142857142857142,MAGISTER
2007,M,MAGLG,4,3.0,2.0,1.0,1.0,0.75,0.5,0.25,0.25,MAGISTER
2007,M,MAGLI,2,1.0,1.0,1.0,,0.5,0.5,0.5,,MAGISTER
2007,M,MAGMA,91,67.0,15.0,8.0,3.0,0.7362637362637363,0.16483516483516483,0.08791208791208792,0.03296703296703297,MAGISTER
2007,M,MAGPC,3,3.0,,1.0,,1.0,,0.3333333333333333,,MAGISTER
2007,M,MAGPE,7,,1.0,1.0,,,0.14285714285714285,0.14285714285714285,,MAGISTER
2007,M,MAGPGT,12,3.0,2.0,,,0.25,0.16666666666666666,,,MAGISTER
2007,M,MAGPS,4,3.0,,1.0,,0.75,,0.25,,MAGISTER
2007,M,MAGTA,2,2.0,2.0,,,1.0,1.0,,,MAGISTER
2007,M,MAGTCO,12,9.0,6.0,7.0,3.0,0.75,0.5,0.5833333333333334,0.25,MAGISTER
2007,M,MED,39,37.0,35.0,35.0,35.0,0.9487179487179487,0.8974358974358975,0.8974358974358975,0.8974358974358975,PREGRADO
2007,M,OBP,14,13.0,11.0,11.0,11.0,0.9285714285714286,0.7857142857142857,0.7857142857142857,0.7857142857142857,PREGRADO
2007,M,PEDCAST,12,11.0,6.0,6.0,6.0,0.9166666666666666,0.5,0.5,0.5,PREGRADO
2007,M,PEDEGB,13,12.0,10.0,10.0,10.0,0.9230769230769231,0.7692307692307693,0.7692307692307693,0.7692307692307693,PREGRADO
2007,M,PEDFILOS,20,17.0,10.0,8.0,8.0,0.85,0.5,0.4,0.4,PREGRADO
2007,M,PEDFISMAT,21,20.0,20.0,18.0,17.0,0.9523809523809523,0.9523809523809523,0.8571428571428571,0.8095238095238095,PREGRADO
2007,M,PEDHS,18,17.0,14.0,12.0,12.0,0.9444444444444444,0.7777777777777778,0.6666666666666666,0.6666666666666666,PREGRADO
2007,M,PEDINGLES,8,7.0,7.0,6.0,6.0,0.875,0.875,0.75,0.75,PREGRADO
2007,M,PEDMATCOMP,23,19.0,19.0,15.0,13.0,0.8260869565217391,0.8260869565217391,0.6521739130434783,0.5652173913043478,PREGRADO
2007,M,PEDQUIMBIO,12,9.0,8.0,7.0,7.0,0.75,0.6666666666666666,0.5833333333333334,0.5833333333333334,PREGRADO
2007,M,PEP,11,9.0,5.0,5.0,2.0,0.8181818181818182,0.45454545454545453,0.45454545454545453,0.18181818181818182,PREGRADO
2007,M,PER,29,24.0,20.0,18.0,15.0,0.8275862068965517,0.6896551724137931,0.6206896551724138,0.5172413793103449,PREGRADO
2007,M,POSAG,20,1.0,1.0,,,0.05,0.05,,,POSTITUTLO
2007,M,POSAM,8,,,,,,,,,POSTITUTLO
2007,M,POSAN,4,3.0,3.0,,,0.75,0.75,,,POSTITUTLO
2007,M,POSAPA,1,1.0,1.0,,,1.0,1.0,,,POSTITUTLO
2007,M,POSCG,14,9.0,3.0,,,0.6428571428571429,0.21428571428571427,,,POSTITUTLO
2007,M,POSEI,6,,,,,,,,,POSTITUTLO
2007,M,POSEMI,8,7.0,3.0,,,0.875,0.375,,,POSTITUTLO
2007,M,POSEPI,3,2.0,,,,0.6666666666666666,,,,POSTITUTLO
2007,M,POSEPR,26,,,,,,,,,POSTITUTLO
2007,M,POSGEO,18,,,,,,,,,POSTITUTLO
2007,M,POSGER,1,1.0,,,,1.0,,,,POSTITUTLO
2007,M,POSGO,6,2.0,1.0,,,0.3333333333333333,0.16666666666666666,,,POSTITUTLO
2007,M,POSIAM,7,,,,,,,,,POSTITUTLO
2007,M,POSIC,12,,,,,,,,,POSTITUTLO
2007,M,POSLTRI,20,1.0,1.0,1.0,,0.05,0.05,0.05,,POSTITUTLO
2007,M,POSMARN,5,,,,,,,,,POSTITUTLO
2007,M,POSMF,2,1.0,,,,0.5,,,,POSTITUTLO
2007,M,POSMU,3,3.0,3.0,,,1.0,1.0,,,POSTITUTLO
2007,M,POSNEU,5,4.0,1.0,,,0.8,0.2,,,POSTITUTLO
2007,M,POSPED,1,,,,,,,,,POSTITUTLO
2007,M,POSPP,5,,,,,,,,,POSTITUTLO
2007,M,POSTROR,8,6.0,2.0,,,0.75,0.25,,,POSTITUTLO
2007,M,POSURO,3,3.0,1.0,,,1.0,0.3333333333333333,,,POSTITUTLO
2007,M,PRE,39,19.0,2.0,1.0,,0.48717948717948717,0.05128205128205128,0.02564102564102564,,PREGRADO
2007,M,PSI,19,18.0,17.0,17.0,17.0,0.9473684210526315,0.8947368421052632,0.8947368421052632,0.8947368421052632,PREGRADO
2007,M,PUB,49,42.0,33.0,24.0,24.0,0.8571428571428571,0.673469387755102,0.4897959183673469,0.4897959183673469,PREGRADO
2007,M,TAI,37,32.0,28.0,19.0,2.0,0.8648648648648649,0.7567567567567568,0.5135135135135135,0.05405405405405406,PREGRADO
2007,M,TAP,30,24.0,23.0,9.0,2.0,0.8,0.7666666666666667,0.3,0.06666666666666667,PREGRADO
2007,M,TCI,16,13.0,13.0,3.0,1.0,0.8125,0.8125,0.1875,0.0625,PREGRADO
2007,M,TCO,27,26.0,26.0,19.0,1.0,0.9629629629629629,0.9629629629629629,0.7037037037037037,0.037037037037037035,PREGRADO
2007,M,TDI,21,16.0,14.0,14.0,5.0,0.7619047619047619,0.6666666666666666,0.6666666666666666,0.23809523809523808,PREGRADO
2007,M,TEA,12,10.0,8.0,4.0,,0.8333333333333334,0.6666666666666666,0.3333333333333333,,PREGRADO
2007,M,TEC,59,56.0,54.0,34.0,11.0,0.9491525423728814,0.9152542372881356,0.576271186440678,0.1864406779661017,PREGRADO
2007,M,TMI,32,24.0,22.0,19.0,7.0,0.75,0.6875,0.59375,0.21875,PREGRADO
2007,M,TQF,19,13.0,10.0,6.0,4.0,0.6842105263157895,0.5263157894736842,0.3157894736842105,0.21052631578947367,PREGRADO
2007,M,TRD,63,39.0,2.0,1.0,3.0,0.6190476190476191,0.031746031746031744,0.015873015873015872,0.047619047619047616,PREGRADO
2007,M,TUI,41,34.0,14.0,,4.0,0.8292682926829268,0.34146341463414637,,0.0975609756097561,PREGRADO
2008,F,ADMPUB,64,57.0,52.0,42.0,41.0,0.890625,0.8125,0.65625,0.640625,PREGRADO
2008,F,ARQ,38,33.0,31.0,31.0,31.0,0.868421052631579,0.8157894736842105,0.8157894736842105,0.8157894736842105,PREGRADO
2008,F,BACHI,105,79.0,37.0,11.0,1.0,0.7523809523809524,0.3523809523809524,0.10476190476190476,0.009523809523809525,PREGRADO
2008,F,CCIV,10,7.0,8.0,6.0,4.0,0.7,0.8,0.6,0.4,PREGRADO
2008,F,CONTA,95,83.0,76.0,72.0,69.0,0.8736842105263158,0.8,0.7578947368421053,0.7263157894736842,PREGRADO
2008,F,DIPAN,6,,,,,,,,,DIPLOMADO
2008,F,DIPAP,9,,,,,,,,,DIPLOMADO
2008,F,DIPAPR,22,,,,,,,,,DIPLOMADO
2008,F,DIPAR,13,,,,,,,,,DIPLOMADO
2008,F,DIPCD,7,,,,,,,,,DIPLOMADO
2008,F,DIPCSA,2,,,,,,,,,DIPLOMADO
2008,F,DIPDHG,5,,,,,,,,,DIPLOMADO
2008,F,DIPEG,10,,,,,,,,,DIPLOMADO
2008,F,DIPEPC,10,,,,,,,,,DIPLOMADO
2008,F,DIPET,19,,,,,,,,,DIPLOMADO
2008,F,DIPGA,1,,,,,,,,,DIPLOMADO
2008,F,DIPGCLC,27,,,,,,,,,DIPLOMADO
2008,F,DIPGCSP,4,,,,,,,,,DIPLOMADO
2008,F,DIPGES,24,,,,,,,,,DIPLOMADO
2008,F,DIPGLGC,10,,,,,,,,,DIPLOMADO
2008,F,DIPGLPD,1,,,,,,,,,DIPLOMADO
2008,F,DIPGS,7,,,,,,,,,DIPLOMADO
2008,F,DIPIDT,10,,,,,,,,,DIPLOMADO
2008,F,DIPIEDF,3,,,,,,,,,DIPLOMADO
2008,F,DIPIG,3,,,,,,,,,DIPLOMADO
2008,F,DIPMG,8,,,,,,,,,DIPLOMADO
2008,F,DIPMTCA,27,,6.0,,,,0.2222222222222222,,,DIPLOMADO
2008,F,DIPNICI,30,,,,,,,,,DIPLOMADO
2008,F,DIPPED,13,,,,,,,,,DIPLOMADO
2008,F,DIPPINF,4,,,,,,,,,DIPLOMADO
2008,F,DIPPMM,5,,,,,,,,,DIPLOMADO
2008,F,DIPSD,8,,,,,,,,,DIPLOMADO
2008,F,DOCBIO,2,2.0,2.0,2.0,2.0,1.0,1.0,1.0,1.0,DOCTORADO
2008,F,DOCCSALIM,3,3.0,3.0,2.0,2.0,1.0,1.0,0.6666666666666666,0.6666666666666666,DOCTORADO
2008,F,DOCCSFIS,1,,,,,,,,,DOCTORADO
2008,F,DOCCSING,6,6.0,6.0,5.0,4.0,1.0,1.0,0.8333333333333334,0.6666666666666666,DOCTORADO
2008,F,DOCCSMAT,2,2.0,2.0,2.0,2.0,1.0,1.0,1.0,1.0,DOCTORADO
2008,F,DOCESTAM,12,10.0,10.0,8.0,7.0,0.8333333333333334,0.8333333333333334,0.6666666666666666,0.5833333333333334,DOCTORADO
2008,F,DOCMICROBIO,4,4.0,3.0,3.0,3.0,1.0,0.75,0.75,0.75,DOCTORADO
2008,F,DOCQUIM,7,6.0,5.0,5.0,5.0,0.8571428571428571,0.7142857142857143,0.7142857142857143,0.7142857142857143,DOCTORADO
2008,F,ENF,51,50.0,48.0,48.0,48.0,0.9803921568627451,0.9411764705882353,0.9411764705882353,0.9411764705882353,PREGRADO
2008,F,ICELEC,9,9.0,7.0,7.0,7.0,1.0,0.7777777777777778,0.7777777777777778,0.7777777777777778,PREGRADO
2008,F,ICGEOG,10,6.0,4.0,2.0,2.0,0.6,0.4,0.2,0.2,PREGRADO
2008,F,ICIND,54,49.0,46.0,38.0,34.0,0.9074074074074074,0.8518518518518519,0.7037037037037037,0.6296296296296297,PREGRADO
2008,F,ICINF,9,7.0,6.0,5.0,4.0,0.7777777777777778,0.6666666666666666,0.5555555555555556,0.4444444444444444,PREGRADO
2008,F,ICMEC,11,6.0,4.0,2.0,3.0,0.5454545454545454,0.36363636363636365,0.18181818181818182,0.2727272727272727,PREGRADO
2008,F,ICMET,21,17.0,13.0,12.0,11.0,0.8095238095238095,0.6190476190476191,0.5714285714285714,0.5238095238095238,PREGRADO
2008,F,ICMIN,20,18.0,17.0,17.0,16.0,0.9,0.85,0.85,0.8,PREGRADO
2008,F,ICOBR,21,17.0,13.0,13.0,13.0,0.8095238095238095,0.6190476190476191,0.6190476190476191,0.6190476190476191,PREGRADO
2008,F,ICQUIM,25,22.0,22.0,22.0,22.0,0.88,0.88,0.88,0.88,PREGRADO
2008,F,IEAMB,8,6.0,3.0,4.0,2.0,0.75,0.375,0.5,0.25,PREGRADO
2008,F,IECLIM,7,4.0,4.0,4.0,4.0,0.5714285714285714,0.5714285714285714,0.5714285714285714,0.5714285714285714,PREGRADO
2008,F,IEELEC,8,6.0,5.0,5.0,3.0,0.75,0.625,0.625,0.375,PREGRADO
2008,F,IEGEOM,22,15.0,14.0,12.0,10.0,0.6818181818181818,0.6363636363636364,0.5454545454545454,0.45454545454545453,PREGRADO
2008,F,IEIND,54,44.0,41.0,36.0,26.0,0.8148148148148148,0.7592592592592593,0.6666666666666666,0.48148148148148145,PREGRADO
2008,F,IEINF,8,5.0,3.0,3.0,2.0,0.625,0.375,0.375,0.25,PREGRADO
2008,F,IEMEC,2,1.0,1.0,1.0,,0.5,0.5,0.5,,PREGRADO
2008,F,IEMET,13,11.0,11.0,11.0,10.0,0.8461538461538461,0.8461538461538461,0.8461538461538461,0.7692307692307693,PREGRADO
2008,F,IEMIN,18,17.0,17.0,17.0,16.0,0.9444444444444444,0.9444444444444444,0.9444444444444444,0.8888888888888888,PREGRADO
2008,F,IEQUIM,26,23.0,23.0,21.0,20.0,0.8846153846153846,0.8846153846153846,0.8076923076923077,0.7692307692307693,PREGRADO
2008,F,INGAGRO,31,25.0,25.0,24.0,23.0,0.8064516129032258,0.8064516129032258,0.7741935483870968,0.7419354838709677,PREGRADO
2008,F,INGAL,29,21.0,21.0,21.0,20.0,0.7241379310344828,0.7241379310344828,0.7241379310344828,0.6896551724137931,PREGRADO
2008,F,INGAMB,28,15.0,13.0,12.0,12.0,0.5357142857142857,0.4642857142857143,0.42857142857142855,0.42857142857142855,PREGRADO
2008,F,INGBIO,16,14.0,14.0,14.0,14.0,0.875,0.875,0.875,0.875,PREGRADO
2008,F,INGCO,82,67.0,62.0,54.0,45.0,0.8170731707317073,0.7560975609756098,0.6585365853658537,0.5487804878048781,PREGRADO
2008,F,INGEST,15,14.0,11.0,8.0,8.0,0.9333333333333333,0.7333333333333333,0.5333333333333333,0.5333333333333333,PREGRADO
2008,F,INGFI,11,8.0,7.0,6.0,4.0,0.7272727272727273,0.6363636363636364,0.5454545454545454,0.36363636363636365,PREGRADO
2008,F,INGMA,13,6.0,4.0,3.0,3.0,0.46153846153846156,0.3076923076923077,0.23076923076923078,0.23076923076923078,PREGRADO
2008,F,LAT,33,27.0,26.0,24.0,22.0,0.8181818181818182,0.7878787878787878,0.7272727272727273,0.6666666666666666,PREGRADO
2008,F,LCC,12,7.0,7.0,7.0,7.0,0.5833333333333334,0.5833333333333334,0.5833333333333334,0.5833333333333334,PREGRADO
2008,F,LEB,16,13.0,13.0,12.0,11.0,0.8125,0.8125,0.75,0.6875,PREGRADO
2008,F,LEE,20,15.0,7.0,7.0,7.0,0.75,0.35,0.35,0.35,PREGRADO
2008,F,LEI,34,28.0,26.0,25.0,4.0,0.8235294117647058,0.7647058823529411,0.7352941176470589,0.11764705882352941,PREGRADO
2008,F,LEM,14,12.0,7.0,4.0,1.0,0.8571428571428571,0.5,0.2857142857142857,0.07142857142857142,PREGRADO
2008,F,LFM,9,7.0,3.0,,,0.7777777777777778,0.3333333333333333,,,PREGRADO
2008,F,LICAF,19,17.0,16.0,16.0,15.0,0.8947368421052632,0.8421052631578947,0.8421052631578947,0.7894736842105263,PREGRADO
2008,F,LOG,15,13.0,,,,0.8666666666666667,,,,PREGRADO
2008,F,LQC,13,10.0,7.0,6.0,6.0,0.7692307692307693,0.5384615384615384,0.46153846153846156,0.46153846153846156,PREGRADO
2008,F,MAGADE,17,16.0,4.0,2.0,1.0,0.9411764705882353,0.23529411764705882,0.11764705882352941,0.058823529411764705,MAGISTER
2008,F,MAGARH,8,7.0,4.0,5.0,1.0,0.875,0.5,0.625,0.125,MAGISTER
2008,F,MAGAS,6,6.0,3.0,1.0,1.0,1.0,0.5,0.16666666666666666,0.16666666666666666,MAGISTER
2008,F,MAGCAG,20,,,,,,,,,MAGISTER
2008,F,MAGCDI,3,3.0,3.0,1.0,,1.0,1.0,0.3333333333333333,,MAGISTER
2008,F,MAGCM,1,1.0,1.0,,,1.0,1.0,,,MAGISTER
2008,F,MAGEDU,38,29.0,11.0,5.0,2.0,0.7631578947368421,0.2894736842105263,0.13157894736842105,0.05263157894736842,MAGISTER
2008,F,MAGEF,3,3.0,2.0,1.0,1.0,1.0,0.6666666666666666,0.3333333333333333,0.3333333333333333,MAGISTER
2008,F,MAGEI,6,5.0,2.0,1.0,1.0,0.8333333333333334,0.3333333333333333,0.16666666666666666,0.16666666666666666,MAGISTER
2008,F,MAGEII,6,2.0,2.0,2.0,,0.3333333333333333,0.3333333333333333,0.3333333333333333,,MAGISTER
2008,F,MAGFC,1,1.0,,,,1.0,,,,MAGISTER
2008,F,MAGFP,4,4.0,,1.0,,1.0,,0.25,,MAGISTER
2008,F,MAGGP,5,5.0,4.0,3.0,1.0,1.0,0.8,0.6,0.2,MAGISTER
2008,F,MAGGT,2,1.0,,,,0.5,,,,MAGISTER
2008,F,MAGHI,8,7.0,5.0,,1.0,0.875,0.625,,0.125,MAGISTER
2008,F,MAGII,3,1.0,,,,0.3333333333333333,,,,MAGISTER
2008,F,MAGLG,14,10.0,9.0,6.0,3.0,0.7142857142857143,0.6428571428571429,0.42857142857142855,0.21428571428571427,MAGISTER
2008,F,MAGLI,10,9.0,8.0,5.0,4.0,0.9,0.8,0.5,0.4,MAGISTER
2008,F,MAGMA,15,12.0,3.0,,1.0,0.8,0.2,,0.06666666666666667,MAGISTER
2008,F,MAGPC,4,4.0,2.0,1.0,2.0,1.0,0.5,0.25,0.5,MAGISTER
2008,F,MAGPE,2,1.0,,,,0.5,,,,MAGISTER
2008,F,MAGPED,10,7.0,2.0,1.0,1.0,0.7,0.2,0.1,0.1,MAGISTER
2008,F,MAGPGT,10,3.0,1.0,,,0.3,0.1,,,MAGISTER
2008,F,MAGPS,4,4.0,3.0,2.0,1.0,1.0,0.75,0.5,0.25,MAGISTER
2008,F,MAGQUI,2,2.0,2.0,1.0,1.0,1.0,1.0,0.5,0.5,MAGISTER
2008,F,MAGTA,1,1.0,1.0,1.0,,1.0,1.0,1.0,,MAGISTER
2008,F,MED,22,18.0,17.0,17.0,16.0,0.8181818181818182,0.7727272727272727,0.7727272727272727,0.7272727272727273,PREGRADO
2008,F,OBP,39,37.0,35.0,34.0,34.0,0.9487179487179487,0.8974358974358975,0.8717948717948718,0.8717948717948718,PREGRADO
2008,F,PEDCAST,27,21.0,18.0,18.0,18.0,0.7777777777777778,0.6666666666666666,0.6666666666666666,0.6666666666666666,PREGRADO
2008,F,PEDEGB,27,18.0,18.0,17.0,17.0,0.6666666666666666,0.6666666666666666,0.6296296296296297,0.6296296296296297,PREGRADO
2008,F,PEDFILOS,20,15.0,12.0,12.0,12.0,0.75,0.6,0.6,0.6,PREGRADO
2008,F,PEDFISMAT,15,9.0,9.0,9.0,9.0,0.6,0.6,0.6,0.6,PREGRADO
2008,F,PEDHS,26,24.0,22.0,21.0,20.0,0.9230769230769231,0.8461538461538461,0.8076923076923077,0.7692307692307693,PREGRADO
2008,F,PEDINGLES,27,22.0,20.0,19.0,19.0,0.8148148148148148,0.7407407407407407,0.7037037037037037,0.7037037037037037,PREGRADO
2008,F,PEDMATCOMP,29,23.0,23.0,21.0,18.0,0.7931034482758621,0.7931034482758621,0.7241379310344828,0.6206896551724138,PREGRADO
2008,F,PEDQUIMBIO,21,18.0,14.0,13.0,13.0,0.8571428571428571,0.6666666666666666,0.6190476190476191,0.6190476190476191,PREGRADO
2008,F,PEP,18,16.0,9.0,4.0,3.0,0.8888888888888888,0.5,0.2222222222222222,0.16666666666666666,PREGRADO
2008,F,PER,34,31.0,31.0,30.0,29.0,0.9117647058823529,0.9117647058823529,0.8823529411764706,0.8529411764705882,PREGRADO
2008,F,POSAG,6,,,,,,,,,POSTITUTLO
2008,F,POSAM,5,,,,,,,,,POSTITUTLO
2008,F,POSAN,1,,,,,,,,,POSTITUTLO
2008,F,POSCG,3,3.0,2.0,,,1.0,0.6666666666666666,,,POSTITUTLO
2008,F,POSCI,11,,,,,,,,,POSTITUTLO
2008,F,POSEI,33,,,,,,,,,POSTITUTLO
2008,F,POSEMI,3,3.0,3.0,,,1.0,1.0,,,POSTITUTLO
2008,F,POSEMP,30,,,,,,,,,POSTITUTLO
2008,F,POSEPI,3,3.0,3.0,,,1.0,1.0,,,POSTITUTLO
2008,F,POSEPR,5,,,,,,,,,POSTITUTLO
2008,F,POSET,3,,,,,,,,,POSTITUTLO
2008,F,POSGEO,7,,,,,,,,,POSTITUTLO
2008,F,POSGO,1,1.0,1.0,1.0,1.0,1.0,1.0,1.0,1.0,POSTITUTLO
2008,F,POSIA,1,,,,,,,,,POSTITUTLO
2008,F,POSIAM,1,,,,,,,,,POSTITUTLO
2008,F,POSIC,5,,,,,,,,,POSTITUTLO
2008,F,POSLTRI,6,,,,,,,,,POSTITUTLO
2008,F,POSPP,31,,,,,,,,,POSTITUTLO
2008,F,POSTROR,1,,,,,,,,,POSTITUTLO
2008,F,POSURO,1,1.0,1.0,,,1.0,1.0,,,POSTITUTLO
2008,F,PRE,35,13.0,,1.0,1.0,0.37142857142857144,,0.02857142857142857,0.02857142857142857,PREGRADO
2008,F,PSI,50,46.0,44.0,45.0,45.0,0.92,0.88,0.9,0.9,PREGRADO
2008,F,PUB,35,33.0,29.0,29.0,28.0,0.9428571428571428,0.8285714285714286,0.8285714285714286,0.8,PREGRADO
2008,F,TAI,12,9.0,5.0,4.0,3.0,0.75,0.4166666666666667,0.3333333333333333,0.25,PREGRADO
2008,F,TAP,76,54.0,45.0,16.0,8.0,0.7105263157894737,0.5921052631578947,0.21052631578947367,0.10526315789473684,PREGRADO
2008,F,TCI,16,13.0,12.0,11.0,3.0,0.8125,0.75,0.6875,0.1875,PREGRADO
2008,F,TCO,14,10.0,9.0,7.0,1.0,0.7142857142857143,0.6428571428571429,0.5,0.07142857142857142,PREGRADO
2008,F,TDI,25,21.0,19.0,18.0,1.0,0.84,0.76,0.72,0.04,PREGRADO
2008,F,TEA,64,50.0,43.0,28.0,11.0,0.78125,0.671875,0.4375,0.171875,PREGRADO
2008,F,TEC,22,20.0,17.0,10.0,1.0,0.9090909090909091,0.7727272727272727,0.45454545454545453,0.045454545454545456,PREGRADO
2008,F,TMI,10,9.0,8.0,7.0,2.0,0.9,0.8,0.7,0.2,PREGRADO
2008,F,TQF,20,18.0,15.0,7.0,1.0,0.9,0.75,0.35,0.05,PREGRADO
2008,F,TRD,53,45.0,1.0,,2.0,0.8490566037735849,0.018867924528301886,,0.03773584905660377,PREGRADO
2008,F,TUI,6,3.0,1.0,,,0.5,0.16666666666666666,,,PREGRADO
2008,M,ADMPUB,50,42.0,39.0,36.0,34.0,0.84,0.78,0.72,0.68,PREGRADO
2008,M,ARQ,22,18.0,18.0,17.0,15.0,0.8181818181818182,0.8181818181818182,0.7727272727272727,0.6818181818181818,PREGRADO
2008,M,BACHI,86,68.0,28.0,6.0,2.0,0.7906976744186046,0.32558139534883723,0.06976744186046512,0.023255813953488372,PREGRADO
2008,M,CCIV,70,50.0,48.0,36.0,25.0,0.7142857142857143,0.6857142857142857,0.5142857142857142,0.35714285714285715,PREGRADO
2008,M,CONTA,65,57.0,54.0,53.0,50.0,0.8769230769230769,0.8307692307692308,0.8153846153846154,0.7692307692307693,PREGRADO
2008,M,DIPAN,8,,,,,,,,,DIPLOMADO
2008,M,DIPAP,18,1.0,,,,0.05555555555555555,,,,DIPLOMADO
2008,M,DIPAPR,15,,,,,,,,,DIPLOMADO
2008,M,DIPAR,16,1.0,,,,0.0625,,,,DIPLOMADO
2008,M,DIPCD,8,1.0,,,,0.125,,,,DIPLOMADO
2008,M,DIPCSA,8,,,,,,,,,DIPLOMADO
2008,M,DIPDHG,4,,,,,,,,,DIPLOMADO
2008,M,DIPEG,12,,,,,,,,,DIPLOMADO
2008,M,DIPEPC,10,,,,,,,,,DIPLOMADO
2008,M,DIPET,19,,,,,,,,,DIPLOMADO
2008,M,DIPGA,20,2.0,,,,0.1,,,,DIPLOMADO
2008,M,DIPGCLC,17,,,,,,,,,DIPLOMADO
2008,M,DIPGCSP,3,,,,,,,,,DIPLOMADO
2008,M,DIPGES,16,,,,,,,,,DIPLOMADO
2008,M,DIPGLGC,7,,,,,,,,,DIPLOMADO
2008,M,DIPGLPD,14,2.0,1.0,,,0.14285714285714285,0.07142857142857142,,,DIPLOMADO
2008,M,DIPGS,12,,,,,,,,,DIPLOMADO
2008,M,DIPIDT,8,,,,,,,,,DIPLOMADO
2008,M,DIPIEDF,24,,1.0,,,,0.041666666666666664,,,DIPLOMADO
2008,M,DIPIG,7,,,,,,,,,DIPLOMADO
2008,M,DIPMG,8,,,,,,,,,DIPLOMADO
2008,M,DIPMTCA,18,,5.0,,1.0,,0.2777777777777778,,0.05555555555555555,DIPLOMADO
2008,M,DIPNICI,70,,,,,,,,,DIPLOMADO
2008,M,DIPPED,8,,,,,,,,,DIPLOMADO
2008,M,DIPPINF,6,,,,,,,,,DIPLOMADO
2008,M,DIPPMM,10,,,,,,,,,DIPLOMADO
2008,M,DIPSD,9,,,,,,,,,DIPLOMADO
2008,M,DIPTMET,16,,,,,,,,,DIPLOMADO
2008,M,DOCBIO,5,3.0,3.0,3.0,4.0,0.6,0.6,0.6,0.8,DOCTORADO
2008,M,DOCCSALIM,2,2.0,1.0,1.0,1.0,1.0,0.5,0.5,0.5,DOCTORADO
2008,M,DOCCSFIS,6,6.0,6.0,6.0,6.0,1.0,1.0,1.0,1.0,DOCTORADO
2008,M,DOCCSING,13,10.0,10.0,8.0,5.0,0.7692307692307693,0.7692307692307693,0.6153846153846154,0.38461538461538464,DOCTORADO
2008,M,DOCCSMAT,5,5.0,5.0,4.0,3.0,1.0,1.0,0.8,0.6,DOCTORADO
2008,M,DOCESTAM,11,10.0,9.0,7.0,5.0,0.9090909090909091,0.8181818181818182,0.6363636363636364,0.45454545454545453,DOCTORADO
2008,M,DOCMICROBIO,3,3.0,3.0,3.0,2.0,1.0,1.0,1.0,0.6666666666666666,DOCTORADO
2008,M,DOCQUIM,4,4.0,4.0,4.0,4.0,1.0,1.0,1.0,1.0,DOCTORADO
2008,M,ENF,15,15.0,15.0,14.0,14.0,1.0,1.0,0.9333333333333333,0.9333333333333333,PREGRADO
2008,M,ICELEC,124,104.0,88.0,85.0,84.0,0.8387096774193549,0.7096774193548387,0.6854838709677419,0.6774193548387096,PREGRADO
2008,M,ICGEOG,23,10.0,9.0,8.0,8.0,0.43478260869565216,0.391304347826087,0.34782608695652173,0.34782608695652173,PREGRADO
2008,M,ICIND,184,152.0,135.0,114.0,104.0,0.8260869565217391,0.7336956521739131,0.6195652173913043,0.5652173913043478,PREGRADO
2008,M,ICINF,99,72.0,64.0,56.0,49.0,0.7272727272727273,0.6464646464646465,0.5656565656565656,0.494949494949495,PREGRADO
2008,M,ICMEC,127,93.0,79.0,65.0,54.0,0.7322834645669292,0.6220472440944882,0.5118110236220472,0.4251968503937008,PREGRADO
2008,M,ICMET,57,51.0,48.0,43.0,39.0,0.8947368421052632,0.8421052631578947,0.7543859649122807,0.6842105263157895,PREGRADO
2008,M,ICMIN,123,97.0,80.0,71.0,68.0,0.7886178861788617,0.6504065040650406,0.5772357723577236,0.5528455284552846,PREGRADO
2008,M,ICOBR,83,68.0,56.0,52.0,51.0,0.8192771084337349,0.6746987951807228,0.6265060240963856,0.6144578313253012,PREGRADO
2008,M,ICQUIM,45,34.0,30.0,26.0,26.0,0.7555555555555555,0.6666666666666666,0.5777777777777777,0.5777777777777777,PREGRADO
2008,M,IEAMB,10,4.0,3.0,3.0,2.0,0.4,0.3,0.3,0.2,PREGRADO
2008,M,IECLIM,45,28.0,28.0,26.0,23.0,0.6222222222222222,0.6222222222222222,0.5777777777777777,0.5111111111111111,PREGRADO
2008,M,IEELEC,157,113.0,99.0,92.0,74.0,0.7197452229299363,0.6305732484076433,0.5859872611464968,0.4713375796178344,PREGRADO
2008,M,IEGEOM,61,34.0,34.0,33.0,26.0,0.5573770491803278,0.5573770491803278,0.5409836065573771,0.4262295081967213,PREGRADO
2008,M,IEIND,154,114.0,100.0,88.0,42.0,0.7402597402597403,0.6493506493506493,0.5714285714285714,0.2727272727272727,PREGRADO
2008,M,IEINF,89,65.0,61.0,49.0,30.0,0.7303370786516854,0.6853932584269663,0.550561797752809,0.33707865168539325,PREGRADO
2008,M,IEMEC,118,83.0,72.0,62.0,55.0,0.7033898305084746,0.6101694915254238,0.5254237288135594,0.4661016949152542,PREGRADO
2008,M,IEMET,46,33.0,30.0,28.0,26.0,0.717391304347826,0.6521739130434783,0.6086956521739131,0.5652173913043478,PREGRADO
2008,M,IEMIN,63,54.0,48.0,42.0,39.0,0.8571428571428571,0.7619047619047619,0.6666666666666666,0.6190476190476191,PREGRADO
2008,M,IEQUIM,47,37.0,35.0,31.0,27.0,0.7872340425531915,0.7446808510638298,0.6595744680851063,0.574468085106383,PREGRADO
2008,M,INGAGRO,21,12.0,12.0,12.0,12.0,0.5714285714285714,0.5714285714285714,0.5714285714285714,0.5714285714285714,PREGRADO
2008,M,INGAL,15,10.0,10.0,9.0,8.0,0.6666666666666666,0.6666666666666666,0.6,0.5333333333333333,PREGRADO
2008,M,INGAMB,18,11.0,9.0,9.0,9.0,0.6111111111111112,0.5,0.5,0.5,PREGRADO
2008,M,INGBIO,33,28.0,28.0,27.0,24.0,0.8484848484848485,0.8484848484848485,0.8181818181818182,0.7272727272727273,PREGRADO
2008,M,INGCO,118,103.0,96.0,64.0,50.0,0.8728813559322034,0.8135593220338984,0.5423728813559322,0.423728813559322,PREGRADO
2008,M,INGEST,22,15.0,14.0,14.0,14.0,0.6818181818181818,0.6363636363636364,0.6363636363636364,0.6363636363636364,PREGRADO
2008,M,INGFI,43,24.0,21.0,22.0,18.0,0.5581395348837209,0.4883720930232558,0.5116279069767442,0.4186046511627907,PREGRADO
2008,M,INGMA,31,24.0,22.0,18.0,16.0,0.7741935483870968,0.7096774193548387,0.5806451612903226,0.5161290322580645,PREGRADO
2008,M,LAT,13,12.0,10.0,9.0,9.0,0.9230769230769231,0.7692307692307693,0.6923076923076923,0.6923076923076923,PREGRADO
2008,M,LCC,38,29.0,25.0,24.0,22.0,0.7631578947368421,0.6578947368421053,0.631578947368421,0.5789473684210527,PREGRADO
2008,M,LEB,20,18.0,18.0,16.0,12.0,0.9,0.9,0.8,0.6,PREGRADO
2008,M,LEE,22,21.0,14.0,12.0,12.0,0.9545454545454546,0.6363636363636364,0.5454545454545454,0.5454545454545454,PREGRADO
2008,M,LEI,10,8.0,7.0,6.0,2.0,0.8,0.7,0.6,0.2,PREGRADO
2008,M,LEM,16,12.0,8.0,4.0,2.0,0.75,0.5,0.25,0.125,PREGRADO
2008,M,LFM,21,18.0,11.0,10.0,7.0,0.8571428571428571,0.5238095238095238,0.47619047619047616,0.3333333333333333,PREGRADO
2008,M,LICAF,33,33.0,32.0,31.0,31.0,1.0,0.9696969696969697,0.9393939393939394,0.9393939393939394,PREGRADO
2008,M,LOG,15,10.0,,,,0.6666666666666666,,,,PREGRADO
2008,M,LQC,19,13.0,11.0,12.0,9.0,0.6842105263157895,0.5789473684210527,0.631578947368421,0.47368421052631576,PREGRADO
2008,M,MAGADE,33,31.0,10.0,4.0,2.0,0.9393939393939394,0.30303030303030304,0.12121212121212122,0.06060606060606061,MAGISTER
2008,M,MAGARH,10,9.0,8.0,6.0,3.0,0.9,0.8,0.6,0.3,MAGISTER
2008,M,MAGAS,3,1.0,1.0,,,0.3333333333333333,0.3333333333333333,,,MAGISTER
2008,M,MAGCAG,37,9.0,,1.0,4.0,0.24324324324324326,,0.02702702702702703,0.10810810810810811,MAGISTER
2008,M,MAGCDI,22,20.0,14.0,6.0,2.0,0.9090909090909091,0.6363636363636364,0.2727272727272727,0.09090909090909091,MAGISTER
2008,M,MAGCM,2,2.0,1.0,1.0,1.0,1.0,0.5,0.5,0.5,MAGISTER
2008,M,MAGEDU,35,27.0,11.0,1.0,3.0,0.7714285714285715,0.3142857142857143,0.02857142857142857,0.08571428571428572,MAGISTER
2008,M,MAGEF,12,10.0,4.0,2.0,1.0,0.8333333333333334,0.3333333333333333,0.16666666666666666,0.08333333333333333,MAGISTER
2008,M,MAGEI,5,3.0,,1.0,,0.6,,0.2,,MAGISTER
2008,M,MAGEII,29,22.0,11.0,12.0,,0.7586206896551724,0.3793103448275862,0.41379310344827586,,MAGISTER
2008,M,MAGFC,8,8.0,6.0,3.0,1.0,1.0,0.75,0.375,0.125,MAGISTER
2008,M,MAGFP,9,7.0,7.0,3.0,2.0,0.7777777777777778,0.7777777777777778,0.3333333333333333,0.2222222222222222,MAGISTER
2008,M,MAGGP,5,5.0,3.0,2.0,2.0,1.0,0.6,0.4,0.4,MAGISTER
2008,M,MAGGT,5,5.0,1.0,,,1.0,0.2,,,MAGISTER
2008,M,MAGHI,20,18.0,14.0,2.0,4.0,0.9,0.7,0.1,0.2,MAGISTER
2008,M,MAGII,19,16.0,7.0,4.0,2.0,0.8421052631578947,0.3684210526315789,0.21052631578947367,0.10526315789473684,MAGISTER
2008,M,MAGLG,12,10.0,5.0,4.0,1.0,0.8333333333333334,0.4166666666666667,0.3333333333333333,0.08333333333333333,MAGISTER
2008,M,MAGLI,8,5.0,5.0,4.0,2.0,0.625,0.625,0.5,0.25,MAGISTER
2008,M,MAGMA,41,33.0,11.0,2.0,2.0,0.8048780487804879,0.2682926829268293,0.04878048780487805,0.04878048780487805,MAGISTER
2008,M,MAGPC,4,3.0,1.0,2.0,,0.75,0.25,0.5,,MAGISTER
2008,M,MAGPE,6,2.0,,1.0,,0.3333333333333333,,0.16666666666666666,,MAGISTER
2008,M,MAGPED,2,,,,,,,,,MAGISTER
2008,M,MAGPGT,20,8.0,2.0,1.0,,0.4,0.1,0.05,,MAGISTER
2008,M,MAGPS,6,5.0,1.0,,1.0,0.8333333333333334,0.16666666666666666,,0.16666666666666666,MAGISTER
2008,M,MAGQUI,2,1.0,,,,0.5,,,,MAGISTER
2008,M,MAGTCO,3,3.0,2.0,,,1.0,0.6666666666666666,,,MAGISTER
2008,M,MED,51,45.0,46.0,45.0,45.0,0.8823529411764706,0.9019607843137255,0.8823529411764706,0.8823529411764706,PREGRADO
2008,M,OBP,12,10.0,10.0,10.0,10.0,0.8333333333333334,0.8333333333333334,0.8333333333333334,0.8333333333333334,PREGRADO
2008,M,PEDCAST,13,12.0,12.0,11.0,11.0,0.9230769230769231,0.9230769230769231,0.8461538461538461,0.8461538461538461,PREGRADO
2008,M,PEDEGB,10,9.0,7.0,7.0,7.0,0.9,0.7,0.7,0.7,PREGRADO
2008,M,PEDFILOS,17,15.0,8.0,7.0,6.0,0.8823529411764706,0.47058823529411764,0.4117647058823529,0.35294117647058826,PREGRADO
2008,M,PEDFISMAT,18,11.0,11.0,9.0,9.0,0.6111111111111112,0.6111111111111112,0.5,0.5,PREGRADO
2008,M,PEDHS,18,16.0,15.0,14.0,14.0,0.8888888888888888,0.8333333333333334,0.7777777777777778,0.7777777777777778,PREGRADO
2008,M,PEDINGLES,16,14.0,12.0,12.0,13.0,0.875,0.75,0.75,0.8125,PREGRADO
2008,M,PEDMATCOMP,30,24.0,18.0,15.0,12.0,0.8,0.6,0.5,0.4,PREGRADO
2008,M,PEDQUIMBIO,14,9.0,7.0,7.0,7.0,0.6428571428571429,0.5,0.5,0.5,PREGRADO
2008,M,PEP,16,11.0,6.0,5.0,4.0,0.6875,0.375,0.3125,0.25,PREGRADO
2008,M,PER,23,19.0,17.0,13.0,12.0,0.8260869565217391,0.7391304347826086,0.5652173913043478,0.5217391304347826,PREGRADO
2008,M,POSAG,18,,,,1.0,,,,0.05555555555555555,POSTITUTLO
2008,M,POSAM,6,,,,,,,,,POSTITUTLO
2008,M,POSAN,1,1.0,1.0,,,1.0,1.0,,,POSTITUTLO
2008,M,POSCG,5,4.0,4.0,,,0.8,0.8,,,POSTITUTLO
2008,M,POSCI,16,,,,,,,,,POSTITUTLO
2008,M,POSEI,2,,,,,,,,,POSTITUTLO
2008,M,POSEMI,2,2.0,2.0,,,1.0,1.0,,,POSTITUTLO
2008,M,POSEMP,10,,,,,,,,,POSTITUTLO
2008,M,POSEPI,1,1.0,1.0,,,1.0,1.0,,,POSTITUTLO
2008,M,POSEPR,22,,,,,,,,,POSTITUTLO
2008,M,POSET,9,1.0,1.0,,,0.1111111111111111,0.1111111111111111,,,POSTITUTLO
2008,M,POSGEO,15,,,,,,,,,POSTITUTLO
2008,M,POSGO,3,2.0,2.0,,,0.6666666666666666,0.6666666666666666,,,POSTITUTLO
2008,M,POSIAM,7,,,,,,,,,POSTITUTLO
2008,M,POSIC,13,,,,,,,,,POSTITUTLO
2008,M,POSLTRI,17,1.0,,,,0.058823529411764705,,,,POSTITUTLO
2008,M,POSMU,1,1.0,1.0,,,1.0,1.0,,,POSTITUTLO
2008,M,POSPP,7,,1.0,,,,0.14285714285714285,,,POSTITUTLO
2008,M,POSTROR,5,4.0,4.0,,,0.8,0.8,,,POSTITUTLO
2008,M,POSURO,1,1.0,1.0,,,1.0,1.0,,,POSTITUTLO
2008,M,PRE,46,22.0,1.0,2.0,2.0,0.4782608695652174,0.021739130434782608,0.043478260869565216,0.043478260869565216,PREGRADO
2008,M,PSI,19,15.0,12.0,11.0,12.0,0.7894736842105263,0.631578947368421,0.5789473684210527,0.631578947368421,PREGRADO
2008,M,PUB,38,29.0,23.0,21.0,21.0,0.7631578947368421,0.6052631578947368,0.5526315789473685,0.5526315789473685,PREGRADO
2008,M,TAI,33,30.0,28.0,17.0,5.0,0.9090909090909091,0.8484848484848485,0.5151515151515151,0.15151515151515152,PREGRADO
2008,M,TAP,30,23.0,20.0,10.0,6.0,0.7666666666666667,0.6666666666666666,0.3333333333333333,0.2,PREGRADO
2008,M,TCI,40,30.0,25.0,13.0,2.0,0.75,0.625,0.325,0.05,PREGRADO
2008,M,TCO,37,33.0,30.0,14.0,2.0,0.8918918918918919,0.8108108108108109,0.3783783783783784,0.05405405405405406,PREGRADO
2008,M,TDI,19,15.0,13.0,8.0,1.0,0.7894736842105263,0.6842105263157895,0.42105263157894735,0.05263157894736842,PREGRADO
2008,M,TEA,19,16.0,13.0,10.0,2.0,0.8421052631578947,0.6842105263157895,0.5263157894736842,0.10526315789473684,PREGRADO
2008,M,TEC,69,53.0,49.0,34.0,11.0,0.7681159420289855,0.7101449275362319,0.4927536231884058,0.15942028985507245,PREGRADO
2008,M,TMI,35,29.0,26.0,21.0,5.0,0.8285714285714286,0.7428571428571429,0.6,0.14285714285714285,PREGRADO
2008,M,TQF,16,15.0,13.0,7.0,,0.9375,0.8125,0.4375,,PREGRADO
2008,M,TRD,73,45.0,2.0,3.0,,0.6164383561643836,0.0273972602739726,0.0410958904109589,,PREGRADO
2008,M,TUI,50,37.0,10.0,,3.0,0.74,0.2,,0.06,PREGRADO
2008,M,TUMC,40,38.0,,,,0.95,,,,PREGRADO
2009,F,ADMPUB,51,50.0,49.0,46.0,46.0,0.9803921568627451,0.9607843137254902,0.9019607843137255,0.9019607843137255,PREGRADO
2009,F,ARQ,41,38.0,35.0,35.0,33.0,0.926829268292683,0.8536585365853658,0.8536585365853658,0.8048780487804879,PREGRADO
2009,F,BACHI,123,95.0,32.0,9.0,1.0,0.7723577235772358,0.2601626016260163,0.07317073170731707,0.008130081300813009,PREGRADO
2009,F,CCIV,13,11.0,10.0,5.0,3.0,0.8461538461538461,0.7692307692307693,0.38461538461538464,0.23076923076923078,PREGRADO
2009,F,CONTA,71,64.0,60.0,57.0,55.0,0.9014084507042254,0.8450704225352113,0.8028169014084507,0.7746478873239436,PREGRADO
2009,F,DIPADC,15,,,,,,,,,DIPLOMADO
2009,F,DIPAGR,8,,,,,,,,,DIPLOMADO
2009,F,DIPAP,11,,,,,,,,,DIPLOMADO
2009,F,DIPAPR,13,,,,,,,,,DIPLOMADO
2009,F,DIPAR,10,,,,,,,,,DIPLOMADO
2009,F,DIPCD,2,,,,,,,,,DIPLOMADO
2009,F,DIPCI,4,,,,,,,,,DIPLOMADO
2009,F,DIPCSA,3,,,,,,,,,DIPLOMADO
2009,F,DIPDU,18,,,,,,,,,DIPLOMADO
2009,F,DIPEG,10,,,,,,,,,DIPLOMADO
2009,F,DIPEGC,13,,,,,,,,,DIPLOMADO
2009,F,DIPET,14,,,,,,,,,DIPLOMADO
2009,F,DIPGA,2,,,,,,,,,DIPLOMADO
2009,F,DIPGCLC,7,,,,,,,,,DIPLOMADO
2009,F,DIPGCSP,9,,,,,,,,,DIPLOMADO
2009,F,DIPGES,30,,,,,,,,,DIPLOMADO
2009,F,DIPGFIN,9,,,,,,,,,DIPLOMADO
2009,F,DIPGLGM,9,,,,,,,,,DIPLOMADO
2009,F,DIPGLPD,2,,,,,,,,,DIPLOMADO
2009,F,DIPGS,9,,,,,,,,,DIPLOMADO
2009,F,DIPIDT,6,,,,,,,,,DIPLOMADO
2009,F,DIPIEDF,7,,,,,,,,,DIPLOMADO
2009,F,DIPMAL,1,,,,,,,,,DIPLOMADO
2009,F,DIPMCOM,1,,,,,,,,,DIPLOMADO
2009,F,DIPMCS,8,,,,,,,,,DIPLOMADO
2009,F,DIPMD,2,,,,,,,,,DIPLOMADO
2009,F,DIPMG,3,,,,,,,,,DIPLOMADO
2009,F,DIPMTCA,28,18.0,2.0,,,0.6428571428571429,0.07142857142857142,,,DIPLOMADO
2009,F,DIPNICI,42,,,,,,,,,DIPLOMADO
2009,F,DIPPED,4,,,,,,,,,DIPLOMADO
2009,F,DIPPINF,3,,,,,,,,,DIPLOMADO
2009,F,DIPPM,3,,,,,,,,,DIPLOMADO
2009,F,DIPSD,1,,,,,,,,,DIPLOMADO
2009,F,DIPSGI,5,,,,,,,,,DIPLOMADO
2009,F,DOCBIO,3,1.0,1.0,1.0,,0.3333333333333333,0.3333333333333333,0.3333333333333333,,DOCTORADO
2009,F,DOCCSALIM,1,1.0,1.0,1.0,1.0,1.0,1.0,1.0,1.0,DOCTORADO
2009,F,DOCCSING,2,2.0,2.0,2.0,1.0,1.0,1.0,1.0,0.5,DOCTORADO
2009,F,DOCCSMAT,2,1.0,,,,0.5,,,,DOCTORADO
2009,F,DOCESTAM,11,11.0,10.0,10.0,10.0,1.0,0.9090909090909091,0.9090909090909091,0.9090909090909091,DOCTORADO
2009,F,DOCMICROBIO,2,2.0,2.0,2.0,2.0,1.0,1.0,1.0,1.0,DOCTORADO
2009,F,DOCQUIM,6,5.0,4.0,4.0,4.0,0.8333333333333334,0.6666666666666666,0.6666666666666666,0.6666666666666666,DOCTORADO
2009,F,ENF,46,46.0,45.0,44.0,44.0,1.0,0.9782608695652174,0.9565217391304348,0.9565217391304348,PREGRADO
2009,F,ICELEC,8,6.0,6.0,6.0,6.0,0.75,0.75,0.75,0.75,PREGRADO
2009,F,ICGEOG,7,4.0,4.0,4.0,4.0,0.5714285714285714,0.5714285714285714,0.5714285714285714,0.5714285714285714,PREGRADO
2009,F,ICIND,63,54.0,49.0,46.0,41.0,0.8571428571428571,0.7777777777777778,0.7301587301587301,0.6507936507936508,PREGRADO
2009,F,ICINF,18,14.0,9.0,8.0,7.0,0.7777777777777778,0.5,0.4444444444444444,0.3888888888888889,PREGRADO
2009,F,ICMEC,6,4.0,3.0,2.0,2.0,0.6666666666666666,0.5,0.3333333333333333,0.3333333333333333,PREGRADO
2009,F,ICMET,9,8.0,6.0,5.0,5.0,0.8888888888888888,0.6666666666666666,0.5555555555555556,0.5555555555555556,PREGRADO
2009,F,ICMIN,17,15.0,15.0,15.0,16.0,0.8823529411764706,0.8823529411764706,0.8823529411764706,0.9411764705882353,PREGRADO
2009,F,ICOBR,17,14.0,14.0,14.0,14.0,0.8235294117647058,0.8235294117647058,0.8235294117647058,0.8235294117647058,PREGRADO
2009,F,ICQUIM,23,19.0,18.0,15.0,13.0,0.8260869565217391,0.782608695652174,0.6521739130434783,0.5652173913043478,PREGRADO
2009,F,IEAMB,9,7.0,7.0,5.0,,0.7777777777777778,0.7777777777777778,0.5555555555555556,,PREGRADO
2009,F,IECLIM,13,10.0,8.0,8.0,8.0,0.7692307692307693,0.6153846153846154,0.6153846153846154,0.6153846153846154,PREGRADO
2009,F,IEELEC,16,11.0,9.0,8.0,5.0,0.6875,0.5625,0.5,0.3125,PREGRADO
2009,F,IEGEOM,21,14.0,13.0,13.0,13.0,0.6666666666666666,0.6190476190476191,0.6190476190476191,0.6190476190476191,PREGRADO
2009,F,IEIND,60,48.0,43.0,42.0,26.0,0.8,0.7166666666666667,0.7,0.43333333333333335,PREGRADO
2009,F,IEINF,27,21.0,10.0,11.0,8.0,0.7777777777777778,0.37037037037037035,0.4074074074074074,0.2962962962962963,PREGRADO
2009,F,IEMEC,12,9.0,5.0,5.0,5.0,0.75,0.4166666666666667,0.4166666666666667,0.4166666666666667,PREGRADO
2009,F,IEMET,8,4.0,3.0,3.0,3.0,0.5,0.375,0.375,0.375,PREGRADO
2009,F,IEMIN,16,12.0,12.0,12.0,11.0,0.75,0.75,0.75,0.6875,PREGRADO
2009,F,IEQUIM,49,41.0,38.0,36.0,29.0,0.8367346938775511,0.7755102040816326,0.7346938775510204,0.5918367346938775,PREGRADO
2009,F,INGAGRO,34,28.0,25.0,24.0,24.0,0.8235294117647058,0.7352941176470589,0.7058823529411765,0.7058823529411765,PREGRADO
2009,F,INGAL,34,33.0,32.0,29.0,27.0,0.9705882352941176,0.9411764705882353,0.8529411764705882,0.7941176470588235,PREGRADO
2009,F,INGAMB,27,21.0,20.0,19.0,19.0,0.7777777777777778,0.7407407407407407,0.7037037037037037,0.7037037037037037,PREGRADO
2009,F,INGBIO,20,16.0,17.0,16.0,16.0,0.8,0.85,0.8,0.8,PREGRADO
2009,F,INGCO,98,89.0,87.0,58.0,52.0,0.9081632653061225,0.8877551020408163,0.5918367346938775,0.5306122448979592,PREGRADO
2009,F,INGEST,18,13.0,13.0,13.0,13.0,0.7222222222222222,0.7222222222222222,0.7222222222222222,0.7222222222222222,PREGRADO
2009,F,INGFI,13,10.0,9.0,9.0,9.0,0.7692307692307693,0.6923076923076923,0.6923076923076923,0.6923076923076923,PREGRADO
2009,F,INGMA,10,9.0,4.0,2.0,2.0,0.9,0.4,0.2,0.2,PREGRADO
2009,F,LAT,35,35.0,34.0,31.0,31.0,1.0,0.9714285714285714,0.8857142857142857,0.8857142857142857,PREGRADO
2009,F,LCC,12,10.0,10.0,10.0,10.0,0.8333333333333334,0.8333333333333334,0.8333333333333334,0.8333333333333334,PREGRADO
2009,F,LEB,9,7.0,7.0,6.0,6.0,0.7777777777777778,0.7777777777777778,0.6666666666666666,0.6666666666666666,PREGRADO
2009,F,LEE,21,16.0,15.0,15.0,15.0,0.7619047619047619,0.7142857142857143,0.7142857142857143,0.7142857142857143,PREGRADO
2009,F,LEI,20,17.0,17.0,17.0,6.0,0.85,0.85,0.85,0.3,PREGRADO
2009,F,LEM,11,10.0,4.0,3.0,2.0,0.9090909090909091,0.36363636363636365,0.2727272727272727,0.18181818181818182,PREGRADO
2009,F,LFM,11,9.0,7.0,2.0,2.0,0.8181818181818182,0.6363636363636364,0.18181818181818182,0.18181818181818182,PREGRADO
2009,F,LICAF,23,19.0,17.0,15.0,14.0,0.8260869565217391,0.7391304347826086,0.6521739130434783,0.6086956521739131,PREGRADO
2009,F,LOG,6,4.0,,,,0.6666666666666666,,,,PREGRADO
2009,F,LQC,15,11.0,7.0,7.0,7.0,0.7333333333333333,0.4666666666666667,0.4666666666666667,0.4666666666666667,PREGRADO
2009,F,MAGADE,15,15.0,1.0,,1.0,1.0,0.06666666666666667,,0.06666666666666667,MAGISTER
2009,F,MAGARH,10,10.0,10.0,5.0,5.0,1.0,1.0,0.5,0.5,MAGISTER
2009,F,MAGCAG,13,5.0,2.0,,,0.38461538461538464,0.15384615384615385,,,MAGISTER
2009,F,MAGCDI,10,9.0,3.0,2.0,,0.9,0.3,0.2,,MAGISTER
2009,F,MAGCM,1,1.0,1.0,,,1.0,1.0,,,MAGISTER
2009,F,MAGEDU,23,20.0,10.0,4.0,1.0,0.8695652173913043,0.43478260869565216,0.17391304347826086,0.043478260869565216,MAGISTER
2009,F,MAGEF,15,6.0,3.0,2.0,,0.4,0.2,0.13333333333333333,,MAGISTER
2009,F,MAGEI,3,3.0,1.0,,,1.0,0.3333333333333333,,,MAGISTER
2009,F,MAGEII,6,6.0,6.0,4.0,2.0,1.0,1.0,0.6666666666666666,0.3333333333333333,MAGISTER
2009,F,MAGGP,5,5.0,5.0,3.0,3.0,1.0,1.0,0.6,0.6,MAGISTER
2009,F,MAGGT,5,4.0,4.0,,,0.8,0.8,,,MAGISTER
2009,F,MAGHI,8,7.0,4.0,3.0,2.0,0.875,0.5,0.375,0.25,MAGISTER
2009,F,MAGII,2,2.0,2.0,1.0,,1.0,1.0,0.5,,MAGISTER
2009,F,MAGLG,10,8.0,4.0,2.0,1.0,0.8,0.4,0.2,0.1,MAGISTER
2009,F,MAGLI,12,11.0,9.0,6.0,2.0,0.9166666666666666,0.75,0.5,0.16666666666666666,MAGISTER
2009,F,MAGMA,24,21.0,8.0,5.0,1.0,0.875,0.3333333333333333,0.20833333333333334,0.041666666666666664,MAGISTER
2009,F,MAGPC,9,7.0,7.0,3.0,4.0,0.7777777777777778,0.7777777777777778,0.3333333333333333,0.4444444444444444,MAGISTER
2009,F,MAGPE,3,,,,,,,,,MAGISTER
2009,F,MAGPED,4,3.0,,,1.0,0.75,,,0.25,MAGISTER
2009,F,MAGPGT,7,2.0,,,,0.2857142857142857,,,,MAGISTER
2009,F,MAGPS,6,6.0,2.0,2.0,1.0,1.0,0.3333333333333333,0.3333333333333333,0.16666666666666666,MAGISTER
2009,F,MAGQUI,5,5.0,5.0,1.0,,1.0,1.0,0.2,,MAGISTER
2009,F,MAGTA,3,3.0,1.0,,,1.0,0.3333333333333333,,,MAGISTER
2009,F,MAGTCO,1,1.0,1.0,1.0,1.0,1.0,1.0,1.0,1.0,MAGISTER
2009,F,MED,30,29.0,28.0,26.0,27.0,0.9666666666666667,0.9333333333333333,0.8666666666666667,0.9,PREGRADO
2009,F,OBP,36,35.0,33.0,33.0,33.0,0.9722222222222222,0.9166666666666666,0.9166666666666666,0.9166666666666666,PREGRADO
2009,F,PEDCAST,27,26.0,22.0,21.0,20.0,0.9629629629629629,0.8148148148148148,0.7777777777777778,0.7407407407407407,PREGRADO
2009,F,PEDEGB,35,34.0,34.0,33.0,31.0,0.9714285714285714,0.9714285714285714,0.9428571428571428,0.8857142857142857,PREGRADO
2009,F,PEDFILOS,18,16.0,16.0,13.0,11.0,0.8888888888888888,0.8888888888888888,0.7222222222222222,0.6111111111111112,PREGRADO
2009,F,PEDFISMAT,11,10.0,10.0,10.0,10.0,0.9090909090909091,0.9090909090909091,0.9090909090909091,0.9090909090909091,PREGRADO
2009,F,PEDHS,24,18.0,16.0,16.0,16.0,0.75,0.6666666666666666,0.6666666666666666,0.6666666666666666,PREGRADO
2009,F,PEDINGLES,35,32.0,28.0,27.0,27.0,0.9142857142857143,0.8,0.7714285714285715,0.7714285714285715,PREGRADO
2009,F,PEDMATCOMP,35,29.0,26.0,23.0,21.0,0.8285714285714286,0.7428571428571429,0.6571428571428571,0.6,PREGRADO
2009,F,PEDQUIMBIO,24,17.0,15.0,11.0,10.0,0.7083333333333334,0.625,0.4583333333333333,0.4166666666666667,PREGRADO
2009,F,PEP,15,13.0,7.0,2.0,1.0,0.8666666666666667,0.4666666666666667,0.13333333333333333,0.06666666666666667,PREGRADO
2009,F,PER,34,30.0,27.0,24.0,22.0,0.8823529411764706,0.7941176470588235,0.7058823529411765,0.6470588235294118,PREGRADO
2009,F,POSAG,3,,,,,,,,,POSTITUTLO
2009,F,POSAM,2,,,,,,,,,POSTITUTLO
2009,F,POSAN,2,,,,,,,,,POSTITUTLO
2009,F,POSAPA,2,,,,,,,,,POSTITUTLO
2009,F,POSCI,3,,,,,,,,,POSTITUTLO
2009,F,POSEBP,1,1.0,,,,1.0,,,,POSTITUTLO
2009,F,POSEI,32,,2.0,,,,0.0625,,,POSTITUTLO
2009,F,POSEMI,1,1.0,1.0,,,1.0,1.0,,,POSTITUTLO
2009,F,POSEPI,4,3.0,3.0,1.0,,0.75,0.75,0.25,,POSTITUTLO
2009,F,POSEPR,10,,,,,,,,,POSTITUTLO
2009,F,POSET,12,,,,,,,,,POSTITUTLO
2009,F,POSGEO,6,,,,,,,,,POSTITUTLO
2009,F,POSIAM,1,,,,,,,,,POSTITUTLO
2009,F,POSIC,1,,,,,,,,,POSTITUTLO
2009,F,POSLTRI,12,,,,,,,,,POSTITUTLO
2009,F,POSPA,1,1.0,1.0,,,1.0,1.0,,,POSTITUTLO
2009,F,POSPP,22,2.0,1.0,,,0.09090909090909091,0.045454545454545456,,,POSTITUTLO
2009,F,POSTROR,1,,,,,,,,,POSTITUTLO
2009,F,PRE,46,38.0,2.0,1.0,,0.8260869565217391,0.043478260869565216,0.021739130434782608,,PREGRADO
2009,F,PSI,42,39.0,36.0,37.0,37.0,0.9285714285714286,0.8571428571428571,0.8809523809523809,0.8809523809523809,PREGRADO
2009,F,PUB,34,31.0,29.0,27.0,27.0,0.9117647058823529,0.8529411764705882,0.7941176470588235,0.7941176470588235,PREGRADO
2009,F,TAI,12,11.0,9.0,6.0,,0.9166666666666666,0.75,0.5,,PREGRADO
2009,F,TAP,54,47.0,44.0,21.0,3.0,0.8703703703703703,0.8148148148148148,0.3888888888888889,0.05555555555555555,PREGRADO
2009,F,TCI,21,19.0,18.0,7.0,,0.9047619047619048,0.8571428571428571,0.3333333333333333,,PREGRADO
2009,F,TCO,7,7.0,7.0,5.0,1.0,1.0,1.0,0.7142857142857143,0.14285714285714285,PREGRADO
2009,F,TDI,23,21.0,18.0,12.0,,0.9130434782608695,0.782608695652174,0.5217391304347826,,PREGRADO
2009,F,TEA,60,48.0,41.0,31.0,5.0,0.8,0.6833333333333333,0.5166666666666667,0.08333333333333333,PREGRADO
2009,F,TEC,34,29.0,26.0,18.0,2.0,0.8529411764705882,0.7647058823529411,0.5294117647058824,0.058823529411764705,PREGRADO
2009,F,TMI,6,5.0,3.0,1.0,,0.8333333333333334,0.5,0.16666666666666666,,PREGRADO
2009,F,TQF,18,16.0,16.0,11.0,4.0,0.8888888888888888,0.8888888888888888,0.6111111111111112,0.2222222222222222,PREGRADO
2009,F,TRD,55,46.0,2.0,2.0,1.0,0.8363636363636363,0.03636363636363636,0.03636363636363636,0.01818181818181818,PREGRADO
2009,F,TUI,6,5.0,3.0,,,0.8333333333333334,0.5,,,PREGRADO
2009,M,ADMIND,1,,,,,,,,,PREGRADO
2009,M,ADMPUB,57,54.0,50.0,49.0,49.0,0.9473684210526315,0.8771929824561403,0.8596491228070176,0.8596491228070176,PREGRADO
2009,M,ARQ,20,18.0,16.0,16.0,14.0,0.9,0.8,0.8,0.7,PREGRADO
2009,M,BACHI,87,76.0,29.0,10.0,1.0,0.8735632183908046,0.3333333333333333,0.11494252873563218,0.011494252873563218,PREGRADO
2009,M,CCIV,68,62.0,50.0,32.0,8.0,0.9117647058823529,0.7352941176470589,0.47058823529411764,0.11764705882352941,PREGRADO
2009,M,CONTA,77,63.0,60.0,55.0,52.0,0.8181818181818182,0.7792207792207793,0.7142857142857143,0.6753246753246753,PREGRADO
2009,M,DIPADC,11,,,,,,,,,DIPLOMADO
2009,M,DIPAGR,6,,,,,,,,,DIPLOMADO
2009,M,DIPAP,13,,,,,,,,,DIPLOMADO
2009,M,DIPAPR,20,,,,,,,,,DIPLOMADO
2009,M,DIPAR,6,1.0,,,,0.16666666666666666,,,,DIPLOMADO
2009,M,DIPCD,4,1.0,,,,0.25,,,,DIPLOMADO
2009,M,DIPCI,2,,,,,,,,,DIPLOMADO
2009,M,DIPCSA,22,,,,,,,,,DIPLOMADO
2009,M,DIPDU,25,,,,,,,,,DIPLOMADO
2009,M,DIPEG,9,,,,,,,,,DIPLOMADO
2009,M,DIPEGC,6,,,,,,,,,DIPLOMADO
2009,M,DIPET,15,,,,,,,,,DIPLOMADO
2009,M,DIPGA,12,,,,,,,,,DIPLOMADO
2009,M,DIPGCLC,8,,,,,,,,,DIPLOMADO
2009,M,DIPGCSP,6,,,,,,,,,DIPLOMADO
2009,M,DIPGES,16,,,,,,,,,DIPLOMADO
2009,M,DIPGFIN,10,,,,,,,,,DIPLOMADO
2009,M,DIPGLGM,19,,,,,,,,,DIPLOMADO
2009,M,DIPGLPD,13,,,,,,,,,DIPLOMADO
2009,M,DIPGS,12,,,,,,,,,DIPLOMADO
2009,M,DIPIDT,5,,,,,,,,,DIPLOMADO
2009,M,DIPIEDF,15,,,,,,,,,DIPLOMADO
2009,M,DIPMAL,15,,,,,,,,,DIPLOMADO
2009,M,DIPMCOM,25,,,,,,,,,DIPLOMADO
2009,M,DIPMCS,3,,,,,,,,,DIPLOMADO
2009,M,DIPMD,6,,,,,,,,,DIPLOMADO
2009,M,DIPMG,2,,,,,,,,,DIPLOMADO
2009,M,DIPMTCA,8,6.0,,,,0.75,,,,DIPLOMADO
2009,M,DIPNICI,65,,,,,,,,,DIPLOMADO
2009,M,DIPPED,2,,,,,,,,,DIPLOMADO
2009,M,DIPPINF,19,,,,,,,,,DIPLOMADO
2009,M,DIPPM,8,,,,,,,,,DIPLOMADO
2009,M,DIPSD,3,,,,,,,,,DIPLOMADO
2009,M,DIPSGI,10,,,,,,,,,DIPLOMADO
2009,M,DOCBIO,6,5.0,5.0,4.0,3.0,0.8333333333333334,0.8333333333333334,0.6666666666666666,0.5,DOCTORADO
2009,M,DOCCSALIM,1,1.0,1.0,1.0,1.0,1.0,1.0,1.0,1.0,DOCTORADO
2009,M,DOCCSFIS,3,2.0,2.0,2.0,2.0,0.6666666666666666,0.6666666666666666,0.6666666666666666,0.6666666666666666,DOCTORADO
2009,M,DOCCSING,10,9.0,7.0,7.0,6.0,0.9,0.7,0.7,0.6,DOCTORADO
2009,M,DOCESTAM,17,15.0,10.0,10.0,8.0,0.8823529411764706,0.5882352941176471,0.5882352941176471,0.47058823529411764,DOCTORADO
2009,M,DOCMICROBIO,2,2.0,2.0,2.0,2.0,1.0,1.0,1.0,1.0,DOCTORADO
2009,M,DOCQUIM,8,7.0,6.0,6.0,5.0,0.875,0.75,0.75,0.625,DOCTORADO
2009,M,ENF,17,15.0,14.0,14.0,14.0,0.8823529411764706,0.8235294117647058,0.8235294117647058,0.8235294117647058,PREGRADO
2009,M,ICELEC,134,106.0,89.0,82.0,76.0,0.7910447761194029,0.664179104477612,0.6119402985074627,0.5671641791044776,PREGRADO
2009,M,ICGEOG,22,12.0,12.0,12.0,11.0,0.5454545454545454,0.5454545454545454,0.5454545454545454,0.5,PREGRADO
2009,M,ICIND,160,128.0,117.0,105.0,87.0,0.8,0.73125,0.65625,0.54375,PREGRADO
2009,M,ICINF,104,77.0,58.0,48.0,41.0,0.7403846153846154,0.5576923076923077,0.46153846153846156,0.3942307692307692,PREGRADO
2009,M,ICMEC,138,111.0,97.0,82.0,67.0,0.8043478260869565,0.7028985507246377,0.5942028985507246,0.4855072463768116,PREGRADO
2009,M,ICMET,51,37.0,35.0,35.0,32.0,0.7254901960784313,0.6862745098039216,0.6862745098039216,0.6274509803921569,PREGRADO
2009,M,ICMIN,91,78.0,77.0,74.0,73.0,0.8571428571428571,0.8461538461538461,0.8131868131868132,0.8021978021978022,PREGRADO
2009,M,ICOBR,66,55.0,52.0,51.0,48.0,0.8333333333333334,0.7878787878787878,0.7727272727272727,0.7272727272727273,PREGRADO
2009,M,ICQUIM,46,38.0,35.0,31.0,30.0,0.8260869565217391,0.7608695652173914,0.6739130434782609,0.6521739130434783,PREGRADO
2009,M,IEAMB,7,4.0,4.0,4.0,1.0,0.5714285714285714,0.5714285714285714,0.5714285714285714,0.14285714285714285,PREGRADO
2009,M,IECLIM,39,26.0,21.0,19.0,19.0,0.6666666666666666,0.5384615384615384,0.48717948717948717,0.48717948717948717,PREGRADO
2009,M,IEELEC,206,153.0,122.0,114.0,86.0,0.7427184466019418,0.5922330097087378,0.5533980582524272,0.4174757281553398,PREGRADO
2009,M,IEGEOM,44,32.0,28.0,26.0,19.0,0.7272727272727273,0.6363636363636364,0.5909090909090909,0.4318181818181818,PREGRADO
2009,M,IEIND,138,102.0,85.0,77.0,43.0,0.7391304347826086,0.6159420289855072,0.5579710144927537,0.3115942028985507,PREGRADO
2009,M,IEINF,153,114.0,73.0,68.0,50.0,0.7450980392156863,0.477124183006536,0.4444444444444444,0.32679738562091504,PREGRADO
2009,M,IEMEC,121,94.0,76.0,66.0,54.0,0.7768595041322314,0.628099173553719,0.5454545454545454,0.4462809917355372,PREGRADO
2009,M,IEMET,46,32.0,30.0,29.0,28.0,0.6956521739130435,0.6521739130434783,0.6304347826086957,0.6086956521739131,PREGRADO
2009,M,IEMIN,71,50.0,48.0,47.0,44.0,0.704225352112676,0.676056338028169,0.6619718309859155,0.6197183098591549,PREGRADO
2009,M,IEQUIM,41,32.0,26.0,22.0,21.0,0.7804878048780488,0.6341463414634146,0.5365853658536586,0.5121951219512195,PREGRADO
2009,M,INGAGRO,21,15.0,15.0,15.0,15.0,0.7142857142857143,0.7142857142857143,0.7142857142857143,0.7142857142857143,PREGRADO
2009,M,INGAL,10,10.0,10.0,9.0,9.0,1.0,1.0,0.9,0.9,PREGRADO
2009,M,INGAMB,15,11.0,10.0,10.0,10.0,0.7333333333333333,0.6666666666666666,0.6666666666666666,0.6666666666666666,PREGRADO
2009,M,INGBIO,25,21.0,20.0,19.0,17.0,0.84,0.8,0.76,0.68,PREGRADO
2009,M,INGCO,123,106.0,100.0,64.0,54.0,0.8617886178861789,0.8130081300813008,0.5203252032520326,0.43902439024390244,PREGRADO
2009,M,INGEST,18,15.0,14.0,12.0,12.0,0.8333333333333334,0.7777777777777778,0.6666666666666666,0.6666666666666666,PREGRADO
2009,M,INGFI,30,23.0,17.0,17.0,16.0,0.7666666666666667,0.5666666666666667,0.5666666666666667,0.5333333333333333,PREGRADO
2009,M,INGMA,35,25.0,19.0,13.0,11.0,0.7142857142857143,0.5428571428571428,0.37142857142857144,0.3142857142857143,PREGRADO
2009,M,LAT,5,5.0,5.0,5.0,5.0,1.0,1.0,1.0,1.0,PREGRADO
2009,M,LCC,41,32.0,28.0,26.0,23.0,0.7804878048780488,0.6829268292682927,0.6341463414634146,0.5609756097560976,PREGRADO
2009,M,LEB,23,18.0,16.0,16.0,15.0,0.782608695652174,0.6956521739130435,0.6956521739130435,0.6521739130434783,PREGRADO
2009,M,LEE,25,19.0,17.0,16.0,13.0,0.76,0.68,0.64,0.52,PREGRADO
2009,M,LEI,21,18.0,17.0,15.0,1.0,0.8571428571428571,0.8095238095238095,0.7142857142857143,0.047619047619047616,PREGRADO
2009,M,LEM,12,11.0,8.0,4.0,3.0,0.9166666666666666,0.6666666666666666,0.3333333333333333,0.25,PREGRADO
2009,M,LFM,22,20.0,10.0,8.0,5.0,0.9090909090909091,0.45454545454545453,0.36363636363636365,0.22727272727272727,PREGRADO
2009,M,LICAF,23,23.0,20.0,20.0,18.0,1.0,0.8695652173913043,0.8695652173913043,0.782608695652174,PREGRADO
2009,M,LOG,9,9.0,,,,1.0,,,,PREGRADO
2009,M,LQC,18,17.0,13.0,12.0,11.0,0.9444444444444444,0.7222222222222222,0.6666666666666666,0.6111111111111112,PREGRADO
2009,M,MAGADE,39,34.0,6.0,1.0,5.0,0.8717948717948718,0.15384615384615385,0.02564102564102564,0.1282051282051282,MAGISTER
2009,M,MAGARH,10,9.0,8.0,6.0,1.0,0.9,0.8,0.6,0.1,MAGISTER
2009,M,MAGCAG,27,10.0,2.0,,,0.37037037037037035,0.07407407407407407,,,MAGISTER
2009,M,MAGCDI,27,24.0,16.0,4.0,,0.8888888888888888,0.5925925925925926,0.14814814814814814,,MAGISTER
2009,M,MAGCM,5,4.0,4.0,1.0,1.0,0.8,0.8,0.2,0.2,MAGISTER
2009,M,MAGEDU,31,25.0,9.0,3.0,3.0,0.8064516129032258,0.2903225806451613,0.0967741935483871,0.0967741935483871,MAGISTER
2009,M,MAGEF,28,18.0,12.0,9.0,7.0,0.6428571428571429,0.42857142857142855,0.32142857142857145,0.25,MAGISTER
2009,M,MAGEI,10,9.0,6.0,3.0,2.0,0.9,0.6,0.3,0.2,MAGISTER
2009,M,MAGEII,15,12.0,13.0,7.0,,0.8,0.8666666666666667,0.4666666666666667,,MAGISTER
2009,M,MAGFC,4,4.0,4.0,2.0,,1.0,1.0,0.5,,MAGISTER
2009,M,MAGFP,6,4.0,1.0,2.0,,0.6666666666666666,0.16666666666666666,0.3333333333333333,,MAGISTER
2009,M,MAGGP,11,7.0,4.0,,,0.6363636363636364,0.36363636363636365,,,MAGISTER
2009,M,MAGGT,6,5.0,3.0,,,0.8333333333333334,0.5,,,MAGISTER
2009,M,MAGHI,13,11.0,6.0,4.0,4.0,0.8461538461538461,0.46153846153846156,0.3076923076923077,0.3076923076923077,MAGISTER
2009,M,MAGII,13,10.0,7.0,4.0,,0.7692307692307693,0.5384615384615384,0.3076923076923077,,MAGISTER
2009,M,MAGLG,7,6.0,1.0,1.0,1.0,0.8571428571428571,0.14285714285714285,0.14285714285714285,0.14285714285714285,MAGISTER
2009,M,MAGLI,11,7.0,6.0,5.0,7.0,0.6363636363636364,0.5454545454545454,0.45454545454545453,0.6363636363636364,MAGISTER
2009,M,MAGMA,49,32.0,6.0,6.0,7.0,0.6530612244897959,0.12244897959183673,0.12244897959183673,0.14285714285714285,MAGISTER
2009,M,MAGPC,5,4.0,4.0,2.0,2.0,0.8,0.8,0.4,0.4,MAGISTER
2009,M,MAGPE,6,3.0,,,,0.5,,,,MAGISTER
2009,M,MAGPED,3,2.0,,,,0.6666666666666666,,,,MAGISTER
2009,M,MAGPGT,21,7.0,,,,0.3333333333333333,,,,MAGISTER
2009,M,MAGPS,5,3.0,3.0,1.0,2.0,0.6,0.6,0.2,0.4,MAGISTER
2009,M,MAGQUI,3,2.0,2.0,,,0.6666666666666666,0.6666666666666666,,,MAGISTER
2009,M,MAGTA,8,8.0,4.0,,,1.0,0.5,,,MAGISTER
2009,M,MAGTCO,7,5.0,4.0,3.0,2.0,0.7142857142857143,0.5714285714285714,0.42857142857142855,0.2857142857142857,MAGISTER
2009,M,MED,42,41.0,41.0,40.0,40.0,0.9761904761904762,0.9761904761904762,0.9523809523809523,0.9523809523809523,PREGRADO
2009,M,OBP,10,9.0,9.0,9.0,8.0,0.9,0.9,0.9,0.8,PREGRADO
2009,M,PEDCAST,13,12.0,11.0,9.0,9.0,0.9230769230769231,0.8461538461538461,0.6923076923076923,0.6923076923076923,PREGRADO
2009,M,PEDEGB,4,4.0,4.0,4.0,4.0,1.0,1.0,1.0,1.0,PREGRADO
2009,M,PEDFILOS,17,13.0,11.0,11.0,9.0,0.7647058823529411,0.6470588235294118,0.6470588235294118,0.5294117647058824,PREGRADO
2009,M,PEDFISMAT,24,22.0,19.0,18.0,18.0,0.9166666666666666,0.7916666666666666,0.75,0.75,PREGRADO
2009,M,PEDHS,17,15.0,14.0,14.0,14.0,0.8823529411764706,0.8235294117647058,0.8235294117647058,0.8235294117647058,PREGRADO
2009,M,PEDINGLES,8,7.0,6.0,6.0,6.0,0.875,0.75,0.75,0.75,PREGRADO
2009,M,PEDMATCOMP,28,21.0,15.0,12.0,8.0,0.75,0.5357142857142857,0.42857142857142855,0.2857142857142857,PREGRADO
2009,M,PEDQUIMBIO,12,8.0,6.0,5.0,4.0,0.6666666666666666,0.5,0.4166666666666667,0.3333333333333333,PREGRADO
2009,M,PEP,12,10.0,3.0,2.0,2.0,0.8333333333333334,0.25,0.16666666666666666,0.16666666666666666,PREGRADO
2009,M,PER,29,22.0,19.0,15.0,12.0,0.7586206896551724,0.6551724137931034,0.5172413793103449,0.41379310344827586,PREGRADO
2009,M,POSAG,4,,,,,,,,,POSTITUTLO
2009,M,POSAM,5,,,,,,,,,POSTITUTLO
2009,M,POSAN,3,3.0,2.0,,,1.0,0.6666666666666666,,,POSTITUTLO
2009,M,POSCG,14,9.0,8.0,1.0,1.0,0.6428571428571429,0.5714285714285714,0.07142857142857142,0.07142857142857142,POSTITUTLO
2009,M,POSCI,6,1.0,,,,0.16666666666666666,,,,POSTITUTLO
2009,M,POSEI,5,,,,,,,,,POSTITUTLO
2009,M,POSEMI,7,6.0,5.0,1.0,,0.8571428571428571,0.7142857142857143,0.14285714285714285,,POSTITUTLO
2009,M,POSEPI,2,,1.0,,,,0.5,,,POSTITUTLO
2009,M,POSEPR,20,,,,,,,,,POSTITUTLO
2009,M,POSET,6,1.0,,,,0.16666666666666666,,,,POSTITUTLO
2009,M,POSGEO,14,1.0,,,,0.07142857142857142,,,,POSTITUTLO
2009,M,POSGO,4,4.0,4.0,1.0,,1.0,1.0,0.25,,POSTITUTLO
2009,M,POSIAM,4,,,,,,,,,POSTITUTLO
2009,M,POSIC,2,,,,,,,,,POSTITUTLO
2009,M,POSLTRI,26,1.0,,,,0.038461538461538464,,,,POSTITUTLO
2009,M,POSMU,1,1.0,1.0,,,1.0,1.0,,,POSTITUTLO
2009,M,POSNEU,3,2.0,1.0,,,0.6666666666666666,0.3333333333333333,,,POSTITUTLO
2009,M,POSNEUP,1,,,,,,,,,POSTITUTLO
2009,M,POSPA,1,1.0,1.0,,,1.0,1.0,,,POSTITUTLO
2009,M,POSPED,1,1.0,1.0,,,1.0,1.0,,,POSTITUTLO
2009,M,POSPP,11,,,,,,,,,POSTITUTLO
2009,M,POSTROR,8,8.0,6.0,,,1.0,0.75,,,POSTITUTLO
2009,M,POSURO,5,4.0,4.0,,,0.8,0.8,,,POSTITUTLO
2009,M,PRE,52,39.0,2.0,1.0,,0.75,0.038461538461538464,0.019230769230769232,,PREGRADO
2009,M,PSI,22,16.0,15.0,15.0,14.0,0.7272727272727273,0.6818181818181818,0.6818181818181818,0.6363636363636364,PREGRADO
2009,M,PUB,31,28.0,26.0,22.0,21.0,0.9032258064516129,0.8387096774193549,0.7096774193548387,0.6774193548387096,PREGRADO
2009,M,TAI,33,26.0,24.0,15.0,1.0,0.7878787878787878,0.7272727272727273,0.45454545454545453,0.030303030303030304,PREGRADO
2009,M,TAP,26,21.0,19.0,11.0,5.0,0.8076923076923077,0.7307692307692307,0.4230769230769231,0.19230769230769232,PREGRADO
2009,M,TCI,18,17.0,16.0,15.0,,0.9444444444444444,0.8888888888888888,0.8333333333333334,,PREGRADO
2009,M,TCO,38,34.0,30.0,15.0,3.0,0.8947368421052632,0.7894736842105263,0.39473684210526316,0.07894736842105263,PREGRADO
2009,M,TDI,16,15.0,12.0,8.0,,0.9375,0.75,0.5,,PREGRADO
2009,M,TEA,17,13.0,13.0,12.0,3.0,0.7647058823529411,0.7647058823529411,0.7058823529411765,0.17647058823529413,PREGRADO
2009,M,TEC,79,66.0,56.0,47.0,15.0,0.8354430379746836,0.7088607594936709,0.5949367088607594,0.189873417721519,PREGRADO
2009,M,TMI,35,30.0,26.0,18.0,5.0,0.8571428571428571,0.7428571428571429,0.5142857142857142,0.14285714285714285,PREGRADO
2009,M,TQF,31,27.0,20.0,13.0,5.0,0.8709677419354839,0.6451612903225806,0.41935483870967744,0.16129032258064516,PREGRADO
2009,M,TRD,75,47.0,3.0,1.0,3.0,0.6266666666666667,0.04,0.013333333333333334,0.04,PREGRADO
2009,M,TUI,42,30.0,9.0,1.0,1.0,0.7142857142857143,0.21428571428571427,0.023809523809523808,0.023809523809523808,PREGRADO
2010,F,ADMPUB,69,66.0,60.0,52.0,49.0,0.9565217391304348,0.8695652173913043,0.7536231884057971,0.7101449275362319,PREGRADO
2010,F,ARQ,31,28.0,28.0,28.0,25.0,0.9032258064516129,0.9032258064516129,0.9032258064516129,0.8064516129032258,PREGRADO
2010,F,BACHI,97,84.0,28.0,2.0,,0.865979381443299,0.28865979381443296,0.020618556701030927,,PREGRADO
2010,F,CCIV,13,13.0,10.0,4.0,2.0,1.0,0.7692307692307693,0.3076923076923077,0.15384615384615385,PREGRADO
2010,F,CONTA,92,85.0,83.0,77.0,75.0,0.9239130434782609,0.9021739130434783,0.8369565217391305,0.8152173913043478,PREGRADO
2010,F,DIPADC,8,,,,,,,,,DIPLOMADO
2010,F,DIPAGR,1,,,,,,,,,DIPLOMADO
2010,F,DIPAP,14,,,,,,,,,DIPLOMADO
2010,F,DIPAPR,15,,,,,,,,,DIPLOMADO
2010,F,DIPAR,11,,,,,,,,,DIPLOMADO
2010,F,DIPCD,3,,,,,,,,,DIPLOMADO
2010,F,DIPCSA,7,,,,,,,,,DIPLOMADO
2010,F,DIPDCO,16,,,,,,,,,DIPLOMADO
2010,F,DIPDU,20,,,,,,,,,DIPLOMADO
2010,F,DIPEG,2,,,,,,,,,DIPLOMADO
2010,F,DIPEGC,7,,,,,,,,,DIPLOMADO
2010,F,DIPEPI,2,,,,,,,,,DIPLOMADO
2010,F,DIPET,6,,,,,,,,,DIPLOMADO
2010,F,DIPGA,6,,,,,,,,,DIPLOMADO
2010,F,DIPGCLC,8,,,,,,,,,DIPLOMADO
2010,F,DIPGCSP,1,,,,,,,,,DIPLOMADO
2010,F,DIPGD,28,,,,,,,,,DIPLOMADO
2010,F,DIPGEOE,6,,,,,,,,,DIPLOMADO
2010,F,DIPGFIN,1,,,,,,,,,DIPLOMADO
2010,F,DIPGINF,4,,,,,,,,,DIPLOMADO
2010,F,DIPGLCD,1,,,,,,,,,DIPLOMADO
2010,F,DIPGLGM,4,,,,,,,,,DIPLOMADO
2010,F,DIPGLPD,5,,,,,,,,,DIPLOMADO
2010,F,DIPGS,6,,,,,,,,,DIPLOMADO
2010,F,DIPIDT,2,,,,,,,,,DIPLOMADO
2010,F,DIPIEDF,5,,,,,,,,,DIPLOMADO
2010,F,DIPIEYE,4,,,,,,,,,DIPLOMADO
2010,F,DIPMAL,2,,,,,,,,,DIPLOMADO
2010,F,DIPMCOM,1,,,,,,,,,DIPLOMADO
2010,F,DIPMD,6,,,,,,,,,DIPLOMADO
2010,F,DIPMTCA,28,,,,,,,,,DIPLOMADO
2010,F,DIPNICI,37,,,,,,,,,DIPLOMADO
2010,F,DIPPCCL,10,,,,,,,,,DIPLOMADO
2010,F,DIPPED,12,,,,,,,,,DIPLOMADO
2010,F,DIPPINF,1,,,,,,,,,DIPLOMADO
2010,F,DIPPM,3,,,,,,,,,DIPLOMADO
2010,F,DIPPPUB,9,,,,,,,,,DIPLOMADO
2010,F,DIPTDA,8,,,,,,,,,DIPLOMADO
2010,F,DIPTFCE,12,,,,,,,,,DIPLOMADO
2010,F,DOCBIO,1,1.0,1.0,1.0,1.0,1.0,1.0,1.0,1.0,DOCTORADO
2010,F,DOCCSADM,4,4.0,4.0,4.0,4.0,1.0,1.0,1.0,1.0,DOCTORADO
2010,F,DOCCSALIM,2,2.0,2.0,2.0,2.0,1.0,1.0,1.0,1.0,DOCTORADO
2010,F,DOCCSEDUC,8,8.0,6.0,5.0,3.0,1.0,0.75,0.625,0.375,DOCTORADO
2010,F,DOCCSFIS,1,1.0,1.0,1.0,1.0,1.0,1.0,1.0,1.0,DOCTORADO
2010,F,DOCCSING,5,5.0,3.0,2.0,2.0,1.0,0.6,0.4,0.4,DOCTORADO
2010,F,DOCCSMAT,1,,,,,,,,,DOCTORADO
2010,F,DOCESTAM,12,12.0,10.0,8.0,9.0,1.0,0.8333333333333334,0.6666666666666666,0.75,DOCTORADO
2010,F,DOCMICROBIO,2,2.0,2.0,2.0,2.0,1.0,1.0,1.0,1.0,DOCTORADO
2010,F,DOCPSIC,5,5.0,5.0,3.0,3.0,1.0,1.0,0.6,0.6,DOCTORADO
2010,F,DOCQUIM,3,2.0,2.0,2.0,2.0,0.6666666666666666,0.6666666666666666,0.6666666666666666,0.6666666666666666,DOCTORADO
2010,F,ENF,47,45.0,41.0,41.0,41.0,0.9574468085106383,0.8723404255319149,0.8723404255319149,0.8723404255319149,PREGRADO
2010,F,ICELEC,16,13.0,11.0,10.0,10.0,0.8125,0.6875,0.625,0.625,PREGRADO
2010,F,ICGEOG,7,7.0,7.0,7.0,7.0,1.0,1.0,1.0,1.0,PREGRADO
2010,F,ICIND,61,58.0,58.0,48.0,39.0,0.9508196721311475,0.9508196721311475,0.7868852459016393,0.639344262295082,PREGRADO
2010,F,ICINF,14,8.0,6.0,5.0,5.0,0.5714285714285714,0.42857142857142855,0.35714285714285715,0.35714285714285715,PREGRADO
2010,F,ICMEC,15,13.0,10.0,7.0,6.0,0.8666666666666667,0.6666666666666666,0.4666666666666667,0.4,PREGRADO
2010,F,ICMET,12,9.0,9.0,8.0,7.0,0.75,0.75,0.6666666666666666,0.5833333333333334,PREGRADO
2010,F,ICMIN,19,18.0,18.0,16.0,13.0,0.9473684210526315,0.9473684210526315,0.8421052631578947,0.6842105263157895,PREGRADO
2010,F,ICOBR,24,21.0,20.0,19.0,18.0,0.875,0.8333333333333334,0.7916666666666666,0.75,PREGRADO
2010,F,ICQUIM,34,31.0,26.0,22.0,22.0,0.9117647058823529,0.7647058823529411,0.6470588235294118,0.6470588235294118,PREGRADO
2010,F,IEAMB,7,3.0,3.0,3.0,1.0,0.42857142857142855,0.42857142857142855,0.42857142857142855,0.14285714285714285,PREGRADO
2010,F,IECLIM,7,4.0,4.0,3.0,3.0,0.5714285714285714,0.5714285714285714,0.42857142857142855,0.42857142857142855,PREGRADO
2010,F,IEELEC,12,10.0,9.0,7.0,7.0,0.8333333333333334,0.75,0.5833333333333334,0.5833333333333334,PREGRADO
2010,F,IEGEOM,17,12.0,12.0,11.0,9.0,0.7058823529411765,0.7058823529411765,0.6470588235294118,0.5294117647058824,PREGRADO
2010,F,IEIND,57,52.0,50.0,46.0,27.0,0.9122807017543859,0.8771929824561403,0.8070175438596491,0.47368421052631576,PREGRADO
2010,F,IEINF,4,2.0,3.0,3.0,1.0,0.5,0.75,0.75,0.25,PREGRADO
2010,F,IEMEC,13,8.0,6.0,6.0,6.0,0.6153846153846154,0.46153846153846156,0.46153846153846156,0.46153846153846156,PREGRADO
2010,F,IEMET,10,7.0,7.0,7.0,7.0,0.7,0.7,0.7,0.7,PREGRADO
2010,F,IEMIN,16,10.0,8.0,8.0,8.0,0.625,0.5,0.5,0.5,PREGRADO
2010,F,IEQUIM,43,33.0,27.0,25.0,16.0,0.7674418604651163,0.627906976744186,0.5813953488372093,0.37209302325581395,PREGRADO
2010,F,INGAGRO,32,22.0,18.0,18.0,18.0,0.6875,0.5625,0.5625,0.5625,PREGRADO
2010,F,INGAL,37,32.0,31.0,27.0,27.0,0.8648648648648649,0.8378378378378378,0.7297297297297297,0.7297297297297297,PREGRADO
2010,F,INGAMB,21,17.0,15.0,15.0,15.0,0.8095238095238095,0.7142857142857143,0.7142857142857143,0.7142857142857143,PREGRADO
2010,F,INGBIO,20,15.0,13.0,11.0,11.0,0.75,0.65,0.55,0.55,PREGRADO
2010,F,INGCO,115,103.0,97.0,76.0,73.0,0.8956521739130435,0.8434782608695652,0.6608695652173913,0.6347826086956522,PREGRADO
2010,F,INGEST,17,15.0,14.0,11.0,11.0,0.8823529411764706,0.8235294117647058,0.6470588235294118,0.6470588235294118,PREGRADO
2010,F,INGFI,12,8.0,8.0,7.0,6.0,0.6666666666666666,0.6666666666666666,0.5833333333333334,0.5,PREGRADO
2010,F,INGMA,12,8.0,6.0,2.0,2.0,0.6666666666666666,0.5,0.16666666666666666,0.16666666666666666,PREGRADO
2010,F,LAT,31,31.0,27.0,24.0,24.0,1.0,0.8709677419354839,0.7741935483870968,0.7741935483870968,PREGRADO
2010,F,LCC,11,10.0,8.0,5.0,5.0,0.9090909090909091,0.7272727272727273,0.45454545454545453,0.45454545454545453,PREGRADO
2010,F,LEB,13,11.0,11.0,8.0,7.0,0.8461538461538461,0.8461538461538461,0.6153846153846154,0.5384615384615384,PREGRADO
2010,F,LEE,17,16.0,14.0,10.0,9.0,0.9411764705882353,0.8235294117647058,0.5882352941176471,0.5294117647058824,PREGRADO
2010,F,LEI,27,20.0,16.0,14.0,5.0,0.7407407407407407,0.5925925925925926,0.5185185185185185,0.18518518518518517,PREGRADO
2010,F,LEM,9,7.0,5.0,2.0,1.0,0.7777777777777778,0.5555555555555556,0.2222222222222222,0.1111111111111111,PREGRADO
2010,F,LFM,9,8.0,4.0,2.0,,0.8888888888888888,0.4444444444444444,0.2222222222222222,,PREGRADO
2010,F,LICAF,20,20.0,19.0,12.0,12.0,1.0,0.95,0.6,0.6,PREGRADO
2010,F,LOG,9,7.0,,,,0.7777777777777778,,,,PREGRADO
2010,F,LQC,25,20.0,17.0,14.0,14.0,0.8,0.68,0.56,0.56,PREGRADO
2010,F,MAGADE,16,12.0,3.0,3.0,1.0,0.75,0.1875,0.1875,0.0625,MAGISTER
2010,F,MAGARH,6,6.0,5.0,5.0,6.0,1.0,0.8333333333333334,0.8333333333333334,1.0,MAGISTER
2010,F,MAGCAG,21,7.0,3.0,1.0,2.0,0.3333333333333333,0.14285714285714285,0.047619047619047616,0.09523809523809523,MAGISTER
2010,F,MAGCC,13,12.0,5.0,1.0,,0.9230769230769231,0.38461538461538464,0.07692307692307693,,MAGISTER
2010,F,MAGCDI,9,6.0,3.0,,,0.6666666666666666,0.3333333333333333,,,MAGISTER
2010,F,MAGCM,2,2.0,2.0,,,1.0,1.0,,,MAGISTER
2010,F,MAGEDU,28,25.0,9.0,2.0,3.0,0.8928571428571429,0.32142857142857145,0.07142857142857142,0.10714285714285714,MAGISTER
2010,F,MAGEF,6,6.0,4.0,2.0,2.0,1.0,0.6666666666666666,0.3333333333333333,0.3333333333333333,MAGISTER
2010,F,MAGEI,3,2.0,2.0,1.0,1.0,0.6666666666666666,0.6666666666666666,0.3333333333333333,0.3333333333333333,MAGISTER
2010,F,MAGEII,8,8.0,6.0,2.0,,1.0,0.75,0.25,,MAGISTER
2010,F,MAGFC,3,1.0,,1.0,,0.3333333333333333,,0.3333333333333333,,MAGISTER
2010,F,MAGFP,3,3.0,2.0,1.0,1.0,1.0,0.6666666666666666,0.3333333333333333,0.3333333333333333,MAGISTER
2010,F,MAGGEO,12,7.0,2.0,2.0,1.0,0.5833333333333334,0.16666666666666666,0.16666666666666666,0.08333333333333333,MAGISTER
2010,F,MAGGP,17,14.0,7.0,5.0,1.0,0.8235294117647058,0.4117647058823529,0.29411764705882354,0.058823529411764705,MAGISTER
2010,F,MAGGT,4,4.0,1.0,1.0,,1.0,0.25,0.25,,MAGISTER
2010,F,MAGHI,9,9.0,6.0,6.0,1.0,1.0,0.6666666666666666,0.6666666666666666,0.1111111111111111,MAGISTER
2010,F,MAGII,1,,,,,,,,,MAGISTER
2010,F,MAGLG,15,11.0,6.0,5.0,1.0,0.7333333333333333,0.4,0.3333333333333333,0.06666666666666667,MAGISTER
2010,F,MAGLI,8,8.0,4.0,,2.0,1.0,0.5,,0.25,MAGISTER
2010,F,MAGMA,36,32.0,6.0,13.0,4.0,0.8888888888888888,0.16666666666666666,0.3611111111111111,0.1111111111111111,MAGISTER
2010,F,MAGPC,3,3.0,3.0,3.0,2.0,1.0,1.0,1.0,0.6666666666666666,MAGISTER
2010,F,MAGPED,12,12.0,1.0,2.0,1.0,1.0,0.08333333333333333,0.16666666666666666,0.08333333333333333,MAGISTER
2010,F,MAGPGT,12,3.0,,,,0.25,,,,MAGISTER
2010,F,MAGPS,6,4.0,3.0,2.0,1.0,0.6666666666666666,0.5,0.3333333333333333,0.16666666666666666,MAGISTER
2010,F,MAGSGI,5,4.0,3.0,1.0,1.0,0.8,0.6,0.2,0.2,MAGISTER
2010,F,MAGTA,7,5.0,4.0,1.0,,0.7142857142857143,0.5714285714285714,0.14285714285714285,,MAGISTER
2010,F,MED,32,32.0,30.0,30.0,29.0,1.0,0.9375,0.9375,0.90625,PREGRADO
2010,F,OBP,36,35.0,34.0,34.0,34.0,0.9722222222222222,0.9444444444444444,0.9444444444444444,0.9444444444444444,PREGRADO
2010,F,PEDCAST,24,24.0,23.0,22.0,22.0,1.0,0.9583333333333334,0.9166666666666666,0.9166666666666666,PREGRADO
2010,F,PEDEGB,14,14.0,13.0,13.0,13.0,1.0,0.9285714285714286,0.9285714285714286,0.9285714285714286,PREGRADO
2010,F,PEDFILOS,10,7.0,2.0,1.0,1.0,0.7,0.2,0.1,0.1,PREGRADO
2010,F,PEDFISMAT,23,19.0,17.0,16.0,15.0,0.8260869565217391,0.7391304347826086,0.6956521739130435,0.6521739130434783,PREGRADO
2010,F,PEDHS,38,35.0,35.0,34.0,32.0,0.9210526315789473,0.9210526315789473,0.8947368421052632,0.8421052631578947,PREGRADO
2010,F,PEDINGLES,38,36.0,34.0,35.0,34.0,0.9473684210526315,0.8947368421052632,0.9210526315789473,0.8947368421052632,PREGRADO
2010,F,PEDMATCOMP,34,28.0,23.0,22.0,19.0,0.8235294117647058,0.6764705882352942,0.6470588235294118,0.5588235294117647,PREGRADO
2010,F,PEDQUIMBIO,24,18.0,16.0,14.0,14.0,0.75,0.6666666666666666,0.5833333333333334,0.5833333333333334,PREGRADO
2010,F,PEP,6,2.0,,,1.0,0.3333333333333333,,,0.16666666666666666,PREGRADO
2010,F,PER,42,40.0,37.0,28.0,26.0,0.9523809523809523,0.8809523809523809,0.6666666666666666,0.6190476190476191,PREGRADO
2010,F,POSAG,5,,,,,,,,,POSTITUTLO
2010,F,POSAN,4,,,,,,,,,POSTITUTLO
2010,F,POSCG,3,,,1.0,,,,0.3333333333333333,,POSTITUTLO
2010,F,POSCI,5,,,,,,,,,POSTITUTLO
2010,F,POSEI,19,,,,,,,,,POSTITUTLO
2010,F,POSEMI,4,4.0,3.0,,,1.0,0.75,,,POSTITUTLO
2010,F,POSENP,1,1.0,1.0,,,1.0,1.0,,,POSTITUTLO
2010,F,POSEPI,4,4.0,4.0,,,1.0,1.0,,,POSTITUTLO
2010,F,POSEPR,7,,,,,,,,,POSTITUTLO
2010,F,POSET,14,,,,,,,,,POSTITUTLO
2010,F,POSGO,2,2.0,2.0,,,1.0,1.0,,,POSTITUTLO
2010,F,POSIC,5,,,,,,,,,POSTITUTLO
2010,F,POSLTRI,9,1.0,,,,0.1111111111111111,,,,POSTITUTLO
2010,F,POSMP,13,,,,,,,,,POSTITUTLO
2010,F,POSNEU,1,,,,,,,,,POSTITUTLO
2010,F,POSPA,4,3.0,3.0,,,0.75,0.75,,,POSTITUTLO
2010,F,POSPED,2,1.0,1.0,,,0.5,0.5,,,POSTITUTLO
2010,F,POSPP,19,1.0,,,,0.05263157894736842,,,,POSTITUTLO
2010,F,POSREI,6,2.0,1.0,,,0.3333333333333333,0.16666666666666666,,,POSTITUTLO
2010,F,POSTROR,1,,,,,,,,,POSTITUTLO
2010,F,POSTYR,1,,,,,,,,,POSTITUTLO
2010,F,PRE,14,13.0,2.0,,,0.9285714285714286,0.14285714285714285,,,PREGRADO
2010,F,PSI,41,37.0,35.0,35.0,34.0,0.9024390243902439,0.8536585365853658,0.8536585365853658,0.8292682926829268,PREGRADO
2010,F,PUB,30,26.0,20.0,19.0,18.0,0.8666666666666667,0.6666666666666666,0.6333333333333333,0.6,PREGRADO
2010,F,TAI,11,11.0,10.0,8.0,5.0,1.0,0.9090909090909091,0.7272727272727273,0.45454545454545453,PREGRADO
2010,F,TAP,63,56.0,48.0,13.0,3.0,0.8888888888888888,0.7619047619047619,0.20634920634920634,0.047619047619047616,PREGRADO
2010,F,TCI,17,13.0,12.0,,,0.7647058823529411,0.7058823529411765,,,PREGRADO
2010,F,TCO,7,6.0,5.0,3.0,,0.8571428571428571,0.7142857142857143,0.42857142857142855,,PREGRADO
2010,F,TDI,17,12.0,12.0,3.0,1.0,0.7058823529411765,0.7058823529411765,0.17647058823529413,0.058823529411764705,PREGRADO
2010,F,TEA,65,60.0,54.0,47.0,10.0,0.9230769230769231,0.8307692307692308,0.7230769230769231,0.15384615384615385,PREGRADO
2010,F,TEC,20,15.0,12.0,2.0,,0.75,0.6,0.1,,PREGRADO
2010,F,TMI,10,5.0,4.0,4.0,3.0,0.5,0.4,0.4,0.3,PREGRADO
2010,F,TQF,14,13.0,8.0,6.0,2.0,0.9285714285714286,0.5714285714285714,0.42857142857142855,0.14285714285714285,PREGRADO
2010,F,TRD,58,46.0,,,,0.7931034482758621,,,,PREGRADO
2010,F,TUI,10,5.0,3.0,,1.0,0.5,0.3,,0.1,PREGRADO
2010,M,ADMPUB,63,53.0,51.0,47.0,41.0,0.8412698412698413,0.8095238095238095,0.746031746031746,0.6507936507936508,PREGRADO
2010,M,ARQ,33,29.0,24.0,24.0,23.0,0.8787878787878788,0.7272727272727273,0.7272727272727273,0.696969696969697,PREGRADO
2010,M,BACHI,94,76.0,34.0,16.0,5.0,0.8085106382978723,0.3617021276595745,0.1702127659574468,0.05319148936170213,PREGRADO
2010,M,CCIV,76,66.0,47.0,24.0,15.0,0.868421052631579,0.618421052631579,0.3157894736842105,0.19736842105263158,PREGRADO
2010,M,CONTA,57,51.0,45.0,43.0,35.0,0.8947368421052632,0.7894736842105263,0.7543859649122807,0.6140350877192983,PREGRADO
2010,M,DIPADC,8,,,,,,,,,DIPLOMADO
2010,M,DIPAGR,2,,,,,,,,,DIPLOMADO
2010,M,DIPAP,13,,,,,,,,,DIPLOMADO
2010,M,DIPAPR,20,,,,,,,,,DIPLOMADO
2010,M,DIPAR,6,,,,,,,,,DIPLOMADO
2010,M,DIPCD,3,,,,,,,,,DIPLOMADO
2010,M,DIPCSA,21,,,,,,,,,DIPLOMADO
2010,M,DIPDCO,11,,,,,,,,,DIPLOMADO
2010,M,DIPDU,33,,,,,,,,,DIPLOMADO
2010,M,DIPEG,4,,,,,,,,,DIPLOMADO
2010,M,DIPEGC,7,,,,,,,,,DIPLOMADO
2010,M,DIPEPI,5,,,,,,,,,DIPLOMADO
2010,M,DIPET,7,,,,,,,,,DIPLOMADO
2010,M,DIPFPIT,11,,,,,,,,,DIPLOMADO
2010,M,DIPGA,9,,,,,,,,,DIPLOMADO
2010,M,DIPGCLC,9,,,,,,,,,DIPLOMADO
2010,M,DIPGCSP,9,,,,,,,,,DIPLOMADO
2010,M,DIPGD,16,,,,,,,,,DIPLOMADO
2010,M,DIPGEOE,4,,,,,,,,,DIPLOMADO
2010,M,DIPGFIN,7,,,,,,,,,DIPLOMADO
2010,M,DIPGINF,12,,,,,,,,,DIPLOMADO
2010,M,DIPGLCD,3,,,,,,,,,DIPLOMADO
2010,M,DIPGLGM,6,,,,,,,,,DIPLOMADO
2010,M,DIPGLPD,17,,,,,,,,,DIPLOMADO
2010,M,DIPGS,11,,,,,,,,,DIPLOMADO
2010,M,DIPICLI,23,,,,,,,,,DIPLOMADO
2010,M,DIPIDT,3,,,,,,,,,DIPLOMADO
2010,M,DIPIEDF,22,,,,,,,,,DIPLOMADO
2010,M,DIPIEYE,12,,,,,,,,,DIPLOMADO
2010,M,DIPMAL,5,,,,,,,,,DIPLOMADO
2010,M,DIPMCOM,7,,,,,,,,,DIPLOMADO
2010,M,DIPMD,10,,,,,,,,,DIPLOMADO
2010,M,DIPMTCA,12,,,,,,,,,DIPLOMADO
2010,M,DIPNICI,49,,,,,,,,,DIPLOMADO
2010,M,DIPPCCL,5,,,,,,,,,DIPLOMADO
2010,M,DIPPED,7,,,,,,,,,DIPLOMADO
2010,M,DIPPINF,6,,,,,,,,,DIPLOMADO
2010,M,DIPPM,7,,,,,,,,,DIPLOMADO
2010,M,DIPPPUB,9,,,,,,,,,DIPLOMADO
2010,M,DIPTDA,3,,,,,,,,,DIPLOMADO
2010,M,DIPTFCE,1,,,,,,,,,DIPLOMADO
2010,M,DOCBIO,7,7.0,6.0,5.0,5.0,1.0,0.8571428571428571,0.7142857142857143,0.7142857142857143,DOCTORADO
2010,M,DOCCSADM,17,17.0,15.0,13.0,11.0,1.0,0.8823529411764706,0.7647058823529411,0.6470588235294118,DOCTORADO
2010,M,DOCCSALIM,2,2.0,2.0,2.0,2.0,1.0,1.0,1.0,1.0,DOCTORADO
2010,M,DOCCSEDUC,6,5.0,4.0,4.0,5.0,0.8333333333333334,0.6666666666666666,0.6666666666666666,0.8333333333333334,DOCTORADO
2010,M,DOCCSFIS,2,2.0,2.0,2.0,2.0,1.0,1.0,1.0,1.0,DOCTORADO
2010,M,DOCCSING,13,11.0,9.0,7.0,5.0,0.8461538461538461,0.6923076923076923,0.5384615384615384,0.38461538461538464,DOCTORADO
2010,M,DOCCSMAT,3,3.0,2.0,2.0,2.0,1.0,0.6666666666666666,0.6666666666666666,0.6666666666666666,DOCTORADO
2010,M,DOCESTAM,9,7.0,7.0,5.0,5.0,0.7777777777777778,0.7777777777777778,0.5555555555555556,0.5555555555555556,DOCTORADO
2010,M,DOCMICROBIO,3,3.0,3.0,3.0,3.0,1.0,1.0,1.0,1.0,DOCTORADO
2010,M,DOCPSIC,10,10.0,6.0,4.0,3.0,1.0,0.6,0.4,0.3,DOCTORADO
2010,M,DOCQUIM,7,5.0,5.0,5.0,3.0,0.7142857142857143,0.7142857142857143,0.7142857142857143,0.42857142857142855,DOCTORADO
2010,M,ENF,21,19.0,17.0,17.0,15.0,0.9047619047619048,0.8095238095238095,0.8095238095238095,0.7142857142857143,PREGRADO
2010,M,ICELEC,125,102.0,102.0,94.0,89.0,0.816,0.816,0.752,0.712,PREGRADO
2010,M,ICGEOG,24,13.0,10.0,8.0,7.0,0.5416666666666666,0.4166666666666667,0.3333333333333333,0.2916666666666667,PREGRADO
2010,M,ICIND,164,144.0,128.0,108.0,88.0,0.8780487804878049,0.7804878048780488,0.6585365853658537,0.5365853658536586,PREGRADO
2010,M,ICINF,95,74.0,66.0,49.0,42.0,0.7789473684210526,0.6947368421052632,0.5157894736842106,0.4421052631578947,PREGRADO
2010,M,ICMEC,123,108.0,91.0,69.0,57.0,0.8780487804878049,0.7398373983739838,0.5609756097560976,0.4634146341463415,PREGRADO
2010,M,ICMET,56,41.0,35.0,27.0,27.0,0.7321428571428571,0.625,0.48214285714285715,0.48214285714285715,PREGRADO
2010,M,ICMIN,107,95.0,91.0,80.0,69.0,0.8878504672897196,0.8504672897196262,0.7476635514018691,0.6448598130841121,PREGRADO
2010,M,ICOBR,79,65.0,63.0,57.0,54.0,0.8227848101265823,0.7974683544303798,0.7215189873417721,0.6835443037974683,PREGRADO
2010,M,ICQUIM,43,36.0,33.0,25.0,25.0,0.8372093023255814,0.7674418604651163,0.5813953488372093,0.5813953488372093,PREGRADO
2010,M,IEAMB,12,7.0,6.0,4.0,3.0,0.5833333333333334,0.5,0.3333333333333333,0.25,PREGRADO
2010,M,IECLIM,40,23.0,17.0,17.0,16.0,0.575,0.425,0.425,0.4,PREGRADO
2010,M,IEELEC,204,135.0,118.0,103.0,77.0,0.6617647058823529,0.5784313725490197,0.5049019607843137,0.37745098039215685,PREGRADO
2010,M,IEGEOM,58,33.0,28.0,31.0,27.0,0.5689655172413793,0.4827586206896552,0.5344827586206896,0.46551724137931033,PREGRADO
2010,M,IEIND,114,88.0,84.0,80.0,49.0,0.7719298245614035,0.7368421052631579,0.7017543859649122,0.4298245614035088,PREGRADO
2010,M,IEINF,66,44.0,35.0,31.0,21.0,0.6666666666666666,0.5303030303030303,0.4696969696969697,0.3181818181818182,PREGRADO
2010,M,IEMEC,128,101.0,94.0,85.0,68.0,0.7890625,0.734375,0.6640625,0.53125,PREGRADO
2010,M,IEMET,36,23.0,20.0,20.0,17.0,0.6388888888888888,0.5555555555555556,0.5555555555555556,0.4722222222222222,PREGRADO
2010,M,IEMIN,70,55.0,50.0,48.0,44.0,0.7857142857142857,0.7142857142857143,0.6857142857142857,0.6285714285714286,PREGRADO
2010,M,IEQUIM,60,42.0,39.0,31.0,23.0,0.7,0.65,0.5166666666666667,0.38333333333333336,PREGRADO
2010,M,INGAGRO,24,12.0,11.0,11.0,11.0,0.5,0.4583333333333333,0.4583333333333333,0.4583333333333333,PREGRADO
2010,M,INGAL,12,9.0,7.0,6.0,6.0,0.75,0.5833333333333334,0.5,0.5,PREGRADO
2010,M,INGAMB,22,16.0,13.0,13.0,13.0,0.7272727272727273,0.5909090909090909,0.5909090909090909,0.5909090909090909,PREGRADO
2010,M,INGBIO,39,30.0,30.0,27.0,28.0,0.7692307692307693,0.7692307692307693,0.6923076923076923,0.717948717948718,PREGRADO
2010,M,INGCO,119,107.0,101.0,73.0,65.0,0.8991596638655462,0.8487394957983193,0.6134453781512605,0.5462184873949579,PREGRADO
2010,M,INGEST,20,19.0,20.0,18.0,16.0,0.95,1.0,0.9,0.8,PREGRADO
2010,M,INGFI,32,20.0,20.0,19.0,19.0,0.625,0.625,0.59375,0.59375,PREGRADO
2010,M,INGMA,29,23.0,17.0,12.0,11.0,0.7931034482758621,0.5862068965517241,0.41379310344827586,0.3793103448275862,PREGRADO
2010,M,LAT,14,13.0,13.0,11.0,11.0,0.9285714285714286,0.9285714285714286,0.7857142857142857,0.7857142857142857,PREGRADO
2010,M,LCC,34,24.0,22.0,20.0,18.0,0.7058823529411765,0.6470588235294118,0.5882352941176471,0.5294117647058824,PREGRADO
2010,M,LEB,22,18.0,16.0,14.0,14.0,0.8181818181818182,0.7272727272727273,0.6363636363636364,0.6363636363636364,PREGRADO
2010,M,LEE,23,18.0,16.0,16.0,14.0,0.782608695652174,0.6956521739130435,0.6956521739130435,0.6086956521739131,PREGRADO
2010,M,LEI,9,9.0,8.0,8.0,2.0,1.0,0.8888888888888888,0.8888888888888888,0.2222222222222222,PREGRADO
2010,M,LEM,30,18.0,16.0,11.0,,0.6,0.5333333333333333,0.36666666666666664,,PREGRADO
2010,M,LFM,30,18.0,11.0,5.0,2.0,0.6,0.36666666666666664,0.16666666666666666,0.06666666666666667,PREGRADO
2010,M,LICAF,32,29.0,26.0,7.0,8.0,0.90625,0.8125,0.21875,0.25,PREGRADO
2010,M,LOG,4,3.0,,,,0.75,,,,PREGRADO
2010,M,LQC,14,13.0,13.0,11.0,10.0,0.9285714285714286,0.9285714285714286,0.7857142857142857,0.7142857142857143,PREGRADO
2010,M,MAGADE,50,44.0,11.0,9.0,,0.88,0.22,0.18,,MAGISTER
2010,M,MAGARH,8,8.0,6.0,1.0,7.0,1.0,0.75,0.125,0.875,MAGISTER
2010,M,MAGCAG,41,6.0,6.0,,,0.14634146341463414,0.14634146341463414,,,MAGISTER
2010,M,MAGCC,12,11.0,7.0,,,0.9166666666666666,0.5833333333333334,,,MAGISTER
2010,M,MAGCDI,49,41.0,22.0,1.0,1.0,0.8367346938775511,0.4489795918367347,0.02040816326530612,0.02040816326530612,MAGISTER
2010,M,MAGCM,5,3.0,2.0,,,0.6,0.4,,,MAGISTER
2010,M,MAGEDU,29,22.0,6.0,3.0,2.0,0.7586206896551724,0.20689655172413793,0.10344827586206896,0.06896551724137931,MAGISTER
2010,M,MAGEF,14,9.0,6.0,3.0,1.0,0.6428571428571429,0.42857142857142855,0.21428571428571427,0.07142857142857142,MAGISTER
2010,M,MAGEI,5,5.0,3.0,,,1.0,0.6,,,MAGISTER
2010,M,MAGEII,25,24.0,14.0,14.0,5.0,0.96,0.56,0.56,0.2,MAGISTER
2010,M,MAGFC,7,5.0,3.0,3.0,2.0,0.7142857142857143,0.42857142857142855,0.42857142857142855,0.2857142857142857,MAGISTER
2010,M,MAGFP,4,4.0,2.0,2.0,,1.0,0.5,0.5,,MAGISTER
2010,M,MAGGEO,29,18.0,10.0,2.0,3.0,0.6206896551724138,0.3448275862068966,0.06896551724137931,0.10344827586206896,MAGISTER
2010,M,MAGGP,18,16.0,5.0,2.0,3.0,0.8888888888888888,0.2777777777777778,0.1111111111111111,0.16666666666666666,MAGISTER
2010,M,MAGGT,3,3.0,3.0,2.0,,1.0,1.0,0.6666666666666666,,MAGISTER
2010,M,MAGHI,17,14.0,13.0,4.0,4.0,0.8235294117647058,0.7647058823529411,0.23529411764705882,0.23529411764705882,MAGISTER
2010,M,MAGII,9,8.0,3.0,3.0,1.0,0.8888888888888888,0.3333333333333333,0.3333333333333333,0.1111111111111111,MAGISTER
2010,M,MAGLG,5,4.0,4.0,3.0,2.0,0.8,0.8,0.6,0.4,MAGISTER
2010,M,MAGLI,15,15.0,12.0,8.0,2.0,1.0,0.8,0.5333333333333333,0.13333333333333333,MAGISTER
2010,M,MAGMA,44,36.0,6.0,7.0,5.0,0.8181818181818182,0.13636363636363635,0.1590909090909091,0.11363636363636363,MAGISTER
2010,M,MAGPC,4,3.0,2.0,,1.0,0.75,0.5,,0.25,MAGISTER
2010,M,MAGPE,4,1.0,2.0,,,0.25,0.5,,,MAGISTER
2010,M,MAGPED,4,2.0,,1.0,,0.5,,0.25,,MAGISTER
2010,M,MAGPGT,23,4.0,,,,0.17391304347826086,,,,MAGISTER
2010,M,MAGPS,7,5.0,3.0,,,0.7142857142857143,0.42857142857142855,,,MAGISTER
2010,M,MAGSGI,5,5.0,2.0,1.0,,1.0,0.4,0.2,,MAGISTER
2010,M,MAGTCO,2,2.0,2.0,2.0,1.0,1.0,1.0,1.0,0.5,MAGISTER
2010,M,MED,44,41.0,40.0,39.0,39.0,0.9318181818181818,0.9090909090909091,0.8863636363636364,0.8863636363636364,PREGRADO
2010,M,OBP,12,11.0,10.0,10.0,10.0,0.9166666666666666,0.8333333333333334,0.8333333333333334,0.8333333333333334,PREGRADO
2010,M,PEDCAST,13,9.0,7.0,7.0,5.0,0.6923076923076923,0.5384615384615384,0.5384615384615384,0.38461538461538464,PREGRADO
2010,M,PEDEGB,2,2.0,2.0,2.0,2.0,1.0,1.0,1.0,1.0,PREGRADO
2010,M,PEDFILOS,19,14.0,7.0,5.0,4.0,0.7368421052631579,0.3684210526315789,0.2631578947368421,0.21052631578947367,PREGRADO
2010,M,PEDFISMAT,13,9.0,8.0,8.0,7.0,0.6923076923076923,0.6153846153846154,0.6153846153846154,0.5384615384615384,PREGRADO
2010,M,PEDHS,12,11.0,6.0,6.0,6.0,0.9166666666666666,0.5,0.5,0.5,PREGRADO
2010,M,PEDINGLES,9,9.0,9.0,7.0,7.0,1.0,1.0,0.7777777777777778,0.7777777777777778,PREGRADO
2010,M,PEDMATCOMP,24,19.0,17.0,16.0,15.0,0.7916666666666666,0.7083333333333334,0.6666666666666666,0.625,PREGRADO
2010,M,PEDQUIMBIO,10,9.0,9.0,7.0,7.0,0.9,0.9,0.7,0.7,PREGRADO
2010,M,PEP,16,11.0,5.0,4.0,,0.6875,0.3125,0.25,,PREGRADO
2010,M,PER,39,31.0,30.0,22.0,18.0,0.7948717948717948,0.7692307692307693,0.5641025641025641,0.46153846153846156,PREGRADO
2010,M,POSAG,3,,,,,,,,,POSTITUTLO
2010,M,POSAM,7,,,,,,,,,POSTITUTLO
2010,M,POSAN,5,2.0,1.0,,,0.4,0.2,,,POSTITUTLO
2010,M,POSCG,11,9.0,8.0,1.0,,0.8181818181818182,0.7272727272727273,0.09090909090909091,,POSTITUTLO
2010,M,POSCI,3,,,,,,,,,POSTITUTLO
2010,M,POSEI,1,,,,,,,,,POSTITUTLO
2010,M,POSEMC,6,,,,,,,,,POSTITUTLO
2010,M,POSEMI,5,4.0,4.0,,,0.8,0.8,,,POSTITUTLO
2010,M,POSEPI,1,1.0,1.0,,,1.0,1.0,,,POSTITUTLO
2010,M,POSEPR,13,,,,,,,,,POSTITUTLO
2010,M,POSET,10,,,,,,,,,POSTITUTLO
2010,M,POSGO,1,1.0,1.0,,,1.0,1.0,,,POSTITUTLO
2010,M,POSIC,4,,,,,,,,,POSTITUTLO
2010,M,POSLTRI,22,1.0,,,,0.045454545454545456,,,,POSTITUTLO
2010,M,POSMP,7,,,,,,,,,POSTITUTLO
2010,M,POSMU,1,1.0,1.0,,,1.0,1.0,,,POSTITUTLO
2010,M,POSNEUC,1,1.0,1.0,1.0,,1.0,1.0,1.0,,POSTITUTLO
2010,M,POSPA,2,1.0,1.0,,,0.5,0.5,,,POSTITUTLO
2010,M,POSPED,1,1.0,,,,1.0,,,,POSTITUTLO
2010,M,POSPP,8,3.0,,,,0.375,,,,POSTITUTLO
2010,M,POSREI,11,4.0,1.0,,,0.36363636363636365,0.09090909090909091,,,POSTITUTLO
2010,M,POSTROR,10,9.0,7.0,1.0,,0.9,0.7,0.1,,POSTITUTLO
2010,M,POSTYR,6,,,,,,,,,POSTITUTLO
2010,M,POSURO,3,3.0,3.0,,,1.0,1.0,,,POSTITUTLO
2010,M,PRE,16,14.0,2.0,1.0,,0.875,0.125,0.0625,,PREGRADO
2010,M,PSI,25,20.0,19.0,17.0,17.0,0.8,0.76,0.68,0.68,PREGRADO
2010,M,PUB,29,24.0,19.0,15.0,15.0,0.8275862068965517,0.6551724137931034,0.5172413793103449,0.5172413793103449,PREGRADO
2010,M,TAI,35,29.0,27.0,15.0,7.0,0.8285714285714286,0.7714285714285715,0.42857142857142855,0.2,PREGRADO
2010,M,TAP,33,29.0,25.0,9.0,4.0,0.8787878787878788,0.7575757575757576,0.2727272727272727,0.12121212121212122,PREGRADO
2010,M,TCI,22,20.0,19.0,12.0,1.0,0.9090909090909091,0.8636363636363636,0.5454545454545454,0.045454545454545456,PREGRADO
2010,M,TCO,40,34.0,32.0,17.0,4.0,0.85,0.8,0.425,0.1,PREGRADO
2010,M,TDI,17,16.0,16.0,6.0,2.0,0.9411764705882353,0.9411764705882353,0.35294117647058826,0.11764705882352941,PREGRADO
2010,M,TEA,14,11.0,8.0,4.0,2.0,0.7857142857142857,0.5714285714285714,0.2857142857142857,0.14285714285714285,PREGRADO
2010,M,TEC,73,59.0,52.0,26.0,8.0,0.8082191780821918,0.7123287671232876,0.3561643835616438,0.1095890410958904,PREGRADO
2010,M,TMI,30,20.0,16.0,10.0,5.0,0.6666666666666666,0.5333333333333333,0.3333333333333333,0.16666666666666666,PREGRADO
2010,M,TQF,25,19.0,16.0,11.0,8.0,0.76,0.64,0.44,0.32,PREGRADO
2010,M,TRD,95,53.0,7.0,,2.0,0.5578947368421052,0.07368421052631578,,0.021052631578947368,PREGRADO
2010,M,TUI,29,25.0,9.0,1.0,,0.8620689655172413,0.3103448275862069,0.034482758620689655,,PREGRADO
2011,F,ADMPUB,60,49.0,47.0,41.0,41.0,0.8166666666666667,0.7833333333333333,0.6833333333333333,0.6833333333333333,PREGRADO
2011,F,ARQ,39,32.0,32.0,31.0,31.0,0.8205128205128205,0.8205128205128205,0.7948717948717948,0.7948717948717948,PREGRADO
2011,F,BACHI,101,66.0,26.0,5.0,1.0,0.6534653465346535,0.25742574257425743,0.04950495049504951,0.009900990099009901,PREGRADO
2011,F,CCIV,17,11.0,10.0,7.0,3.0,0.6470588235294118,0.5882352941176471,0.4117647058823529,0.17647058823529413,PREGRADO
2011,F,CONTA,90,77.0,71.0,66.0,65.0,0.8555555555555555,0.7888888888888889,0.7333333333333333,0.7222222222222222,PREGRADO
2011,F,DIPADC,9,,,,,,,,,DIPLOMADO
2011,F,DIPAGR,5,,,,,,,,,DIPLOMADO
2011,F,DIPAN,3,,,,,,,,,DIPLOMADO
2011,F,DIPAP,12,,,,,,,,,DIPLOMADO
2011,F,DIPAPR,22,,,,,,,,,DIPLOMADO
2011,F,DIPCISC,9,,,,,,,,,DIPLOMADO
2011,F,DIPCOM,11,,,,,,,,,DIPLOMADO
2011,F,DIPCSA,4,,,,,,,,,DIPLOMADO
2011,F,DIPDHG,4,,,,,,,,,DIPLOMADO
2011,F,DIPDPM,5,,,,,,,,,DIPLOMADO
2011,F,DIPDRH,3,,,,,,,,,DIPLOMADO
2011,F,DIPDS,84,,,,,,,,,DIPLOMADO
2011,F,DIPDU,20,,,,,,,,,DIPLOMADO
2011,F,DIPEGC,10,,,,,,,,,DIPLOMADO
2011,F,DIPEMA,11,,,,,,,,,DIPLOMADO
2011,F,DIPFPIT,3,,,,,,,,,DIPLOMADO
2011,F,DIPGA,7,,,,,,,,,DIPLOMADO
2011,F,DIPGCLC,3,,,,,,,,,DIPLOMADO
2011,F,DIPGCSP,1,,,,,,,,,DIPLOMADO
2011,F,DIPGFIN,4,,,,,,,,,DIPLOMADO
2011,F,DIPGINF,1,,,,,,,,,DIPLOMADO
2011,F,DIPGLGM,2,,,,,,,,,DIPLOMADO
2011,F,DIPGLPD,5,,,,,,,,,DIPLOMADO
2011,F,DIPGPM,3,,,,,,,,,DIPLOMADO
2011,F,DIPGRH,7,,,,,,,,,DIPLOMADO
2011,F,DIPGS,6,,,,,,,,,DIPLOMADO
2011,F,DIPHMED,18,,,,,,,,,DIPLOMADO
2011,F,DIPICLI,1,,,,,,,,,DIPLOMADO
2011,F,DIPIEA,39,,,,,,,,,DIPLOMADO
2011,F,DIPIEDF,2,,,,,,,,,DIPLOMADO
2011,F,DIPLYDS,1,,,,,,,,,DIPLOMADO
2011,F,DIPMAEA,10,,,,,,,,,DIPLOMADO
2011,F,DIPMD,6,,,,,,,,,DIPLOMADO
2011,F,DIPMTCA,3,,,,,,,,,DIPLOMADO
2011,F,DIPNICI,46,,,,,,,,,DIPLOMADO
2011,F,DIPPCCL,17,,,,,,,,,DIPLOMADO
2011,F,DIPPED,7,,,,,,,,,DIPLOMADO
2011,F,DIPPM,4,,,,,,,,,DIPLOMADO
2011,F,DIPPMM,7,,,,,,,,,DIPLOMADO
2011,F,DIPPPUB,21,,,,,,,,,DIPLOMADO
2011,F,DIPTDA,3,,,,,,,,,DIPLOMADO
2011,F,DIPVEN,6,,,,,,,,,DIPLOMADO
2011,F,DOCBIO,6,4.0,2.0,3.0,3.0,0.6666666666666666,0.3333333333333333,0.5,0.5,DOCTORADO
2011,F,DOCCSADM,1,1.0,1.0,1.0,1.0,1.0,1.0,1.0,1.0,DOCTORADO
2011,F,DOCCSALIM,4,4.0,4.0,4.0,3.0,1.0,1.0,1.0,0.75,DOCTORADO
2011,F,DOCCSEDUC,16,9.0,9.0,9.0,6.0,0.5625,0.5625,0.5625,0.375,DOCTORADO
2011,F,DOCCSFIS,2,2.0,2.0,2.0,1.0,1.0,1.0,1.0,0.5,DOCTORADO
2011,F,DOCCSING,2,2.0,2.0,1.0,1.0,1.0,1.0,0.5,0.5,DOCTORADO
2011,F,DOCCSMAT,1,1.0,1.0,1.0,,1.0,1.0,1.0,,DOCTORADO
2011,F,DOCESTAM,10,10.0,10.0,10.0,9.0,1.0,1.0,1.0,0.9,DOCTORADO
2011,F,DOCMICROBIO,1,1.0,1.0,1.0,1.0,1.0,1.0,1.0,1.0,DOCTORADO
2011,F,DOCPSIC,1,1.0,1.0,,,1.0,1.0,,,DOCTORADO
2011,F,DOCQUIM,2,2.0,2.0,2.0,2.0,1.0,1.0,1.0,1.0,DOCTORADO
2011,F,ENF,48,45.0,45.0,45.0,44.0,0.9375,0.9375,0.9375,0.9166666666666666,PREGRADO
2011,F,ICELEC,16,15.0,11.0,11.0,11.0,0.9375,0.6875,0.6875,0.6875,PREGRADO
2011,F,ICGEOG,17,11.0,10.0,10.0,10.0,0.6470588235294118,0.5882352941176471,0.5882352941176471,0.5882352941176471,PREGRADO
2011,F,ICIND,62,58.0,55.0,45.0,37.0,0.9354838709677419,0.8870967741935484,0.7258064516129032,0.5967741935483871,PREGRADO
2011,F,ICINF,15,10.0,10.0,9.0,8.0,0.6666666666666666,0.6666666666666666,0.6,0.5333333333333333,PREGRADO
2011,F,ICMEC,15,9.0,9.0,9.0,7.0,0.6,0.6,0.6,0.4666666666666667,PREGRADO
2011,F,ICMET,20,14.0,13.0,10.0,9.0,0.7,0.65,0.5,0.45,PREGRADO
2011,F,ICMIN,26,23.0,22.0,22.0,21.0,0.8846153846153846,0.8461538461538461,0.8461538461538461,0.8076923076923077,PREGRADO
2011,F,ICOBR,25,22.0,20.0,19.0,18.0,0.88,0.8,0.76,0.72,PREGRADO
2011,F,ICQUIM,36,25.0,23.0,23.0,21.0,0.6944444444444444,0.6388888888888888,0.6388888888888888,0.5833333333333334,PREGRADO
2011,F,IEAMB,10,8.0,7.0,2.0,,0.8,0.7,0.2,,PREGRADO
2011,F,IECLIM,5,3.0,,,,0.6,,,,PREGRADO
2011,F,IEELEC,5,4.0,4.0,3.0,3.0,0.8,0.8,0.6,0.6,PREGRADO
2011,F,IEGEOM,9,6.0,6.0,4.0,4.0,0.6666666666666666,0.6666666666666666,0.4444444444444444,0.4444444444444444,PREGRADO
2011,F,IEIND,61,52.0,51.0,46.0,28.0,0.8524590163934426,0.8360655737704918,0.7540983606557377,0.45901639344262296,PREGRADO
2011,F,IEINF,10,3.0,4.0,4.0,3.0,0.3,0.4,0.4,0.3,PREGRADO
2011,F,IEMEC,9,6.0,4.0,3.0,3.0,0.6666666666666666,0.4444444444444444,0.3333333333333333,0.3333333333333333,PREGRADO
2011,F,IEMET,12,8.0,8.0,6.0,6.0,0.6666666666666666,0.6666666666666666,0.5,0.5,PREGRADO
2011,F,IEMIN,15,13.0,12.0,10.0,10.0,0.8666666666666667,0.8,0.6666666666666666,0.6666666666666666,PREGRADO
2011,F,IEQUIM,45,36.0,32.0,28.0,21.0,0.8,0.7111111111111111,0.6222222222222222,0.4666666666666667,PREGRADO
2011,F,INGAGRO,40,32.0,30.0,29.0,30.0,0.8,0.75,0.725,0.75,PREGRADO
2011,F,INGAL,34,21.0,20.0,18.0,16.0,0.6176470588235294,0.5882352941176471,0.5294117647058824,0.47058823529411764,PREGRADO
2011,F,INGAMB,28,21.0,21.0,19.0,19.0,0.75,0.75,0.6785714285714286,0.6785714285714286,PREGRADO
2011,F,INGBIO,28,20.0,18.0,18.0,17.0,0.7142857142857143,0.6428571428571429,0.6428571428571429,0.6071428571428571,PREGRADO
2011,F,INGCO,96,81.0,78.0,60.0,47.0,0.84375,0.8125,0.625,0.4895833333333333,PREGRADO
2011,F,INGEST,23,20.0,18.0,18.0,18.0,0.8695652173913043,0.782608695652174,0.782608695652174,0.782608695652174,PREGRADO
2011,F,INGFI,18,13.0,10.0,10.0,9.0,0.7222222222222222,0.5555555555555556,0.5555555555555556,0.5,PREGRADO
2011,F,INGMA,11,6.0,6.0,5.0,5.0,0.5454545454545454,0.5454545454545454,0.45454545454545453,0.45454545454545453,PREGRADO
2011,F,LAT,29,26.0,24.0,23.0,22.0,0.896551724137931,0.8275862068965517,0.7931034482758621,0.7586206896551724,PREGRADO
2011,F,LCC,11,8.0,8.0,6.0,7.0,0.7272727272727273,0.7272727272727273,0.5454545454545454,0.6363636363636364,PREGRADO
2011,F,LEB,15,13.0,12.0,11.0,11.0,0.8666666666666667,0.8,0.7333333333333333,0.7333333333333333,PREGRADO
2011,F,LEE,25,14.0,14.0,11.0,11.0,0.56,0.56,0.44,0.44,PREGRADO
2011,F,LEI,21,17.0,15.0,15.0,4.0,0.8095238095238095,0.7142857142857143,0.7142857142857143,0.19047619047619047,PREGRADO
2011,F,LFM,10,6.0,4.0,3.0,,0.6,0.4,0.3,,PREGRADO
2011,F,LICAF,9,6.0,6.0,4.0,4.0,0.6666666666666666,0.6666666666666666,0.4444444444444444,0.4444444444444444,PREGRADO
2011,F,LOG,2,2.0,,,,1.0,,,,PREGRADO
2011,F,LQC,17,14.0,11.0,6.0,6.0,0.8235294117647058,0.6470588235294118,0.35294117647058826,0.35294117647058826,PREGRADO
2011,F,MAGADE,23,17.0,3.0,3.0,,0.7391304347826086,0.13043478260869565,0.13043478260869565,,MAGISTER
2011,F,MAGARH,10,10.0,9.0,4.0,1.0,1.0,0.9,0.4,0.1,MAGISTER
2011,F,MAGAS,6,6.0,,,,1.0,,,,MAGISTER
2011,F,MAGCAG,15,11.0,,3.0,,0.7333333333333333,,0.2,,MAGISTER
2011,F,MAGCC,19,17.0,10.0,3.0,,0.8947368421052632,0.5263157894736842,0.15789473684210525,,MAGISTER
2011,F,MAGCDA,1,,,,,,,,,MAGISTER
2011,F,MAGCDI,4,4.0,3.0,,,1.0,0.75,,,MAGISTER
2011,F,MAGCM,2,1.0,1.0,,,0.5,0.5,,,MAGISTER
2011,F,MAGEDU,56,51.0,19.0,7.0,6.0,0.9107142857142857,0.3392857142857143,0.125,0.10714285714285714,MAGISTER
2011,F,MAGEF,18,9.0,7.0,5.0,1.0,0.5,0.3888888888888889,0.2777777777777778,0.05555555555555555,MAGISTER
2011,F,MAGEI,4,4.0,4.0,1.0,1.0,1.0,1.0,0.25,0.25,MAGISTER
2011,F,MAGEII,6,6.0,4.0,6.0,,1.0,0.6666666666666666,1.0,,MAGISTER
2011,F,MAGFC,2,2.0,2.0,2.0,1.0,1.0,1.0,1.0,0.5,MAGISTER
2011,F,MAGFP,1,1.0,,,,1.0,,,,MAGISTER
2011,F,MAGGEO,9,6.0,4.0,,,0.6666666666666666,0.4444444444444444,,,MAGISTER
2011,F,MAGGP,15,12.0,6.0,2.0,3.0,0.8,0.4,0.13333333333333333,0.2,MAGISTER
2011,F,MAGGT,1,1.0,,,1.0,1.0,,,1.0,MAGISTER
2011,F,MAGHI,11,8.0,7.0,3.0,1.0,0.7272727272727273,0.6363636363636364,0.2727272727272727,0.09090909090909091,MAGISTER
2011,F,MAGII,1,1.0,1.0,,,1.0,1.0,,,MAGISTER
2011,F,MAGLG,20,15.0,10.0,4.0,1.0,0.75,0.5,0.2,0.05,MAGISTER
2011,F,MAGLI,25,25.0,19.0,10.0,3.0,1.0,0.76,0.4,0.12,MAGISTER
2011,F,MAGMA,31,28.0,10.0,6.0,5.0,0.9032258064516129,0.3225806451612903,0.1935483870967742,0.16129032258064516,MAGISTER
2011,F,MAGPC,8,7.0,7.0,7.0,5.0,0.875,0.875,0.875,0.625,MAGISTER
2011,F,MAGPE,2,,,,,,,,,MAGISTER
2011,F,MAGPED,5,4.0,,1.0,,0.8,,0.2,,MAGISTER
2011,F,MAGPGT,11,4.0,1.0,,,0.36363636363636365,0.09090909090909091,,,MAGISTER
2011,F,MAGQUI,9,8.0,4.0,,,0.8888888888888888,0.4444444444444444,,,MAGISTER
2011,F,MAGSGI,1,1.0,1.0,,,1.0,1.0,,,MAGISTER
2011,F,MAGTA,4,4.0,2.0,,,1.0,0.5,,,MAGISTER
2011,F,MED,31,26.0,25.0,25.0,25.0,0.8387096774193549,0.8064516129032258,0.8064516129032258,0.8064516129032258,PREGRADO
2011,F,MIDA,2,2.0,,1.0,,1.0,,0.5,,MAGISTER
2011,F,OBP,41,35.0,35.0,34.0,33.0,0.8536585365853658,0.8536585365853658,0.8292682926829268,0.8048780487804879,PREGRADO
2011,F,PEDCAST,29,23.0,20.0,20.0,20.0,0.7931034482758621,0.6896551724137931,0.6896551724137931,0.6896551724137931,PREGRADO
2011,F,PEDEDFIS,4,4.0,4.0,4.0,4.0,1.0,1.0,1.0,1.0,PREGRADO
2011,F,PEDEGB,37,31.0,31.0,30.0,30.0,0.8378378378378378,0.8378378378378378,0.8108108108108109,0.8108108108108109,PREGRADO
2011,F,PEDFILOS,18,10.0,10.0,6.0,6.0,0.5555555555555556,0.5555555555555556,0.3333333333333333,0.3333333333333333,PREGRADO
2011,F,PEDFISMAT,17,15.0,14.0,12.0,11.0,0.8823529411764706,0.8235294117647058,0.7058823529411765,0.6470588235294118,PREGRADO
2011,F,PEDHS,25,24.0,22.0,21.0,21.0,0.96,0.88,0.84,0.84,PREGRADO
2011,F,PEDINGLES,40,36.0,34.0,31.0,30.0,0.9,0.85,0.775,0.75,PREGRADO
2011,F,PEDMATCOMP,22,18.0,17.0,15.0,15.0,0.8181818181818182,0.7727272727272727,0.6818181818181818,0.6818181818181818,PREGRADO
2011,F,PEDQUIMBIO,34,27.0,25.0,20.0,20.0,0.7941176470588235,0.7352941176470589,0.5882352941176471,0.5882352941176471,PREGRADO
2011,F,PEP,9,7.0,2.0,,1.0,0.7777777777777778,0.2222222222222222,,0.1111111111111111,PREGRADO
2011,F,PER,33,24.0,20.0,19.0,18.0,0.7272727272727273,0.6060606060606061,0.5757575757575758,0.5454545454545454,PREGRADO
2011,F,POSACU,40,,,,,,,,,POSTITUTLO
2011,F,POSAG,3,,,,,,,,,POSTITUTLO
2011,F,POSAGE,11,,,,,,,,,POSTITUTLO
2011,F,POSAM,2,,,,,,,,,POSTITUTLO
2011,F,POSAN,1,,,,,,,,,POSTITUTLO
2011,F,POSCG,5,4.0,4.0,1.0,1.0,0.8,0.8,0.2,0.2,POSTITUTLO
2011,F,POSCI,3,,,,,,,,,POSTITUTLO
2011,F,POSEI,23,,,,,,,,,POSTITUTLO
2011,F,POSEMI,3,2.0,2.0,,,0.6666666666666666,0.6666666666666666,,,POSTITUTLO
2011,F,POSEMP,26,,,,,,,,,POSTITUTLO
2011,F,POSENP,1,1.0,1.0,,,1.0,1.0,,,POSTITUTLO
2011,F,POSEPI,6,3.0,3.0,,,0.5,0.5,,,POSTITUTLO
2011,F,POSEPR,6,,,,,,,,,POSTITUTLO
2011,F,POSET,6,,,,,,,,,POSTITUTLO
2011,F,POSIA,1,1.0,1.0,,,1.0,1.0,,,POSTITUTLO
2011,F,POSIAM,5,,,,,,,,,POSTITUTLO
2011,F,POSLTRI,8,,,,,,,,,POSTITUTLO
2011,F,POSNEU,2,2.0,2.0,,1.0,1.0,1.0,,0.5,POSTITUTLO
2011,F,POSNEUC,1,1.0,1.0,1.0,,1.0,1.0,1.0,,POSTITUTLO
2011,F,POSPA,2,2.0,2.0,,,1.0,1.0,,,POSTITUTLO
2011,F,POSPED,1,,,,,,,,,POSTITUTLO
2011,F,POSPP,28,1.0,,,,0.03571428571428571,,,,POSTITUTLO
2011,F,POSREI,1,1.0,1.0,,,1.0,1.0,,,POSTITUTLO
2011,F,POSTROR,2,2.0,2.0,,,1.0,1.0,,,POSTITUTLO
2011,F,PRE,18,17.0,3.0,,,0.9444444444444444,0.16666666666666666,,,PREGRADO
2011,F,PSI,42,38.0,38.0,39.0,38.0,0.9047619047619048,0.9047619047619048,0.9285714285714286,0.9047619047619048,PREGRADO
2011,F,PUB,38,36.0,33.0,32.0,30.0,0.9473684210526315,0.868421052631579,0.8421052631578947,0.7894736842105263,PREGRADO
2011,F,TAI,3,3.0,3.0,1.0,1.0,1.0,1.0,0.3333333333333333,0.3333333333333333,PREGRADO
2011,F,TAP,56,47.0,41.0,10.0,1.0,0.8392857142857143,0.7321428571428571,0.17857142857142858,0.017857142857142856,PREGRADO
2011,F,TCI,23,20.0,17.0,4.0,,0.8695652173913043,0.7391304347826086,0.17391304347826086,,PREGRADO
2011,F,TCO,7,6.0,6.0,4.0,3.0,0.8571428571428571,0.8571428571428571,0.5714285714285714,0.42857142857142855,PREGRADO
2011,F,TDI,28,22.0,21.0,12.0,1.0,0.7857142857142857,0.75,0.42857142857142855,0.03571428571428571,PREGRADO
2011,F,TEA,49,45.0,40.0,32.0,8.0,0.9183673469387755,0.8163265306122449,0.6530612244897959,0.16326530612244897,PREGRADO
2011,F,TEC,26,19.0,16.0,10.0,1.0,0.7307692307692307,0.6153846153846154,0.38461538461538464,0.038461538461538464,PREGRADO
2011,F,TMI,2,2.0,2.0,1.0,1.0,1.0,1.0,0.5,0.5,PREGRADO
2011,F,TQF,34,31.0,21.0,19.0,6.0,0.9117647058823529,0.6176470588235294,0.5588235294117647,0.17647058823529413,PREGRADO
2011,F,TRD,54,34.0,1.0,,,0.6296296296296297,0.018518518518518517,,,PREGRADO
2011,F,TUI,5,5.0,1.0,,2.0,1.0,0.2,,0.4,PREGRADO
2011,M,ADMPUB,48,37.0,34.0,30.0,31.0,0.7708333333333334,0.7083333333333334,0.625,0.6458333333333334,PREGRADO
2011,M,ARQ,31,28.0,27.0,25.0,22.0,0.9032258064516129,0.8709677419354839,0.8064516129032258,0.7096774193548387,PREGRADO
2011,M,BACHI,95,71.0,30.0,5.0,1.0,0.7473684210526316,0.3157894736842105,0.05263157894736842,0.010526315789473684,PREGRADO
2011,M,CCIV,99,77.0,63.0,45.0,23.0,0.7777777777777778,0.6363636363636364,0.45454545454545453,0.23232323232323232,PREGRADO
2011,M,CONTA,83,66.0,59.0,56.0,56.0,0.7951807228915663,0.7108433734939759,0.6746987951807228,0.6746987951807228,PREGRADO
2011,M,DIPADC,14,,,,,,,,,DIPLOMADO
2011,M,DIPAGR,11,,,,,,,,,DIPLOMADO
2011,M,DIPAN,7,,,,,,,,,DIPLOMADO
2011,M,DIPAP,15,,,,,,,,,DIPLOMADO
2011,M,DIPAPR,14,,,,,,,,,DIPLOMADO
2011,M,DIPCISC,6,,,,,,,,,DIPLOMADO
2011,M,DIPCOM,4,,,,,,,,,DIPLOMADO
2011,M,DIPCSA,16,,,,,,,,,DIPLOMADO
2011,M,DIPDHG,10,,,,,,,,,DIPLOMADO
2011,M,DIPDPM,12,,,,,,,,,DIPLOMADO
2011,M,DIPDRH,3,,,,,,,,,DIPLOMADO
2011,M,DIPDS,57,,,,,,,,,DIPLOMADO
2011,M,DIPDU,26,,,,,,,,,DIPLOMADO
2011,M,DIPEGC,5,,,,,,,,,DIPLOMADO
2011,M,DIPEMA,7,,,,,,,,,DIPLOMADO
2011,M,DIPFPIT,14,,,,,,,,,DIPLOMADO
2011,M,DIPGA,20,,,,,,,,,DIPLOMADO
2011,M,DIPGCLC,1,,,,,,,,,DIPLOMADO
2011,M,DIPGCSP,6,,,,,,,,,DIPLOMADO
2011,M,DIPGFIN,14,,,,,,,,,DIPLOMADO
2011,M,DIPGINF,10,,,,,,,,,DIPLOMADO
2011,M,DIPGLGM,3,,,,,,,,,DIPLOMADO
2011,M,DIPGLPD,20,,,,,,,,,DIPLOMADO
2011,M,DIPGPM,9,,,,,,,,,DIPLOMADO
2011,M,DIPGRH,5,,,,,,,,,DIPLOMADO
2011,M,DIPGS,17,,,,,,,,,DIPLOMADO
2011,M,DIPHMED,5,,,,,,,,,DIPLOMADO
2011,M,DIPICLI,21,,,,,,,,,DIPLOMADO
2011,M,DIPIEA,25,,,,,,,,,DIPLOMADO
2011,M,DIPIEDF,14,,,,,,,,,DIPLOMADO
2011,M,DIPLYDS,26,,,,,,,,,DIPLOMADO
2011,M,DIPMAEA,18,,,,,,,,,DIPLOMADO
2011,M,DIPMAL,4,,,,,,,,,DIPLOMADO
2011,M,DIPMD,5,,,,,,,,,DIPLOMADO
2011,M,DIPMTCA,1,,,,,,,,,DIPLOMADO
2011,M,DIPNICI,58,,,,,,,,,DIPLOMADO
2011,M,DIPPCCL,8,,,,,,,,,DIPLOMADO
2011,M,DIPPED,10,,,,,,,,,DIPLOMADO
2011,M,DIPPINF,11,,,,,,,,,DIPLOMADO
2011,M,DIPPM,6,1.0,,,,0.16666666666666666,,,,DIPLOMADO
2011,M,DIPPMM,11,,,,,,,,,DIPLOMADO
2011,M,DIPPPUB,12,,,,,,,,,DIPLOMADO
2011,M,DIPTDA,8,,,,,,,,,DIPLOMADO
2011,M,DIPVEN,2,,,,,,,,,DIPLOMADO
2011,M,DOCBIO,1,,,,,,,,,DOCTORADO
2011,M,DOCCSADM,9,9.0,9.0,8.0,8.0,1.0,1.0,0.8888888888888888,0.8888888888888888,DOCTORADO
2011,M,DOCCSALIM,1,,,,,,,,,DOCTORADO
2011,M,DOCCSEDUC,4,2.0,2.0,1.0,2.0,0.5,0.5,0.25,0.5,DOCTORADO
2011,M,DOCCSFIS,3,3.0,3.0,3.0,3.0,1.0,1.0,1.0,1.0,DOCTORADO
2011,M,DOCCSING,10,9.0,10.0,8.0,6.0,0.9,1.0,0.8,0.6,DOCTORADO
2011,M,DOCCSMAT,3,3.0,3.0,3.0,2.0,1.0,1.0,1.0,0.6666666666666666,DOCTORADO
2011,M,DOCESTAM,9,8.0,6.0,6.0,4.0,0.8888888888888888,0.6666666666666666,0.6666666666666666,0.4444444444444444,DOCTORADO
2011,M,DOCMICROBIO,3,3.0,3.0,3.0,3.0,1.0,1.0,1.0,1.0,DOCTORADO
2011,M,DOCNEUROC,2,2.0,2.0,2.0,1.0,1.0,1.0,1.0,0.5,DOCTORADO
2011,M,DOCQUIM,2,,,,,,,,,DOCTORADO
2011,M,ENF,14,12.0,12.0,12.0,12.0,0.8571428571428571,0.8571428571428571,0.8571428571428571,0.8571428571428571,PREGRADO
2011,M,ICELEC,132,90.0,80.0,76.0,68.0,0.6818181818181818,0.6060606060606061,0.5757575757575758,0.5151515151515151,PREGRADO
2011,M,ICGEOG,27,15.0,16.0,15.0,13.0,0.5555555555555556,0.5925925925925926,0.5555555555555556,0.48148148148148145,PREGRADO
2011,M,ICIND,155,136.0,126.0,110.0,94.0,0.8774193548387097,0.8129032258064516,0.7096774193548387,0.6064516129032258,PREGRADO
2011,M,ICINF,99,72.0,69.0,64.0,45.0,0.7272727272727273,0.696969696969697,0.6464646464646465,0.45454545454545453,PREGRADO
2011,M,ICMEC,156,127.0,111.0,99.0,88.0,0.8141025641025641,0.7115384615384616,0.6346153846153846,0.5641025641025641,PREGRADO
2011,M,ICMET,58,47.0,44.0,37.0,30.0,0.8103448275862069,0.7586206896551724,0.6379310344827587,0.5172413793103449,PREGRADO
2011,M,ICMIN,153,128.0,120.0,115.0,109.0,0.8366013071895425,0.7843137254901961,0.7516339869281046,0.7124183006535948,PREGRADO
2011,M,ICOBR,119,101.0,90.0,76.0,70.0,0.8487394957983193,0.7563025210084033,0.6386554621848739,0.5882352941176471,PREGRADO
2011,M,ICQUIM,48,33.0,33.0,30.0,30.0,0.6875,0.6875,0.625,0.625,PREGRADO
2011,M,IEAMB,5,4.0,4.0,3.0,1.0,0.8,0.8,0.6,0.2,PREGRADO
2011,M,IECLIM,42,21.0,17.0,16.0,12.0,0.5,0.40476190476190477,0.38095238095238093,0.2857142857142857,PREGRADO
2011,M,IEELEC,179,133.0,117.0,99.0,71.0,0.7430167597765364,0.6536312849162011,0.553072625698324,0.39664804469273746,PREGRADO
2011,M,IEGEOM,46,27.0,23.0,19.0,18.0,0.5869565217391305,0.5,0.41304347826086957,0.391304347826087,PREGRADO
2011,M,IEIND,105,80.0,70.0,60.0,42.0,0.7619047619047619,0.6666666666666666,0.5714285714285714,0.4,PREGRADO
2011,M,IEINF,86,64.0,57.0,52.0,43.0,0.7441860465116279,0.6627906976744186,0.6046511627906976,0.5,PREGRADO
2011,M,IEMEC,128,95.0,80.0,73.0,54.0,0.7421875,0.625,0.5703125,0.421875,PREGRADO
2011,M,IEMET,42,32.0,28.0,25.0,23.0,0.7619047619047619,0.6666666666666666,0.5952380952380952,0.5476190476190477,PREGRADO
2011,M,IEMIN,55,39.0,41.0,35.0,27.0,0.7090909090909091,0.7454545454545455,0.6363636363636364,0.4909090909090909,PREGRADO
2011,M,IEQUIM,47,29.0,27.0,26.0,24.0,0.6170212765957447,0.574468085106383,0.5531914893617021,0.5106382978723404,PREGRADO
2011,M,INGAGRO,21,15.0,11.0,10.0,10.0,0.7142857142857143,0.5238095238095238,0.47619047619047616,0.47619047619047616,PREGRADO
2011,M,INGAL,10,7.0,5.0,4.0,4.0,0.7,0.5,0.4,0.4,PREGRADO
2011,M,INGAMB,19,16.0,13.0,13.0,13.0,0.8421052631578947,0.6842105263157895,0.6842105263157895,0.6842105263157895,PREGRADO
2011,M,INGBIO,24,18.0,16.0,13.0,13.0,0.75,0.6666666666666666,0.5416666666666666,0.5416666666666666,PREGRADO
2011,M,INGCO,107,94.0,86.0,65.0,59.0,0.8785046728971962,0.8037383177570093,0.6074766355140186,0.5514018691588785,PREGRADO
2011,M,INGEST,16,13.0,10.0,9.0,8.0,0.8125,0.625,0.5625,0.5,PREGRADO
2011,M,INGFI,33,27.0,22.0,14.0,13.0,0.8181818181818182,0.6666666666666666,0.42424242424242425,0.3939393939393939,PREGRADO
2011,M,INGMA,33,17.0,13.0,9.0,5.0,0.5151515151515151,0.3939393939393939,0.2727272727272727,0.15151515151515152,PREGRADO
2011,M,LAT,11,9.0,9.0,8.0,8.0,0.8181818181818182,0.8181818181818182,0.7272727272727273,0.7272727272727273,PREGRADO
2011,M,LCC,37,25.0,18.0,18.0,16.0,0.6756756756756757,0.4864864864864865,0.4864864864864865,0.43243243243243246,PREGRADO
2011,M,LEB,14,14.0,14.0,14.0,14.0,1.0,1.0,1.0,1.0,PREGRADO
2011,M,LEE,21,13.0,10.0,10.0,9.0,0.6190476190476191,0.47619047619047616,0.47619047619047616,0.42857142857142855,PREGRADO
2011,M,LEI,14,12.0,11.0,10.0,2.0,0.8571428571428571,0.7857142857142857,0.7142857142857143,0.14285714285714285,PREGRADO
2011,M,LFM,33,25.0,17.0,7.0,,0.7575757575757576,0.5151515151515151,0.21212121212121213,,PREGRADO
2011,M,LICAF,17,9.0,9.0,8.0,8.0,0.5294117647058824,0.5294117647058824,0.47058823529411764,0.47058823529411764,PREGRADO
2011,M,LOG,9,8.0,,,,0.8888888888888888,,,,PREGRADO
2011,M,LQC,10,7.0,6.0,5.0,5.0,0.7,0.6,0.5,0.5,PREGRADO
2011,M,MAGADE,50,36.0,8.0,3.0,5.0,0.72,0.16,0.06,0.1,MAGISTER
2011,M,MAGARH,8,8.0,5.0,4.0,1.0,1.0,0.625,0.5,0.125,MAGISTER
2011,M,MAGAS,2,2.0,,,,1.0,,,,MAGISTER
2011,M,MAGCAG,16,12.0,2.0,2.0,,0.75,0.125,0.125,,MAGISTER
2011,M,MAGCC,11,9.0,7.0,,1.0,0.8181818181818182,0.6363636363636364,,0.09090909090909091,MAGISTER
2011,M,MAGCDA,5,,,,,,,,,MAGISTER
2011,M,MAGCDI,31,27.0,14.0,5.0,2.0,0.8709677419354839,0.45161290322580644,0.16129032258064516,0.06451612903225806,MAGISTER
2011,M,MAGCM,14,13.0,8.0,3.0,2.0,0.9285714285714286,0.5714285714285714,0.21428571428571427,0.14285714285714285,MAGISTER
2011,M,MAGEDU,26,21.0,7.0,4.0,6.0,0.8076923076923077,0.2692307692307692,0.15384615384615385,0.23076923076923078,MAGISTER
2011,M,MAGEF,31,22.0,15.0,8.0,7.0,0.7096774193548387,0.4838709677419355,0.25806451612903225,0.22580645161290322,MAGISTER
2011,M,MAGEI,10,8.0,6.0,4.0,3.0,0.8,0.6,0.4,0.3,MAGISTER
2011,M,MAGEII,17,15.0,11.0,10.0,2.0,0.8823529411764706,0.6470588235294118,0.5882352941176471,0.11764705882352941,MAGISTER
2011,M,MAGFC,8,7.0,5.0,2.0,,0.875,0.625,0.25,,MAGISTER
2011,M,MAGFP,6,5.0,3.0,1.0,2.0,0.8333333333333334,0.5,0.16666666666666666,0.3333333333333333,MAGISTER
2011,M,MAGGEO,13,7.0,3.0,1.0,3.0,0.5384615384615384,0.23076923076923078,0.07692307692307693,0.23076923076923078,MAGISTER
2011,M,MAGGP,16,12.0,8.0,3.0,3.0,0.75,0.5,0.1875,0.1875,MAGISTER
2011,M,MAGGT,6,5.0,3.0,1.0,3.0,0.8333333333333334,0.5,0.16666666666666666,0.5,MAGISTER
2011,M,MAGHI,9,8.0,6.0,5.0,2.0,0.8888888888888888,0.6666666666666666,0.5555555555555556,0.2222222222222222,MAGISTER
2011,M,MAGII,17,14.0,11.0,8.0,2.0,0.8235294117647058,0.6470588235294118,0.47058823529411764,0.11764705882352941,MAGISTER
2011,M,MAGLG,9,9.0,8.0,3.0,1.0,1.0,0.8888888888888888,0.3333333333333333,0.1111111111111111,MAGISTER
2011,M,MAGLI,8,6.0,2.0,2.0,1.0,0.75,0.25,0.25,0.125,MAGISTER
2011,M,MAGMA,36,26.0,11.0,4.0,6.0,0.7222222222222222,0.3055555555555556,0.1111111111111111,0.16666666666666666,MAGISTER
2011,M,MAGPC,4,4.0,3.0,2.0,2.0,1.0,0.75,0.5,0.5,MAGISTER
2011,M,MAGPE,2,2.0,,,,1.0,,,,MAGISTER
2011,M,MAGPED,10,7.0,3.0,2.0,2.0,0.7,0.3,0.2,0.2,MAGISTER
2011,M,MAGPGT,13,6.0,,,,0.46153846153846156,,,,MAGISTER
2011,M,MAGQUI,4,4.0,2.0,1.0,,1.0,0.5,0.25,,MAGISTER
2011,M,MAGSGI,6,5.0,6.0,2.0,1.0,0.8333333333333334,1.0,0.3333333333333333,0.16666666666666666,MAGISTER
2011,M,MAGTCO,7,3.0,1.0,,3.0,0.42857142857142855,0.14285714285714285,,0.42857142857142855,MAGISTER
2011,M,MED,43,32.0,29.0,29.0,29.0,0.7441860465116279,0.6744186046511628,0.6744186046511628,0.6744186046511628,PREGRADO
2011,M,MIDA,5,5.0,2.0,3.0,2.0,1.0,0.4,0.6,0.4,MAGISTER
2011,M,OBP,6,4.0,4.0,4.0,4.0,0.6666666666666666,0.6666666666666666,0.6666666666666666,0.6666666666666666,PREGRADO
2011,M,PEDCAST,16,14.0,13.0,12.0,10.0,0.875,0.8125,0.75,0.625,PREGRADO
2011,M,PEDEDFIS,8,8.0,8.0,8.0,8.0,1.0,1.0,1.0,1.0,PREGRADO
2011,M,PEDEGB,8,6.0,4.0,4.0,4.0,0.75,0.5,0.5,0.5,PREGRADO
2011,M,PEDFILOS,10,10.0,8.0,7.0,5.0,1.0,0.8,0.7,0.5,PREGRADO
2011,M,PEDFISMAT,24,19.0,16.0,14.0,13.0,0.7916666666666666,0.6666666666666666,0.5833333333333334,0.5416666666666666,PREGRADO
2011,M,PEDHS,26,22.0,19.0,18.0,16.0,0.8461538461538461,0.7307692307692307,0.6923076923076923,0.6153846153846154,PREGRADO
2011,M,PEDINGLES,14,13.0,12.0,11.0,11.0,0.9285714285714286,0.8571428571428571,0.7857142857142857,0.7857142857142857,PREGRADO
2011,M,PEDMATCOMP,19,14.0,14.0,13.0,13.0,0.7368421052631579,0.7368421052631579,0.6842105263157895,0.6842105263157895,PREGRADO
2011,M,PEDQUIMBIO,14,14.0,13.0,12.0,11.0,1.0,0.9285714285714286,0.8571428571428571,0.7857142857142857,PREGRADO
2011,M,PEP,8,8.0,3.0,1.0,1.0,1.0,0.375,0.125,0.125,PREGRADO
2011,M,PER,31,28.0,28.0,17.0,20.0,0.9032258064516129,0.9032258064516129,0.5483870967741935,0.6451612903225806,PREGRADO
2011,M,POSACU,18,,,,,,,,,POSTITUTLO
2011,M,POSAG,4,,,,,,,,,POSTITUTLO
2011,M,POSAGE,4,,,,,,,,,POSTITUTLO
2011,M,POSAM,4,,,,,,,,,POSTITUTLO
2011,M,POSAN,1,1.0,1.0,,,1.0,1.0,,,POSTITUTLO
2011,M,POSAPA,1,1.0,1.0,,,1.0,1.0,,,POSTITUTLO
2011,M,POSCG,5,2.0,4.0,1.0,1.0,0.4,0.8,0.2,0.2,POSTITUTLO
2011,M,POSCI,2,,,,,,,,,POSTITUTLO
2011,M,POSEBP,1,1.0,1.0,,,1.0,1.0,,,POSTITUTLO
2011,M,POSEI,2,,,,,,,,,POSTITUTLO
2011,M,POSEMI,5,4.0,4.0,,,0.8,0.8,,,POSTITUTLO
2011,M,POSEMP,12,,,,,,,,,POSTITUTLO
2011,M,POSEPI,1,1.0,1.0,,,1.0,1.0,,,POSTITUTLO
2011,M,POSEPR,19,,,,,,,,,POSTITUTLO
2011,M,POSET,2,,,,,,,,,POSTITUTLO
2011,M,POSGO,2,2.0,2.0,,,1.0,1.0,,,POSTITUTLO
2011,M,POSIAM,9,,,,,,,,,POSTITUTLO
2011,M,POSLTRI,22,1.0,,,,0.045454545454545456,,,,POSTITUTLO
2011,M,POSMU,3,1.0,1.0,,,0.3333333333333333,0.3333333333333333,,,POSTITUTLO
2011,M,POSNEUP,2,2.0,,,,1.0,,,,POSTITUTLO
2011,M,POSPA,5,5.0,5.0,,,1.0,1.0,,,POSTITUTLO
2011,M,POSPED,2,1.0,1.0,,,0.5,0.5,,,POSTITUTLO
2011,M,POSPP,10,,,,,,,,,POSTITUTLO
2011,M,POSREI,1,1.0,1.0,,,1.0,1.0,,,POSTITUTLO
2011,M,POSTROR,10,10.0,9.0,,,1.0,0.9,,,POSTITUTLO
2011,M,POSURO,2,2.0,1.0,,,1.0,0.5,,,POSTITUTLO
2011,M,PRE,28,24.0,8.0,1.0,,0.8571428571428571,0.2857142857142857,0.03571428571428571,,PREGRADO
2011,M,PSI,23,21.0,18.0,16.0,16.0,0.9130434782608695,0.782608695652174,0.6956521739130435,0.6956521739130435,PREGRADO
2011,M,PUB,28,19.0,16.0,14.0,14.0,0.6785714285714286,0.5714285714285714,0.5,0.5,PREGRADO
2011,M,TAI,49,44.0,42.0,28.0,14.0,0.8979591836734694,0.8571428571428571,0.5714285714285714,0.2857142857142857,PREGRADO
2011,M,TAP,41,27.0,26.0,11.0,4.0,0.6585365853658537,0.6341463414634146,0.2682926829268293,0.0975609756097561,PREGRADO
2011,M,TCI,26,20.0,18.0,11.0,2.0,0.7692307692307693,0.6923076923076923,0.4230769230769231,0.07692307692307693,PREGRADO
2011,M,TCO,47,42.0,35.0,6.0,2.0,0.8936170212765957,0.7446808510638298,0.1276595744680851,0.0425531914893617,PREGRADO
2011,M,TDI,18,15.0,13.0,8.0,1.0,0.8333333333333334,0.7222222222222222,0.4444444444444444,0.05555555555555555,PREGRADO
2011,M,TEA,8,8.0,7.0,4.0,2.0,1.0,0.875,0.5,0.25,PREGRADO
2011,M,TEC,73,59.0,51.0,24.0,3.0,0.8082191780821918,0.6986301369863014,0.3287671232876712,0.0410958904109589,PREGRADO
2011,M,TMI,25,19.0,18.0,13.0,2.0,0.76,0.72,0.52,0.08,PREGRADO
2011,M,TQF,16,12.0,9.0,7.0,4.0,0.75,0.5625,0.4375,0.25,PREGRADO
2011,M,TRD,103,53.0,3.0,,2.0,0.5145631067961165,0.02912621359223301,,0.019417475728155338,PREGRADO
2011,M,TUI,27,19.0,4.0,,,0.7037037037037037,0.14814814814814814,,,PREGRADO
2012,F,ADMPUB,63,54.0,53.0,52.0,51.0,0.8571428571428571,0.8412698412698413,0.8253968253968254,0.8095238095238095,PREGRADO
2012,F,ARQ,46,36.0,34.0,34.0,33.0,0.782608695652174,0.7391304347826086,0.7391304347826086,0.717391304347826,PREGRADO
2012,F,BACHI,143,99.0,39.0,5.0,,0.6923076923076923,0.2727272727272727,0.03496503496503497,,PREGRADO
2012,F,CCIV,21,18.0,16.0,10.0,6.0,0.8571428571428571,0.7619047619047619,0.47619047619047616,0.2857142857142857,PREGRADO
2012,F,CONTA,83,77.0,72.0,71.0,69.0,0.927710843373494,0.8674698795180723,0.8554216867469879,0.8313253012048193,PREGRADO
2012,F,DIPADC,15,,,,,,,,,DIPLOMADO
2012,F,DIPAGR,4,,,,,,,,,DIPLOMADO
2012,F,DIPAN,4,,,,,,,,,DIPLOMADO
2012,F,DIPAP,13,,,,,,,,,DIPLOMADO
2012,F,DIPAPR,31,,,,,,,,,DIPLOMADO
2012,F,DIPCISC,5,,,,,,,,,DIPLOMADO
2012,F,DIPCOM,5,,,,,,,,,DIPLOMADO
2012,F,DIPCSA,6,,,,,,,,,DIPLOMADO
2012,F,DIPDFIG,10,,,,,,,,,DIPLOMADO
2012,F,DIPDHG,3,,,,,,,,,DIPLOMADO
2012,F,DIPDI,1,,,,,,,,,DIPLOMADO
2012,F,DIPDS,93,,,,,,,,,DIPLOMADO
2012,F,DIPDU,9,,,,,,,,,DIPLOMADO
2012,F,DIPEGC,25,,,,,,,,,DIPLOMADO
2012,F,DIPELNL,10,,,,,,,,,DIPLOMADO
2012,F,DIPESES,8,,,,,,,,,DIPLOMADO
2012,F,DIPEYDS,2,,,,,,,,,DIPLOMADO
2012,F,DIPFPIT,2,,,,,,,,,DIPLOMADO
2012,F,DIPGA,15,,,,,,,,,DIPLOMADO
2012,F,DIPGFIN,2,,,,,,,,,DIPLOMADO
2012,F,DIPGFP,3,,,,,,,,,DIPLOMADO
2012,F,DIPGINF,4,,,,,,,,,DIPLOMADO
2012,F,DIPGLPD,13,,,,,,,,,DIPLOMADO
2012,F,DIPGRH,10,1.0,,,,0.1,,,,DIPLOMADO
2012,F,DIPGS,12,,,,,,,,,DIPLOMADO
2012,F,DIPGSA,50,,,,,,,,,DIPLOMADO
2012,F,DIPGSSO,1,,,,,,,,,DIPLOMADO
2012,F,DIPIEA,1,,,,,,,,,DIPLOMADO
2012,F,DIPIEDF,1,,,,,,,,,DIPLOMADO
2012,F,DIPIEYE,10,,,,,,,,,DIPLOMADO
2012,F,DIPMD,4,,,,,,,,,DIPLOMADO
2012,F,DIPMTCA,1,,,,,,,,,DIPLOMADO
2012,F,DIPNICI,27,,,,,,,,,DIPLOMADO
2012,F,DIPPCCL,18,,,,,,,,,DIPLOMADO
2012,F,DIPPED,8,,,,,,,,,DIPLOMADO
2012,F,DIPPINF,2,,,,,,,,,DIPLOMADO
2012,F,DIPPM,8,,,,,,,,,DIPLOMADO
2012,F,DIPPMM,11,,,,,,,,,DIPLOMADO
2012,F,DIPPPUB,14,,,,,,,,,DIPLOMADO
2012,F,DIPPSE,23,,,,,,,,,DIPLOMADO
2012,F,DIPTFCE,20,,,,,,,,,DIPLOMADO
2012,F,DOCBIO,4,3.0,3.0,3.0,3.0,0.75,0.75,0.75,0.75,DOCTORADO
2012,F,DOCCSADM,3,3.0,3.0,3.0,1.0,1.0,1.0,1.0,0.3333333333333333,DOCTORADO
2012,F,DOCCSALIM,1,1.0,,,,1.0,,,,DOCTORADO
2012,F,DOCCSEDUC,2,2.0,1.0,1.0,,1.0,0.5,0.5,,DOCTORADO
2012,F,DOCCSFIS,2,2.0,2.0,2.0,2.0,1.0,1.0,1.0,1.0,DOCTORADO
2012,F,DOCCSING,4,4.0,4.0,4.0,1.0,1.0,1.0,1.0,0.25,DOCTORADO
2012,F,DOCESTAM,8,8.0,8.0,8.0,7.0,1.0,1.0,1.0,0.875,DOCTORADO
2012,F,DOCMICROBIO,1,1.0,1.0,1.0,1.0,1.0,1.0,1.0,1.0,DOCTORADO
2012,F,DOCNEUROC,2,2.0,2.0,2.0,2.0,1.0,1.0,1.0,1.0,DOCTORADO
2012,F,DOCPSIC,4,3.0,3.0,3.0,3.0,0.75,0.75,0.75,0.75,DOCTORADO
2012,F,DOCQUIM,3,3.0,3.0,3.0,3.0,1.0,1.0,1.0,1.0,DOCTORADO
2012,F,ENF,68,65.0,64.0,62.0,61.0,0.9558823529411765,0.9411764705882353,0.9117647058823529,0.8970588235294118,PREGRADO
2012,F,HCS,12,11.0,9.0,5.0,5.0,0.9166666666666666,0.75,0.4166666666666667,0.4166666666666667,PREGRADO
2012,F,ICELEC,23,17.0,17.0,12.0,7.0,0.7391304347826086,0.7391304347826086,0.5217391304347826,0.30434782608695654,PREGRADO
2012,F,ICGEOG,8,7.0,5.0,5.0,3.0,0.875,0.625,0.625,0.375,PREGRADO
2012,F,ICIND,69,62.0,56.0,53.0,49.0,0.8985507246376812,0.8115942028985508,0.7681159420289855,0.7101449275362319,PREGRADO
2012,F,ICINF,18,16.0,11.0,8.0,3.0,0.8888888888888888,0.6111111111111112,0.4444444444444444,0.16666666666666666,PREGRADO
2012,F,ICMEC,20,15.0,14.0,10.0,9.0,0.75,0.7,0.5,0.45,PREGRADO
2012,F,ICMET,25,23.0,19.0,17.0,14.0,0.92,0.76,0.68,0.56,PREGRADO
2012,F,ICMIN,32,30.0,27.0,23.0,16.0,0.9375,0.84375,0.71875,0.5,PREGRADO
2012,F,ICOBR,20,18.0,16.0,15.0,11.0,0.9,0.8,0.75,0.55,PREGRADO
2012,F,ICQUIM,58,49.0,39.0,32.0,27.0,0.8448275862068966,0.6724137931034483,0.5517241379310345,0.46551724137931033,PREGRADO
2012,F,IEAMB,1,1.0,1.0,,,1.0,1.0,,,PREGRADO
2012,F,IECLIM,13,7.0,4.0,4.0,4.0,0.5384615384615384,0.3076923076923077,0.3076923076923077,0.3076923076923077,PREGRADO
2012,F,IEELEC,10,7.0,4.0,4.0,4.0,0.7,0.4,0.4,0.4,PREGRADO
2012,F,IEGEOM,15,10.0,7.0,6.0,6.0,0.6666666666666666,0.4666666666666667,0.4,0.4,PREGRADO
2012,F,IEIND,52,43.0,39.0,36.0,23.0,0.8269230769230769,0.75,0.6923076923076923,0.4423076923076923,PREGRADO
2012,F,IEINF,20,15.0,7.0,7.0,6.0,0.75,0.35,0.35,0.3,PREGRADO
2012,F,IEMEC,10,9.0,7.0,6.0,5.0,0.9,0.7,0.6,0.5,PREGRADO
2012,F,IEMET,12,10.0,8.0,8.0,7.0,0.8333333333333334,0.6666666666666666,0.6666666666666666,0.5833333333333334,PREGRADO
2012,F,IEMIN,19,15.0,10.0,10.0,8.0,0.7894736842105263,0.5263157894736842,0.5263157894736842,0.42105263157894735,PREGRADO
2012,F,IEQUIM,49,38.0,26.0,24.0,18.0,0.7755102040816326,0.5306122448979592,0.4897959183673469,0.3673469387755102,PREGRADO
2012,F,INGAGRO,18,15.0,12.0,11.0,11.0,0.8333333333333334,0.6666666666666666,0.6111111111111112,0.6111111111111112,PREGRADO
2012,F,INGAL,16,9.0,8.0,8.0,8.0,0.5625,0.5,0.5,0.5,PREGRADO
2012,F,INGAMB,34,29.0,27.0,23.0,20.0,0.8529411764705882,0.7941176470588235,0.6764705882352942,0.5882352941176471,PREGRADO
2012,F,INGBIO,46,34.0,27.0,23.0,16.0,0.7391304347826086,0.5869565217391305,0.5,0.34782608695652173,PREGRADO
2012,F,INGCO,106,90.0,86.0,72.0,60.0,0.8490566037735849,0.8113207547169812,0.6792452830188679,0.5660377358490566,PREGRADO
2012,F,INGEST,23,20.0,17.0,17.0,15.0,0.8695652173913043,0.7391304347826086,0.7391304347826086,0.6521739130434783,PREGRADO
2012,F,INGFI,10,6.0,5.0,5.0,5.0,0.6,0.5,0.5,0.5,PREGRADO
2012,F,INGMA,7,4.0,2.0,2.0,2.0,0.5714285714285714,0.2857142857142857,0.2857142857142857,0.2857142857142857,PREGRADO
2012,F,LAT,33,29.0,28.0,27.0,27.0,0.8787878787878788,0.8484848484848485,0.8181818181818182,0.8181818181818182,PREGRADO
2012,F,LCC,6,4.0,3.0,3.0,3.0,0.6666666666666666,0.5,0.5,0.5,PREGRADO
2012,F,LEB,25,24.0,23.0,23.0,23.0,0.96,0.92,0.92,0.92,PREGRADO
2012,F,LEE,21,16.0,12.0,12.0,10.0,0.7619047619047619,0.5714285714285714,0.5714285714285714,0.47619047619047616,PREGRADO
2012,F,LEI,12,9.0,8.0,7.0,2.0,0.75,0.6666666666666666,0.5833333333333334,0.16666666666666666,PREGRADO
2012,F,LFM,6,4.0,3.0,,,0.6666666666666666,0.5,,,PREGRADO
2012,F,LICAF,5,5.0,5.0,3.0,3.0,1.0,1.0,0.6,0.6,PREGRADO
2012,F,LQC,17,14.0,9.0,8.0,7.0,0.8235294117647058,0.5294117647058824,0.47058823529411764,0.4117647058823529,PREGRADO
2012,F,MAGADE,14,14.0,5.0,1.0,1.0,1.0,0.35714285714285715,0.07142857142857142,0.07142857142857142,MAGISTER
2012,F,MAGARH,8,8.0,7.0,2.0,2.0,1.0,0.875,0.25,0.25,MAGISTER
2012,F,MAGCAG,9,6.0,1.0,2.0,,0.6666666666666666,0.1111111111111111,0.2222222222222222,,MAGISTER
2012,F,MAGCC,7,7.0,2.0,1.0,,1.0,0.2857142857142857,0.14285714285714285,,MAGISTER
2012,F,MAGCDI,7,7.0,2.0,,,1.0,0.2857142857142857,,,MAGISTER
2012,F,MAGEDU,35,33.0,10.0,6.0,,0.9428571428571428,0.2857142857142857,0.17142857142857143,,MAGISTER
2012,F,MAGEF,7,6.0,2.0,3.0,1.0,0.8571428571428571,0.2857142857142857,0.42857142857142855,0.14285714285714285,MAGISTER
2012,F,MAGEII,3,2.0,2.0,,,0.6666666666666666,0.6666666666666666,,,MAGISTER
2012,F,MAGFC,3,2.0,1.0,1.0,1.0,0.6666666666666666,0.3333333333333333,0.3333333333333333,0.3333333333333333,MAGISTER
2012,F,MAGFP,2,2.0,1.0,1.0,,1.0,0.5,0.5,,MAGISTER
2012,F,MAGGEO,10,6.0,4.0,3.0,1.0,0.6,0.4,0.3,0.1,MAGISTER
2012,F,MAGGP,14,12.0,9.0,4.0,3.0,0.8571428571428571,0.6428571428571429,0.2857142857142857,0.21428571428571427,MAGISTER
2012,F,MAGGT,1,1.0,,,,1.0,,,,MAGISTER
2012,F,MAGHI,4,4.0,3.0,,1.0,1.0,0.75,,0.25,MAGISTER
2012,F,MAGII,4,4.0,1.0,,,1.0,0.25,,,MAGISTER
2012,F,MAGLG,18,14.0,11.0,8.0,4.0,0.7777777777777778,0.6111111111111112,0.4444444444444444,0.2222222222222222,MAGISTER
2012,F,MAGLI,9,8.0,6.0,3.0,2.0,0.8888888888888888,0.6666666666666666,0.3333333333333333,0.2222222222222222,MAGISTER
2012,F,MAGMA,30,27.0,3.0,6.0,19.0,0.9,0.1,0.2,0.6333333333333333,MAGISTER
2012,F,MAGPC,6,4.0,2.0,1.0,,0.6666666666666666,0.3333333333333333,0.16666666666666666,,MAGISTER
2012,F,MAGPED,8,4.0,2.0,1.0,,0.5,0.25,0.125,,MAGISTER
2012,F,MAGPGT,6,1.0,,,,0.16666666666666666,,,,MAGISTER
2012,F,MAGPS,4,3.0,3.0,3.0,2.0,0.75,0.75,0.75,0.5,MAGISTER
2012,F,MAGQUI,8,8.0,2.0,1.0,,1.0,0.25,0.125,,MAGISTER
2012,F,MAGSPA,4,3.0,1.0,1.0,,0.75,0.25,0.25,,MAGISTER
2012,F,MAGTA,1,1.0,,,,1.0,,,,MAGISTER
2012,F,MED,29,23.0,23.0,22.0,22.0,0.7931034482758621,0.7931034482758621,0.7586206896551724,0.7586206896551724,PREGRADO
2012,F,MIDA,3,2.0,1.0,,,0.6666666666666666,0.3333333333333333,,,MAGISTER
2012,F,OBP,60,56.0,56.0,54.0,54.0,0.9333333333333333,0.9333333333333333,0.9,0.9,PREGRADO
2012,F,PEDCAST,25,23.0,21.0,21.0,17.0,0.92,0.84,0.84,0.68,PREGRADO
2012,F,PEDEDFIS,8,6.0,6.0,4.0,4.0,0.75,0.75,0.5,0.5,PREGRADO
2012,F,PEDEGB,28,26.0,23.0,22.0,23.0,0.9285714285714286,0.8214285714285714,0.7857142857142857,0.8214285714285714,PREGRADO
2012,F,PEDFILOS,4,1.0,1.0,1.0,1.0,0.25,0.25,0.25,0.25,PREGRADO
2012,F,PEDFISMAT,19,14.0,11.0,11.0,11.0,0.7368421052631579,0.5789473684210527,0.5789473684210527,0.5789473684210527,PREGRADO
2012,F,PEDHS,16,13.0,13.0,13.0,12.0,0.8125,0.8125,0.8125,0.75,PREGRADO
2012,F,PEDINGLES,38,32.0,26.0,25.0,25.0,0.8421052631578947,0.6842105263157895,0.6578947368421053,0.6578947368421053,PREGRADO
2012,F,PEDMATCOMP,28,23.0,18.0,16.0,14.0,0.8214285714285714,0.6428571428571429,0.5714285714285714,0.5,PREGRADO
2012,F,PEDQUIMBIO,12,9.0,8.0,8.0,8.0,0.75,0.6666666666666666,0.6666666666666666,0.6666666666666666,PREGRADO
2012,F,PEP,6,4.0,2.0,,1.0,0.6666666666666666,0.3333333333333333,,0.16666666666666666,PREGRADO
2012,F,PER,31,28.0,26.0,26.0,25.0,0.9032258064516129,0.8387096774193549,0.8387096774193549,0.8064516129032258,PREGRADO
2012,F,POSACU,30,,,,,,,,,POSTITUTLO
2012,F,POSAG,4,,,,,,,,,POSTITUTLO
2012,F,POSAGE,1,,,,,,,,,POSTITUTLO
2012,F,POSAM,2,1.0,,,,0.5,,,,POSTITUTLO
2012,F,POSAN,1,1.0,1.0,,,1.0,1.0,,,POSTITUTLO
2012,F,POSCG,1,1.0,1.0,,,1.0,1.0,,,POSTITUTLO
2012,F,POSCI,4,,,,,,,,,POSTITUTLO
2012,F,POSEI,28,,,,,,,,,POSTITUTLO
2012,F,POSEMI,1,1.0,1.0,,,1.0,1.0,,,POSTITUTLO
2012,F,POSEMP,29,,,,,,,,,POSTITUTLO
2012,F,POSENP,3,3.0,3.0,,,1.0,1.0,,,POSTITUTLO
2012,F,POSEPI,7,6.0,6.0,,,0.8571428571428571,0.8571428571428571,,,POSTITUTLO
2012,F,POSEPR,3,,,,,,,,,POSTITUTLO
2012,F,POSET,4,,,,,,,,,POSTITUTLO
2012,F,POSIAM,7,,,,,,,,,POSTITUTLO
2012,F,POSIC,7,,,,,,,,,POSTITUTLO
2012,F,POSIT,4,,,,,,,,,POSTITUTLO
2012,F,POSLTRI,13,,,,,,,,,POSTITUTLO
2012,F,POSMA,52,,,,,,,,,POSTITUTLO
2012,F,POSMP,10,,,,,,,,,POSTITUTLO
2012,F,POSPA,1,1.0,1.0,,,1.0,1.0,,,POSTITUTLO
2012,F,POSPED,3,3.0,3.0,1.0,,1.0,1.0,0.3333333333333333,,POSTITUTLO
2012,F,POSPP,20,,,,,,,,,POSTITUTLO
2012,F,POSREI,1,1.0,1.0,,,1.0,1.0,,,POSTITUTLO
2012,F,POSTROR,3,3.0,3.0,,,1.0,1.0,,,POSTITUTLO
2012,F,PRE,16,15.0,1.0,,,0.9375,0.0625,,,PREGRADO
2012,F,PSI,59,53.0,49.0,46.0,48.0,0.8983050847457628,0.8305084745762712,0.7796610169491526,0.8135593220338984,PREGRADO
2012,F,PUB,30,19.0,16.0,16.0,16.0,0.6333333333333333,0.5333333333333333,0.5333333333333333,0.5333333333333333,PREGRADO
2012,F,TAI,6,6.0,4.0,3.0,,1.0,0.6666666666666666,0.5,,PREGRADO
2012,F,TAP,54,49.0,46.0,15.0,5.0,0.9074074074074074,0.8518518518518519,0.2777777777777778,0.09259259259259259,PREGRADO
2012,F,TCI,10,9.0,8.0,1.0,,0.9,0.8,0.1,,PREGRADO
2012,F,TCO,2,2.0,2.0,1.0,,1.0,1.0,0.5,,PREGRADO
2012,F,TDI,23,20.0,16.0,12.0,4.0,0.8695652173913043,0.6956521739130435,0.5217391304347826,0.17391304347826086,PREGRADO
2012,F,TEA,43,32.0,25.0,23.0,7.0,0.7441860465116279,0.5813953488372093,0.5348837209302325,0.16279069767441862,PREGRADO
2012,F,TEC,13,13.0,11.0,7.0,1.0,1.0,0.8461538461538461,0.5384615384615384,0.07692307692307693,PREGRADO
2012,F,TMI,2,2.0,2.0,2.0,,1.0,1.0,1.0,,PREGRADO
2012,F,TQF,38,33.0,30.0,19.0,4.0,0.868421052631579,0.7894736842105263,0.5,0.10526315789473684,PREGRADO
2012,F,TRD,60,44.0,1.0,,,0.7333333333333333,0.016666666666666666,,,PREGRADO
2012,F,TUI,8,8.0,2.0,,,1.0,0.25,,,PREGRADO
2012,M,ADMPUB,70,61.0,58.0,53.0,52.0,0.8714285714285714,0.8285714285714286,0.7571428571428571,0.7428571428571429,PREGRADO
2012,M,ARQ,46,41.0,40.0,37.0,34.0,0.8913043478260869,0.8695652173913043,0.8043478260869565,0.7391304347826086,PREGRADO
2012,M,BACHI,97,82.0,27.0,6.0,2.0,0.845360824742268,0.27835051546391754,0.061855670103092786,0.020618556701030927,PREGRADO
2012,M,CCIV,82,56.0,47.0,25.0,12.0,0.6829268292682927,0.573170731707317,0.3048780487804878,0.14634146341463414,PREGRADO
2012,M,CONTA,86,68.0,62.0,57.0,56.0,0.7906976744186046,0.7209302325581395,0.6627906976744186,0.6511627906976745,PREGRADO
2012,M,DIPADC,9,,,,,,,,,DIPLOMADO
2012,M,DIPAGR,22,,,,,,,,,DIPLOMADO
2012,M,DIPAN,8,,,,,,,,,DIPLOMADO
2012,M,DIPAP,18,,,,,,,,,DIPLOMADO
2012,M,DIPAPR,16,,,,,,,,,DIPLOMADO
2012,M,DIPCISC,3,,,,,,,,,DIPLOMADO
2012,M,DIPCOM,6,,,,,,,,,DIPLOMADO
2012,M,DIPCSA,20,,,,,,,,,DIPLOMADO
2012,M,DIPDFIG,12,,,,,,,,,DIPLOMADO
2012,M,DIPDHG,4,,,,,,,,,DIPLOMADO
2012,M,DIPDI,2,,,,,,,,,DIPLOMADO
2012,M,DIPDS,54,,,,,,,,,DIPLOMADO
2012,M,DIPDU,6,,,,,,,,,DIPLOMADO
2012,M,DIPEGA,2,,,,,,,,,DIPLOMADO
2012,M,DIPEGC,8,,,,,,,,,DIPLOMADO
2012,M,DIPELNL,8,,,,,,,,,DIPLOMADO
2012,M,DIPESES,3,,,,,,,,,DIPLOMADO
2012,M,DIPEYDS,4,,,,,,,,,DIPLOMADO
2012,M,DIPFPIT,24,,,,,,,,,DIPLOMADO
2012,M,DIPGA,25,,,,,,,,,DIPLOMADO
2012,M,DIPGFIN,20,,,,,,,,,DIPLOMADO
2012,M,DIPGFP,4,,,,,,,,,DIPLOMADO
2012,M,DIPGINF,13,,,,,,,,,DIPLOMADO
2012,M,DIPGLPD,25,,,,,,,,,DIPLOMADO
2012,M,DIPGRH,7,,,,,,,,,DIPLOMADO
2012,M,DIPGS,14,,,,,,,,,DIPLOMADO
2012,M,DIPGSA,7,,,,,,,,,DIPLOMADO
2012,M,DIPGSSO,5,,,,,,,,,DIPLOMADO
2012,M,DIPICLI,8,,,,,,,,,DIPLOMADO
2012,M,DIPIEA,1,,,,,,,,,DIPLOMADO
2012,M,DIPIEDF,1,,,,,,,,,DIPLOMADO
2012,M,DIPIEYE,9,,,,,,,,,DIPLOMADO
2012,M,DIPMCOM,7,,,,,,,,,DIPLOMADO
2012,M,DIPMD,10,,,,,,,,,DIPLOMADO
2012,M,DIPMTCA,1,,,,,,,,,DIPLOMADO
2012,M,DIPNICI,60,,,,,,,,,DIPLOMADO
2012,M,DIPPCCL,14,,,,,,,,,DIPLOMADO
2012,M,DIPPED,11,,,,,,,,,DIPLOMADO
2012,M,DIPPINF,4,,,,,,,,,DIPLOMADO
2012,M,DIPPM,10,,,,,,,,,DIPLOMADO
2012,M,DIPPMM,14,,,,,,,,,DIPLOMADO
2012,M,DIPPPUB,16,,,,,,,,,DIPLOMADO
2012,M,DIPPSE,13,,,,,,,,,DIPLOMADO
2012,M,DOCBIO,2,2.0,2.0,2.0,1.0,1.0,1.0,1.0,0.5,DOCTORADO
2012,M,DOCCSADM,7,7.0,6.0,5.0,6.0,1.0,0.8571428571428571,0.7142857142857143,0.8571428571428571,DOCTORADO
2012,M,DOCCSEDUC,6,4.0,5.0,5.0,5.0,0.6666666666666666,0.8333333333333334,0.8333333333333334,0.8333333333333334,DOCTORADO
2012,M,DOCCSFIS,3,3.0,3.0,3.0,3.0,1.0,1.0,1.0,1.0,DOCTORADO
2012,M,DOCCSING,16,15.0,14.0,11.0,11.0,0.9375,0.875,0.6875,0.6875,DOCTORADO
2012,M,DOCESTAM,2,2.0,2.0,1.0,1.0,1.0,1.0,0.5,0.5,DOCTORADO
2012,M,DOCMICROBIO,1,1.0,1.0,1.0,1.0,1.0,1.0,1.0,1.0,DOCTORADO
2012,M,DOCPSIC,3,2.0,2.0,2.0,2.0,0.6666666666666666,0.6666666666666666,0.6666666666666666,0.6666666666666666,DOCTORADO
2012,M,DOCQUIM,8,7.0,7.0,7.0,5.0,0.875,0.875,0.875,0.625,DOCTORADO
2012,M,ENF,15,14.0,14.0,13.0,12.0,0.9333333333333333,0.9333333333333333,0.8666666666666667,0.8,PREGRADO
2012,M,HCS,11,9.0,8.0,4.0,3.0,0.8181818181818182,0.7272727272727273,0.36363636363636365,0.2727272727272727,PREGRADO
2012,M,ICELEC,206,180.0,150.0,129.0,88.0,0.8737864077669902,0.7281553398058253,0.6262135922330098,0.42718446601941745,PREGRADO
2012,M,ICGEOG,21,16.0,13.0,12.0,10.0,0.7619047619047619,0.6190476190476191,0.5714285714285714,0.47619047619047616,PREGRADO
2012,M,ICIND,204,168.0,154.0,132.0,114.0,0.8235294117647058,0.7549019607843137,0.6470588235294118,0.5588235294117647,PREGRADO
2012,M,ICINF,132,105.0,88.0,59.0,41.0,0.7954545454545454,0.6666666666666666,0.44696969696969696,0.3106060606060606,PREGRADO
2012,M,ICMEC,232,194.0,162.0,123.0,89.0,0.8362068965517241,0.6982758620689655,0.5301724137931034,0.38362068965517243,PREGRADO
2012,M,ICMET,89,72.0,61.0,53.0,36.0,0.8089887640449438,0.6853932584269663,0.5955056179775281,0.4044943820224719,PREGRADO
2012,M,ICMIN,175,159.0,154.0,130.0,96.0,0.9085714285714286,0.88,0.7428571428571429,0.5485714285714286,PREGRADO
2012,M,ICOBR,122,105.0,93.0,82.0,73.0,0.860655737704918,0.7622950819672131,0.6721311475409836,0.5983606557377049,PREGRADO
2012,M,ICQUIM,57,44.0,39.0,34.0,29.0,0.7719298245614035,0.6842105263157895,0.5964912280701754,0.5087719298245614,PREGRADO
2012,M,IEAMB,8,3.0,2.0,1.0,,0.375,0.25,0.125,,PREGRADO
2012,M,IECLIM,49,33.0,22.0,9.0,9.0,0.673469387755102,0.4489795918367347,0.1836734693877551,0.1836734693877551,PREGRADO
2012,M,IEELEC,214,166.0,125.0,98.0,79.0,0.7757009345794392,0.5841121495327103,0.45794392523364486,0.3691588785046729,PREGRADO
2012,M,IEGEOM,55,40.0,32.0,28.0,17.0,0.7272727272727273,0.5818181818181818,0.509090909090909,0.3090909090909091,PREGRADO
2012,M,IEIND,114,82.0,72.0,61.0,46.0,0.7192982456140351,0.631578947368421,0.5350877192982456,0.40350877192982454,PREGRADO
2012,M,IEINF,127,99.0,58.0,54.0,40.0,0.7795275590551181,0.4566929133858268,0.4251968503937008,0.31496062992125984,PREGRADO
2012,M,IEMEC,143,113.0,100.0,82.0,65.0,0.7902097902097902,0.6993006993006993,0.5734265734265734,0.45454545454545453,PREGRADO
2012,M,IEMET,49,35.0,26.0,20.0,17.0,0.7142857142857143,0.5306122448979592,0.40816326530612246,0.3469387755102041,PREGRADO
2012,M,IEMIN,74,60.0,53.0,49.0,44.0,0.8108108108108109,0.7162162162162162,0.6621621621621622,0.5945945945945946,PREGRADO
2012,M,IEQUIM,71,52.0,43.0,35.0,26.0,0.7323943661971831,0.6056338028169014,0.49295774647887325,0.36619718309859156,PREGRADO
2012,M,INGAGRO,8,7.0,5.0,4.0,4.0,0.875,0.625,0.5,0.5,PREGRADO
2012,M,INGAL,9,8.0,8.0,7.0,7.0,0.8888888888888888,0.8888888888888888,0.7777777777777778,0.7777777777777778,PREGRADO
2012,M,INGAMB,24,16.0,16.0,15.0,13.0,0.6666666666666666,0.6666666666666666,0.625,0.5416666666666666,PREGRADO
2012,M,INGBIO,41,27.0,18.0,13.0,13.0,0.6585365853658537,0.43902439024390244,0.3170731707317073,0.3170731707317073,PREGRADO
2012,M,INGCO,119,105.0,101.0,81.0,75.0,0.8823529411764706,0.8487394957983193,0.680672268907563,0.6302521008403361,PREGRADO
2012,M,INGEST,19,12.0,11.0,10.0,7.0,0.631578947368421,0.5789473684210527,0.5263157894736842,0.3684210526315789,PREGRADO
2012,M,INGFI,37,25.0,18.0,21.0,17.0,0.6756756756756757,0.4864864864864865,0.5675675675675675,0.4594594594594595,PREGRADO
2012,M,INGMA,29,22.0,16.0,11.0,8.0,0.7586206896551724,0.5517241379310345,0.3793103448275862,0.27586206896551724,PREGRADO
2012,M,LAT,10,8.0,5.0,6.0,6.0,0.8,0.5,0.6,0.6,PREGRADO
2012,M,LCC,26,16.0,14.0,12.0,12.0,0.6153846153846154,0.5384615384615384,0.46153846153846156,0.46153846153846156,PREGRADO
2012,M,LEB,15,13.0,13.0,12.0,11.0,0.8666666666666667,0.8666666666666667,0.8,0.7333333333333333,PREGRADO
2012,M,LEE,30,22.0,18.0,15.0,15.0,0.7333333333333333,0.6,0.5,0.5,PREGRADO
2012,M,LEI,8,8.0,8.0,6.0,1.0,1.0,1.0,0.75,0.125,PREGRADO
2012,M,LFM,13,10.0,4.0,,,0.7692307692307693,0.3076923076923077,,,PREGRADO
2012,M,LICAF,9,8.0,7.0,7.0,4.0,0.8888888888888888,0.7777777777777778,0.7777777777777778,0.4444444444444444,PREGRADO
2012,M,LQC,18,18.0,16.0,14.0,14.0,1.0,0.8888888888888888,0.7777777777777778,0.7777777777777778,PREGRADO
2012,M,MAGADE,47,41.0,11.0,5.0,1.0,0.8723404255319149,0.23404255319148937,0.10638297872340426,0.02127659574468085,MAGISTER
2012,M,MAGARH,9,9.0,8.0,4.0,3.0,1.0,0.8888888888888888,0.4444444444444444,0.3333333333333333,MAGISTER
2012,M,MAGCAG,14,5.0,,1.0,,0.35714285714285715,,0.07142857142857142,,MAGISTER
2012,M,MAGCC,5,4.0,2.0,2.0,,0.8,0.4,0.4,,MAGISTER
2012,M,MAGCDI,35,31.0,19.0,3.0,1.0,0.8857142857142857,0.5428571428571428,0.08571428571428572,0.02857142857142857,MAGISTER
2012,M,MAGCM,2,2.0,2.0,,,1.0,1.0,,,MAGISTER
2012,M,MAGEDU,27,18.0,4.0,4.0,3.0,0.6666666666666666,0.14814814814814814,0.14814814814814814,0.1111111111111111,MAGISTER
2012,M,MAGEF,21,17.0,14.0,7.0,4.0,0.8095238095238095,0.6666666666666666,0.3333333333333333,0.19047619047619047,MAGISTER
2012,M,MAGEI,8,6.0,4.0,1.0,,0.75,0.5,0.125,,MAGISTER
2012,M,MAGEII,17,17.0,13.0,11.0,1.0,1.0,0.7647058823529411,0.6470588235294118,0.058823529411764705,MAGISTER
2012,M,MAGFC,9,8.0,9.0,4.0,,0.8888888888888888,1.0,0.4444444444444444,,MAGISTER
2012,M,MAGFP,2,2.0,2.0,1.0,,1.0,1.0,0.5,,MAGISTER
2012,M,MAGGEO,8,8.0,,2.0,1.0,1.0,,0.25,0.125,MAGISTER
2012,M,MAGGP,15,12.0,7.0,4.0,3.0,0.8,0.4666666666666667,0.26666666666666666,0.2,MAGISTER
2012,M,MAGGT,4,4.0,,,,1.0,,,,MAGISTER
2012,M,MAGHI,12,9.0,4.0,4.0,1.0,0.75,0.3333333333333333,0.3333333333333333,0.08333333333333333,MAGISTER
2012,M,MAGII,23,22.0,10.0,7.0,2.0,0.9565217391304348,0.43478260869565216,0.30434782608695654,0.08695652173913043,MAGISTER
2012,M,MAGLG,8,6.0,6.0,4.0,,0.75,0.75,0.5,,MAGISTER
2012,M,MAGLI,15,12.0,9.0,4.0,2.0,0.8,0.6,0.26666666666666666,0.13333333333333333,MAGISTER
2012,M,MAGMA,40,33.0,3.0,7.0,15.0,0.825,0.075,0.175,0.375,MAGISTER
2012,M,MAGPC,5,3.0,2.0,1.0,1.0,0.6,0.4,0.2,0.2,MAGISTER
2012,M,MAGPE,2,,,,1.0,,,,0.5,MAGISTER
2012,M,MAGPED,3,2.0,,,,0.6666666666666666,,,,MAGISTER
2012,M,MAGPGT,20,6.0,,,,0.3,,,,MAGISTER
2012,M,MAGPS,4,4.0,1.0,1.0,2.0,1.0,0.25,0.25,0.5,MAGISTER
2012,M,MAGQUI,1,1.0,,,,1.0,,,,MAGISTER
2012,M,MAGSPA,10,9.0,6.0,4.0,,0.9,0.6,0.4,,MAGISTER
2012,M,MAGTA,1,1.0,1.0,,,1.0,1.0,,,MAGISTER
2012,M,MAGTCO,3,3.0,2.0,2.0,2.0,1.0,0.6666666666666666,0.6666666666666666,0.6666666666666666,MAGISTER
2012,M,MED,47,37.0,37.0,37.0,37.0,0.7872340425531915,0.7872340425531915,0.7872340425531915,0.7872340425531915,PREGRADO
2012,M,MIDA,3,2.0,,,,0.6666666666666666,,,,MAGISTER
2012,M,OBP,10,10.0,10.0,9.0,8.0,1.0,1.0,0.9,0.8,PREGRADO
2012,M,PEDCAST,21,16.0,14.0,14.0,14.0,0.7619047619047619,0.6666666666666666,0.6666666666666666,0.6666666666666666,PREGRADO
2012,M,PEDEDFIS,14,11.0,10.0,10.0,8.0,0.7857142857142857,0.7142857142857143,0.7142857142857143,0.5714285714285714,PREGRADO
2012,M,PEDEGB,5,4.0,3.0,3.0,3.0,0.8,0.6,0.6,0.6,PREGRADO
2012,M,PEDFILOS,9,7.0,7.0,7.0,5.0,0.7777777777777778,0.7777777777777778,0.7777777777777778,0.5555555555555556,PREGRADO
2012,M,PEDFISMAT,37,31.0,26.0,24.0,24.0,0.8378378378378378,0.7027027027027027,0.6486486486486487,0.6486486486486487,PREGRADO
2012,M,PEDHS,18,14.0,13.0,12.0,11.0,0.7777777777777778,0.7222222222222222,0.6666666666666666,0.6111111111111112,PREGRADO
2012,M,PEDINGLES,20,18.0,16.0,16.0,16.0,0.9,0.8,0.8,0.8,PREGRADO
2012,M,PEDMATCOMP,14,9.0,8.0,7.0,6.0,0.6428571428571429,0.5714285714285714,0.5,0.42857142857142855,PREGRADO
2012,M,PEDQUIMBIO,13,11.0,10.0,9.0,9.0,0.8461538461538461,0.7692307692307693,0.6923076923076923,0.6923076923076923,PREGRADO
2012,M,PEP,11,8.0,4.0,4.0,5.0,0.7272727272727273,0.36363636363636365,0.36363636363636365,0.45454545454545453,PREGRADO
2012,M,PER,23,21.0,17.0,17.0,16.0,0.9130434782608695,0.7391304347826086,0.7391304347826086,0.6956521739130435,PREGRADO
2012,M,POSACU,17,,,,,,,,,POSTITUTLO
2012,M,POSAG,5,1.0,,,,0.2,,,,POSTITUTLO
2012,M,POSAGE,4,,,,,,,,,POSTITUTLO
2012,M,POSAM,3,,,,,,,,,POSTITUTLO
2012,M,POSAN,1,1.0,1.0,,,1.0,1.0,,,POSTITUTLO
2012,M,POSCG,3,3.0,3.0,,,1.0,1.0,,,POSTITUTLO
2012,M,POSCI,9,,,,,,,,,POSTITUTLO
2012,M,POSEI,1,,,,,,,,,POSTITUTLO
2012,M,POSEMI,4,4.0,4.0,,,1.0,1.0,,,POSTITUTLO
2012,M,POSEMP,24,,,,,,,,,POSTITUTLO
2012,M,POSEPR,9,,,,,,,,,POSTITUTLO
2012,M,POSIA,1,1.0,,,,1.0,,,,POSTITUTLO
2012,M,POSIAM,10,,,,,,,,,POSTITUTLO
2012,M,POSIC,6,,,,,,,,,POSTITUTLO
2012,M,POSIT,3,,,,,,,,,POSTITUTLO
2012,M,POSLTRI,18,,,,,,,,,POSTITUTLO
2012,M,POSMA,12,,,,,,,,,POSTITUTLO
2012,M,POSMP,7,,,,,,,,,POSTITUTLO
2012,M,POSMU,3,3.0,3.0,1.0,1.0,1.0,1.0,0.3333333333333333,0.3333333333333333,POSTITUTLO
2012,M,POSNEU,1,,,,,,,,,POSTITUTLO
2012,M,POSNEUC,1,1.0,1.0,1.0,,1.0,1.0,1.0,,POSTITUTLO
2012,M,POSNEUP,1,,,,,,,,,POSTITUTLO
2012,M,POSPA,5,5.0,5.0,1.0,,1.0,1.0,0.2,,POSTITUTLO
2012,M,POSPP,4,2.0,,,,0.5,,,,POSTITUTLO
2012,M,POSREI,2,2.0,2.0,,,1.0,1.0,,,POSTITUTLO
2012,M,POSTROR,8,8.0,8.0,1.0,,1.0,1.0,0.125,,POSTITUTLO
2012,M,POSTYR,5,,,,,,,,,POSTITUTLO
2012,M,POSURO,1,1.0,1.0,,,1.0,1.0,,,POSTITUTLO
2012,M,PRE,35,34.0,8.0,,,0.9714285714285714,0.22857142857142856,,,PREGRADO
2012,M,PSI,39,31.0,28.0,25.0,23.0,0.7948717948717948,0.717948717948718,0.6410256410256411,0.5897435897435898,PREGRADO
2012,M,PUB,30,21.0,20.0,20.0,18.0,0.7,0.6666666666666666,0.6666666666666666,0.6,PREGRADO
2012,M,TAI,32,29.0,23.0,14.0,5.0,0.90625,0.71875,0.4375,0.15625,PREGRADO
2012,M,TAP,28,22.0,18.0,6.0,,0.7857142857142857,0.6428571428571429,0.21428571428571427,,PREGRADO
2012,M,TCI,19,15.0,14.0,4.0,1.0,0.7894736842105263,0.7368421052631579,0.21052631578947367,0.05263157894736842,PREGRADO
2012,M,TCO,26,23.0,17.0,9.0,5.0,0.8846153846153846,0.6538461538461539,0.34615384615384615,0.19230769230769232,PREGRADO
2012,M,TDI,19,13.0,11.0,7.0,3.0,0.6842105263157895,0.5789473684210527,0.3684210526315789,0.15789473684210525,PREGRADO
2012,M,TEA,16,12.0,10.0,8.0,,0.75,0.625,0.5,,PREGRADO
2012,M,TEC,79,69.0,64.0,35.0,17.0,0.8734177215189873,0.810126582278481,0.4430379746835443,0.21518987341772153,PREGRADO
2012,M,TMI,11,9.0,7.0,4.0,2.0,0.8181818181818182,0.6363636363636364,0.36363636363636365,0.18181818181818182,PREGRADO
2012,M,TQF,34,29.0,23.0,15.0,6.0,0.8529411764705882,0.6764705882352942,0.4411764705882353,0.17647058823529413,PREGRADO
2012,M,TRD,81,44.0,4.0,,1.0,0.5432098765432098,0.04938271604938271,,0.012345679012345678,PREGRADO
2012,M,TUI,25,16.0,7.0,2.0,1.0,0.64,0.28,0.08,0.04,PREGRADO
2013,F,ADMPUB,82,67.0,62.0,54.0,53.0,0.8170731707317073,0.7560975609756098,0.6585365853658537,0.6463414634146342,PREGRADO
2013,F,ARQ,40,37.0,36.0,36.0,37.0,0.925,0.9,0.9,0.925,PREGRADO
2013,F,BACHI,154,90.0,26.0,7.0,2.0,0.5844155844155844,0.16883116883116883,0.045454545454545456,0.012987012987012988,PREGRADO
2013,F,CCIV,24,18.0,17.0,9.0,2.0,0.75,0.7083333333333334,0.375,0.08333333333333333,PREGRADO
2013,F,CONTA,94,83.0,75.0,72.0,70.0,0.8829787234042553,0.7978723404255319,0.7659574468085106,0.7446808510638298,PREGRADO
2013,F,DIPADC,6,,,,,,,,,DIPLOMADO
2013,F,DIPAGR,8,,,,,,,,,DIPLOMADO
2013,F,DIPAN,8,,,,,,,,,DIPLOMADO
2013,F,DIPAP,7,,,,,,,,,DIPLOMADO
2013,F,DIPAPR,32,,,,,,,,,DIPLOMADO
2013,F,DIPCISC,1,,,,,,,,,DIPLOMADO
2013,F,DIPCOM,10,,,,,,,,,DIPLOMADO
2013,F,DIPCSA,2,,,,,,,,,DIPLOMADO
2013,F,DIPDEL,52,,,,,,,,,DIPLOMADO
2013,F,DIPDFIG,10,,,,,,,,,DIPLOMADO
2013,F,DIPDHG,5,,,,,,,,,DIPLOMADO
2013,F,DIPDI,5,,,,,,,,,DIPLOMADO
2013,F,DIPDRH,10,,,,,,,,,DIPLOMADO
2013,F,DIPDS,58,,,,,,,,,DIPLOMADO
2013,F,DIPDU,28,,,,,,,,,DIPLOMADO
2013,F,DIPEGC,12,,,,,,,,,DIPLOMADO
2013,F,DIPELNL,11,,,,,,,,,DIPLOMADO
2013,F,DIPESEP,14,,,,,,,,,DIPLOMADO
2013,F,DIPESES,10,,,,,,,,,DIPLOMADO
2013,F,DIPGA,19,1.0,,,,0.05263157894736842,,,,DIPLOMADO
2013,F,DIPGCT,5,,,,,,,,,DIPLOMADO
2013,F,DIPGFIN,7,,,,,,,,,DIPLOMADO
2013,F,DIPGINF,4,,,,,,,,,DIPLOMADO
2013,F,DIPGLPD,16,1.0,,,,0.0625,,,,DIPLOMADO
2013,F,DIPGRH,14,,,,,,,,,DIPLOMADO
2013,F,DIPGS,11,,,,,,,,,DIPLOMADO
2013,F,DIPGSA,57,,,,,,,,,DIPLOMADO
2013,F,DIPIALI,10,,,,,,,,,DIPLOMADO
2013,F,DIPLG,20,,,,,,,,,DIPLOMADO
2013,F,DIPLGEE,1,,,,,,,,,DIPLOMADO
2013,F,DIPLIJ,25,,,,,,,,,DIPLOMADO
2013,F,DIPMD,2,,,,,,,,,DIPLOMADO
2013,F,DIPNICI,20,,,,,,,,,DIPLOMADO
2013,F,DIPPCCL,14,,,,,,,,,DIPLOMADO
2013,F,DIPPD,5,,,,,,,,,DIPLOMADO
2013,F,DIPPED,6,,,,,,,,,DIPLOMADO
2013,F,DIPPGT,1,1.0,,,,1.0,,,,DIPLOMADO
2013,F,DIPPM,5,,,,,,,,,DIPLOMADO
2013,F,DIPPMM,4,,,,,,,,,DIPLOMADO
2013,F,DIPPPI,14,,,,,,,,,DIPLOMADO
2013,F,DOCCSADM,1,1.0,1.0,1.0,1.0,1.0,1.0,1.0,1.0,DOCTORADO
2013,F,DOCCSALIM,2,2.0,2.0,2.0,1.0,1.0,1.0,1.0,0.5,DOCTORADO
2013,F,DOCCSEDUC,6,5.0,4.0,3.0,1.0,0.8333333333333334,0.6666666666666666,0.5,0.16666666666666666,DOCTORADO
2013,F,DOCESTAM,6,5.0,5.0,5.0,4.0,0.8333333333333334,0.8333333333333334,0.8333333333333334,0.6666666666666666,DOCTORADO
2013,F,DOCHIST,1,1.0,1.0,1.0,1.0,1.0,1.0,1.0,1.0,DOCTORADO
2013,F,DOCMICROBIO,1,1.0,1.0,1.0,1.0,1.0,1.0,1.0,1.0,DOCTORADO
2013,F,DOCNEUROC,2,2.0,2.0,2.0,2.0,1.0,1.0,1.0,1.0,DOCTORADO
2013,F,DOCQUIM,4,3.0,3.0,3.0,3.0,0.75,0.75,0.75,0.75,DOCTORADO
2013,F,ENF,62,57.0,56.0,55.0,50.0,0.9193548387096774,0.9032258064516129,0.8870967741935484,0.8064516129032258,PREGRADO
2013,F,HCS,6,3.0,3.0,3.0,3.0,0.5,0.5,0.5,0.5,PREGRADO
2013,F,ICELEC,15,12.0,12.0,8.0,7.0,0.8,0.8,0.5333333333333333,0.4666666666666667,PREGRADO
2013,F,ICGEOG,25,18.0,17.0,13.0,13.0,0.72,0.68,0.52,0.52,PREGRADO
2013,F,ICIND,81,69.0,64.0,50.0,46.0,0.8518518518518519,0.7901234567901234,0.6172839506172839,0.5679012345679012,PREGRADO
2013,F,ICINF,22,18.0,16.0,13.0,10.0,0.8181818181818182,0.7272727272727273,0.5909090909090909,0.45454545454545453,PREGRADO
2013,F,ICMEC,15,12.0,10.0,7.0,3.0,0.8,0.6666666666666666,0.4666666666666667,0.2,PREGRADO
2013,F,ICMET,22,18.0,16.0,15.0,13.0,0.8181818181818182,0.7272727272727273,0.6818181818181818,0.5909090909090909,PREGRADO
2013,F,ICMIN,61,53.0,50.0,33.0,32.0,0.8688524590163934,0.819672131147541,0.5409836065573771,0.5245901639344263,PREGRADO
2013,F,ICOBR,30,25.0,22.0,19.0,15.0,0.8333333333333334,0.7333333333333333,0.6333333333333333,0.5,PREGRADO
2013,F,ICQUIM,39,34.0,29.0,23.0,22.0,0.8717948717948718,0.7435897435897436,0.5897435897435898,0.5641025641025641,PREGRADO
2013,F,IEAMB,7,4.0,4.0,3.0,4.0,0.5714285714285714,0.5714285714285714,0.42857142857142855,0.5714285714285714,PREGRADO
2013,F,IECLIM,13,10.0,6.0,4.0,4.0,0.7692307692307693,0.46153846153846156,0.3076923076923077,0.3076923076923077,PREGRADO
2013,F,IEELEC,14,13.0,8.0,6.0,6.0,0.9285714285714286,0.5714285714285714,0.42857142857142855,0.42857142857142855,PREGRADO
2013,F,IEGEOM,26,20.0,16.0,12.0,11.0,0.7692307692307693,0.6153846153846154,0.46153846153846156,0.4230769230769231,PREGRADO
2013,F,IEIND,58,52.0,45.0,41.0,27.0,0.896551724137931,0.7758620689655172,0.7068965517241379,0.46551724137931033,PREGRADO
2013,F,IEINF,12,10.0,9.0,7.0,6.0,0.8333333333333334,0.75,0.5833333333333334,0.5,PREGRADO
2013,F,IEMEC,9,8.0,7.0,4.0,2.0,0.8888888888888888,0.7777777777777778,0.4444444444444444,0.2222222222222222,PREGRADO
2013,F,IEMET,15,11.0,9.0,9.0,6.0,0.7333333333333333,0.6,0.6,0.4,PREGRADO
2013,F,IEMIN,26,21.0,21.0,16.0,15.0,0.8076923076923077,0.8076923076923077,0.6153846153846154,0.5769230769230769,PREGRADO
2013,F,IEQUIM,41,29.0,22.0,19.0,17.0,0.7073170731707317,0.5365853658536586,0.4634146341463415,0.4146341463414634,PREGRADO
2013,F,INGAGRO,33,25.0,23.0,21.0,20.0,0.7575757575757576,0.696969696969697,0.6363636363636364,0.6060606060606061,PREGRADO
2013,F,INGAL,55,37.0,30.0,26.0,23.0,0.6727272727272727,0.5454545454545454,0.4727272727272727,0.41818181818181815,PREGRADO
2013,F,INGAMB,30,24.0,24.0,23.0,23.0,0.8,0.8,0.7666666666666667,0.7666666666666667,PREGRADO
2013,F,INGBIO,31,20.0,13.0,9.0,6.0,0.6451612903225806,0.41935483870967744,0.2903225806451613,0.1935483870967742,PREGRADO
2013,F,INGCO,123,110.0,105.0,77.0,67.0,0.8943089430894309,0.8536585365853658,0.6260162601626016,0.5447154471544715,PREGRADO
2013,F,INGEST,19,16.0,13.0,10.0,10.0,0.8421052631578947,0.6842105263157895,0.5263157894736842,0.5263157894736842,PREGRADO
2013,F,INGFI,4,4.0,3.0,2.0,2.0,1.0,0.75,0.5,0.5,PREGRADO
2013,F,INGMA,10,7.0,5.0,4.0,3.0,0.7,0.5,0.4,0.3,PREGRADO
2013,F,LAT,36,31.0,31.0,27.0,26.0,0.8611111111111112,0.8611111111111112,0.75,0.7222222222222222,PREGRADO
2013,F,LCC,10,4.0,4.0,4.0,4.0,0.4,0.4,0.4,0.4,PREGRADO
2013,F,LEB,18,14.0,13.0,12.0,11.0,0.7777777777777778,0.7222222222222222,0.6666666666666666,0.6111111111111112,PREGRADO
2013,F,LEE,24,14.0,8.0,9.0,8.0,0.5833333333333334,0.3333333333333333,0.375,0.3333333333333333,PREGRADO
2013,F,LEI,20,14.0,16.0,15.0,3.0,0.7,0.8,0.75,0.15,PREGRADO
2013,F,LICAF,5,5.0,4.0,3.0,1.0,1.0,0.8,0.6,0.2,PREGRADO
2013,F,LOG,7,6.0,,,,0.8571428571428571,,,,PREGRADO
2013,F,LQC,10,7.0,4.0,,,0.7,0.4,,,PREGRADO
2013,F,MAGADE,32,28.0,2.0,1.0,,0.875,0.0625,0.03125,,MAGISTER
2013,F,MAGARH,18,17.0,16.0,11.0,6.0,0.9444444444444444,0.8888888888888888,0.6111111111111112,0.3333333333333333,MAGISTER
2013,F,MAGAS,3,3.0,,,,1.0,,,,MAGISTER
2013,F,MAGCAG,8,3.0,2.0,1.0,,0.375,0.25,0.125,,MAGISTER
2013,F,MAGCC,7,7.0,2.0,,1.0,1.0,0.2857142857142857,,0.14285714285714285,MAGISTER
2013,F,MAGCDA,1,1.0,1.0,1.0,1.0,1.0,1.0,1.0,1.0,MAGISTER
2013,F,MAGCDI,3,3.0,1.0,,,1.0,0.3333333333333333,,,MAGISTER
2013,F,MAGCM,2,2.0,1.0,,,1.0,0.5,,,MAGISTER
2013,F,MAGEDM,3,3.0,,1.0,,1.0,,0.3333333333333333,,MAGISTER
2013,F,MAGEDU,56,52.0,3.0,2.0,4.0,0.9285714285714286,0.05357142857142857,0.03571428571428571,0.07142857142857142,MAGISTER
2013,F,MAGEF,9,6.0,5.0,4.0,3.0,0.6666666666666666,0.5555555555555556,0.4444444444444444,0.3333333333333333,MAGISTER
2013,F,MAGEI,5,4.0,3.0,1.0,,0.8,0.6,0.2,,MAGISTER
2013,F,MAGEII,10,8.0,8.0,3.0,1.0,0.8,0.8,0.3,0.1,MAGISTER
2013,F,MAGFC,3,3.0,2.0,1.0,,1.0,0.6666666666666666,0.3333333333333333,,MAGISTER
2013,F,MAGGEO,5,3.0,2.0,,1.0,0.6,0.4,,0.2,MAGISTER
2013,F,MAGGP,12,10.0,4.0,5.0,,0.8333333333333334,0.3333333333333333,0.4166666666666667,,MAGISTER
2013,F,MAGGT,6,5.0,,1.0,,0.8333333333333334,,0.16666666666666666,,MAGISTER
2013,F,MAGHI,2,2.0,2.0,,,1.0,1.0,,,MAGISTER
2013,F,MAGLG,18,16.0,13.0,5.0,2.0,0.8888888888888888,0.7222222222222222,0.2777777777777778,0.1111111111111111,MAGISTER
2013,F,MAGLI,8,8.0,2.0,3.0,,1.0,0.25,0.375,,MAGISTER
2013,F,MAGMA,29,24.0,13.0,15.0,1.0,0.8275862068965517,0.4482758620689655,0.5172413793103449,0.034482758620689655,MAGISTER
2013,F,MAGPC,7,7.0,5.0,2.0,,1.0,0.7142857142857143,0.2857142857142857,,MAGISTER
2013,F,MAGPE,1,,,,,,,,,MAGISTER
2013,F,MAGPED,13,11.0,3.0,2.0,2.0,0.8461538461538461,0.23076923076923078,0.15384615384615385,0.15384615384615385,MAGISTER
2013,F,MAGPGT,14,2.0,1.0,,,0.14285714285714285,0.07142857142857142,,,MAGISTER
2013,F,MAGPS,2,1.0,,,,0.5,,,,MAGISTER
2013,F,MAGQUI,5,5.0,1.0,,,1.0,0.2,,,MAGISTER
2013,F,MAGSGI,5,5.0,5.0,2.0,,1.0,1.0,0.4,,MAGISTER
2013,F,MAGSPA,2,2.0,2.0,,,1.0,1.0,,,MAGISTER
2013,F,MAGTA,2,1.0,2.0,1.0,,0.5,1.0,0.5,,MAGISTER
2013,F,MAGTCO,1,1.0,1.0,1.0,,1.0,1.0,1.0,,MAGISTER
2013,F,MED,42,35.0,35.0,34.0,34.0,0.8333333333333334,0.8333333333333334,0.8095238095238095,0.8095238095238095,PREGRADO
2013,F,MIDA,5,5.0,4.0,3.0,1.0,1.0,0.8,0.6,0.2,MAGISTER
2013,F,OBP,58,55.0,55.0,55.0,53.0,0.9482758620689655,0.9482758620689655,0.9482758620689655,0.9137931034482759,PREGRADO
2013,F,PEDCAST,34,30.0,23.0,21.0,21.0,0.8823529411764706,0.6764705882352942,0.6176470588235294,0.6176470588235294,PREGRADO
2013,F,PEDEDFIS,9,8.0,8.0,6.0,6.0,0.8888888888888888,0.8888888888888888,0.6666666666666666,0.6666666666666666,PREGRADO
2013,F,PEDEGB,37,33.0,30.0,29.0,29.0,0.8918918918918919,0.8108108108108109,0.7837837837837838,0.7837837837837838,PREGRADO
2013,F,PEDFILOS,11,7.0,4.0,4.0,3.0,0.6363636363636364,0.36363636363636365,0.36363636363636365,0.2727272727272727,PREGRADO
2013,F,PEDFISMAT,19,17.0,15.0,13.0,12.0,0.8947368421052632,0.7894736842105263,0.6842105263157895,0.631578947368421,PREGRADO
2013,F,PEDHS,19,16.0,15.0,14.0,14.0,0.8421052631578947,0.7894736842105263,0.7368421052631579,0.7368421052631579,PREGRADO
2013,F,PEDINGLES,42,39.0,38.0,37.0,35.0,0.9285714285714286,0.9047619047619048,0.8809523809523809,0.8333333333333334,PREGRADO
2013,F,PEDMATCOMP,18,15.0,13.0,12.0,11.0,0.8333333333333334,0.7222222222222222,0.6666666666666666,0.6111111111111112,PREGRADO
2013,F,PEDQUIMBIO,24,22.0,20.0,19.0,19.0,0.9166666666666666,0.8333333333333334,0.7916666666666666,0.7916666666666666,PREGRADO
2013,F,PEP,4,4.0,1.0,,,1.0,0.25,,,PREGRADO
2013,F,PER,50,42.0,33.0,29.0,25.0,0.84,0.66,0.58,0.5,PREGRADO
2013,F,POSACU,27,,,,,,,,,POSTITUTLO
2013,F,POSAG,5,,,,,,,,,POSTITUTLO
2013,F,POSAGE,6,,,,,,,,,POSTITUTLO
2013,F,POSAM,1,,,,,,,,,POSTITUTLO
2013,F,POSAN,6,2.0,1.0,,,0.3333333333333333,0.16666666666666666,,,POSTITUTLO
2013,F,POSAPA,1,1.0,,,,1.0,,,,POSTITUTLO
2013,F,POSCG,3,1.0,,,,0.3333333333333333,,,,POSTITUTLO
2013,F,POSEDV,2,2.0,2.0,2.0,,1.0,1.0,1.0,,POSTITUTLO
2013,F,POSEI,3,,,,,,,,,POSTITUTLO
2013,F,POSEMI,3,2.0,2.0,,,0.6666666666666666,0.6666666666666666,,,POSTITUTLO
2013,F,POSENP,2,1.0,1.0,,,0.5,0.5,,,POSTITUTLO
2013,F,POSEPI,7,5.0,4.0,1.0,,0.7142857142857143,0.5714285714285714,0.14285714285714285,,POSTITUTLO
2013,F,POSEPR,2,,,,,,,,,POSTITUTLO
2013,F,POSGO,1,,,,,,,,,POSTITUTLO
2013,F,POSIAM,5,,,,,,,,,POSTITUTLO
2013,F,POSIC,6,,,,,,,,,POSTITUTLO
2013,F,POSIT,7,,,,,,,,,POSTITUTLO
2013,F,POSLTRI,9,,,,,,,,,POSTITUTLO
2013,F,POSMARN,1,,,,,,,,,POSTITUTLO
2013,F,POSMU,2,1.0,1.0,,,0.5,0.5,,,POSTITUTLO
2013,F,POSNEU,1,1.0,1.0,,,1.0,1.0,,,POSTITUTLO
2013,F,POSPA,6,3.0,2.0,,,0.5,0.3333333333333333,,,POSTITUTLO
2013,F,POSPED,1,1.0,1.0,,,1.0,1.0,,,POSTITUTLO
2013,F,POSPP,20,,,1.0,,,,0.05,,POSTITUTLO
2013,F,POSREI,4,,,,,,,,,POSTITUTLO
2013,F,POSSRA,21,,,,,,,,,POSTITUTLO
2013,F,POSTROR,2,2.0,2.0,,,1.0,1.0,,,POSTITUTLO
2013,F,PRE,18,14.0,6.0,1.0,,0.7777777777777778,0.3333333333333333,0.05555555555555555,,PREGRADO
2013,F,PSI,62,48.0,48.0,49.0,46.0,0.7741935483870968,0.7741935483870968,0.7903225806451613,0.7419354838709677,PREGRADO
2013,F,PUB,43,35.0,29.0,27.0,27.0,0.813953488372093,0.6744186046511628,0.627906976744186,0.627906976744186,PREGRADO
2013,F,QYF,30,24.0,24.0,24.0,24.0,0.8,0.8,0.8,0.8,PREGRADO
2013,F,TAI,5,4.0,4.0,4.0,2.0,0.8,0.8,0.8,0.4,PREGRADO
2013,F,TAP,48,42.0,41.0,19.0,2.0,0.875,0.8541666666666666,0.3958333333333333,0.041666666666666664,PREGRADO
2013,F,TCI,22,19.0,16.0,4.0,2.0,0.8636363636363636,0.7272727272727273,0.18181818181818182,0.09090909090909091,PREGRADO
2013,F,TCO,6,5.0,3.0,1.0,,0.8333333333333334,0.5,0.16666666666666666,,PREGRADO
2013,F,TDI,32,27.0,22.0,15.0,7.0,0.84375,0.6875,0.46875,0.21875,PREGRADO
2013,F,TEA,38,35.0,31.0,20.0,7.0,0.9210526315789473,0.8157894736842105,0.5263157894736842,0.18421052631578946,PREGRADO
2013,F,TEC,19,14.0,14.0,5.0,1.0,0.7368421052631579,0.7368421052631579,0.2631578947368421,0.05263157894736842,PREGRADO
2013,F,TMI,9,7.0,6.0,2.0,1.0,0.7777777777777778,0.6666666666666666,0.2222222222222222,0.1111111111111111,PREGRADO
2013,F,TQF,53,45.0,33.0,20.0,6.0,0.8490566037735849,0.6226415094339622,0.37735849056603776,0.11320754716981132,PREGRADO
2013,F,TRD,64,49.0,8.0,2.0,1.0,0.765625,0.125,0.03125,0.015625,PREGRADO
2013,F,TUI,4,4.0,2.0,1.0,,1.0,0.5,0.25,,PREGRADO
2013,M,ADMPUB,56,43.0,41.0,35.0,33.0,0.7678571428571429,0.7321428571428571,0.625,0.5892857142857143,PREGRADO
2013,M,ARQ,30,25.0,24.0,23.0,24.0,0.8333333333333334,0.8,0.7666666666666667,0.8,PREGRADO
2013,M,BACHI,86,65.0,23.0,12.0,4.0,0.7558139534883721,0.26744186046511625,0.13953488372093023,0.046511627906976744,PREGRADO
2013,M,CCIV,106,87.0,73.0,43.0,25.0,0.8207547169811321,0.6886792452830188,0.4056603773584906,0.2358490566037736,PREGRADO
2013,M,CONTA,77,60.0,58.0,53.0,49.0,0.7792207792207793,0.7532467532467533,0.6883116883116883,0.6363636363636364,PREGRADO
2013,M,DIPADC,10,,,,,,,,,DIPLOMADO
2013,M,DIPAGR,13,,,,,,,,,DIPLOMADO
2013,M,DIPAN,14,,,,,,,,,DIPLOMADO
2013,M,DIPAP,21,,,,,,,,,DIPLOMADO
2013,M,DIPAPR,23,,,,,,,,,DIPLOMADO
2013,M,DIPCISC,3,,,,,,,,,DIPLOMADO
2013,M,DIPCOM,1,,,,,,,,,DIPLOMADO
2013,M,DIPCPSO,29,,,,,,,,,DIPLOMADO
2013,M,DIPCSA,27,,,,,,,,,DIPLOMADO
2013,M,DIPDEL,42,,,,,,,,,DIPLOMADO
2013,M,DIPDFIG,8,,,,,,,,,DIPLOMADO
2013,M,DIPDHG,14,,,,,,,,,DIPLOMADO
2013,M,DIPDI,10,,,,,,,,,DIPLOMADO
2013,M,DIPDRH,5,,,,,,,,,DIPLOMADO
2013,M,DIPDS,47,,,,,,,,,DIPLOMADO
2013,M,DIPDU,25,,,,,,,,,DIPLOMADO
2013,M,DIPEGC,15,,,,,,,,,DIPLOMADO
2013,M,DIPELNL,10,,,,,,,,,DIPLOMADO
2013,M,DIPESEP,9,,,,,,,,,DIPLOMADO
2013,M,DIPESES,8,,,,,,,,,DIPLOMADO
2013,M,DIPEYDS,9,,,,,,,,,DIPLOMADO
2013,M,DIPFPIT,10,,,,,,,,,DIPLOMADO
2013,M,DIPGA,38,,,,,,,,,DIPLOMADO
2013,M,DIPGCT,5,,,,,,,,,DIPLOMADO
2013,M,DIPGFIN,15,,,,,,,,,DIPLOMADO
2013,M,DIPGINF,19,,,,,,,,,DIPLOMADO
2013,M,DIPGLPD,32,,,,,,,,,DIPLOMADO
2013,M,DIPGRH,9,,,,,,,,,DIPLOMADO
2013,M,DIPGS,7,,,,,,,,,DIPLOMADO
2013,M,DIPGSA,11,,,,,,,,,DIPLOMADO
2013,M,DIPIALI,15,,,,,,,,,DIPLOMADO
2013,M,DIPICLI,11,,,,,,,,,DIPLOMADO
2013,M,DIPLG,16,,,,,,,,,DIPLOMADO
2013,M,DIPLIJ,3,,,,,,,,,DIPLOMADO
2013,M,DIPMCOM,6,,,,,,,,,DIPLOMADO
2013,M,DIPMD,4,,,,,,,,,DIPLOMADO
2013,M,DIPMTCA,1,,,,,,,,,DIPLOMADO
2013,M,DIPNICI,38,,,,,,,,,DIPLOMADO
2013,M,DIPPCCL,13,,,,,,,,,DIPLOMADO
2013,M,DIPPD,1,,,,,,,,,DIPLOMADO
2013,M,DIPPED,3,,,,,,,,,DIPLOMADO
2013,M,DIPPINF,14,,,,,,,,,DIPLOMADO
2013,M,DIPPM,12,,,,,,,,,DIPLOMADO
2013,M,DIPPMM,13,,,,,,,,,DIPLOMADO
2013,M,DIPPPI,21,,,,,,,,,DIPLOMADO
2013,M,DOCBIO,6,6.0,6.0,6.0,6.0,1.0,1.0,1.0,1.0,DOCTORADO
2013,M,DOCCSADM,5,2.0,2.0,2.0,1.0,0.4,0.4,0.4,0.2,DOCTORADO
2013,M,DOCCSALIM,1,1.0,1.0,1.0,1.0,1.0,1.0,1.0,1.0,DOCTORADO
2013,M,DOCCSEDUC,2,1.0,2.0,2.0,1.0,0.5,1.0,1.0,0.5,DOCTORADO
2013,M,DOCCSFIS,1,1.0,1.0,1.0,1.0,1.0,1.0,1.0,1.0,DOCTORADO
2013,M,DOCCSING,16,16.0,15.0,15.0,9.0,1.0,0.9375,0.9375,0.5625,DOCTORADO
2013,M,DOCCSMAT,4,4.0,4.0,3.0,3.0,1.0,1.0,0.75,0.75,DOCTORADO
2013,M,DOCESTAM,8,8.0,7.0,7.0,5.0,1.0,0.875,0.875,0.625,DOCTORADO
2013,M,DOCHIST,2,2.0,2.0,1.0,1.0,1.0,1.0,0.5,0.5,DOCTORADO
2013,M,DOCNEUROC,2,2.0,2.0,2.0,2.0,1.0,1.0,1.0,1.0,DOCTORADO
2013,M,DOCPSIC,2,,,,,,,,,DOCTORADO
2013,M,DOCQUIM,4,3.0,3.0,3.0,3.0,0.75,0.75,0.75,0.75,DOCTORADO
2013,M,ENF,10,7.0,7.0,7.0,7.0,0.7,0.7,0.7,0.7,PREGRADO
2013,M,HCS,6,3.0,3.0,3.0,3.0,0.5,0.5,0.5,0.5,PREGRADO
2013,M,ICELEC,164,127.0,109.0,73.0,57.0,0.774390243902439,0.6646341463414634,0.4451219512195122,0.3475609756097561,PREGRADO
2013,M,ICGEOG,26,13.0,8.0,8.0,7.0,0.5,0.3076923076923077,0.3076923076923077,0.2692307692307692,PREGRADO
2013,M,ICIND,164,142.0,131.0,109.0,91.0,0.8658536585365854,0.7987804878048781,0.6646341463414634,0.5548780487804879,PREGRADO
2013,M,ICINF,114,87.0,71.0,39.0,28.0,0.7631578947368421,0.6228070175438597,0.34210526315789475,0.24561403508771928,PREGRADO
2013,M,ICMEC,162,139.0,124.0,90.0,75.0,0.8580246913580247,0.7654320987654321,0.5555555555555556,0.46296296296296297,PREGRADO
2013,M,ICMET,92,81.0,79.0,62.0,47.0,0.8804347826086957,0.8586956521739131,0.6739130434782609,0.5108695652173914,PREGRADO
2013,M,ICMIN,211,183.0,180.0,139.0,123.0,0.8672985781990521,0.8530805687203792,0.6587677725118484,0.5829383886255924,PREGRADO
2013,M,ICOBR,99,88.0,77.0,64.0,61.0,0.8888888888888888,0.7777777777777778,0.6464646464646465,0.6161616161616161,PREGRADO
2013,M,ICQUIM,58,48.0,45.0,37.0,35.0,0.8275862068965517,0.7758620689655172,0.6379310344827587,0.603448275862069,PREGRADO
2013,M,IEAMB,4,3.0,3.0,3.0,1.0,0.75,0.75,0.75,0.25,PREGRADO
2013,M,IECLIM,49,31.0,14.0,15.0,13.0,0.6326530612244898,0.2857142857142857,0.30612244897959184,0.2653061224489796,PREGRADO
2013,M,IEELEC,191,151.0,133.0,99.0,69.0,0.7905759162303665,0.6963350785340314,0.518324607329843,0.3612565445026178,PREGRADO
2013,M,IEGEOM,62,37.0,31.0,25.0,19.0,0.5967741935483871,0.5,0.4032258064516129,0.3064516129032258,PREGRADO
2013,M,IEIND,131,108.0,92.0,75.0,47.0,0.8244274809160306,0.7022900763358778,0.5725190839694656,0.35877862595419846,PREGRADO
2013,M,IEINF,89,61.0,47.0,36.0,29.0,0.6853932584269663,0.5280898876404494,0.4044943820224719,0.3258426966292135,PREGRADO
2013,M,IEMEC,136,113.0,93.0,74.0,55.0,0.8308823529411765,0.6838235294117647,0.5441176470588235,0.40441176470588236,PREGRADO
2013,M,IEMET,50,38.0,30.0,28.0,22.0,0.76,0.6,0.56,0.44,PREGRADO
2013,M,IEMIN,68,58.0,44.0,34.0,26.0,0.8529411764705882,0.6470588235294118,0.5,0.38235294117647056,PREGRADO
2013,M,IEQUIM,42,26.0,20.0,14.0,9.0,0.6190476190476191,0.47619047619047616,0.3333333333333333,0.21428571428571427,PREGRADO
2013,M,INGAGRO,22,12.0,12.0,11.0,7.0,0.5454545454545454,0.5454545454545454,0.5,0.3181818181818182,PREGRADO
2013,M,INGAL,12,10.0,9.0,9.0,8.0,0.8333333333333334,0.75,0.75,0.6666666666666666,PREGRADO
2013,M,INGAMB,23,18.0,17.0,14.0,13.0,0.782608695652174,0.7391304347826086,0.6086956521739131,0.5652173913043478,PREGRADO
2013,M,INGBIO,30,24.0,21.0,15.0,12.0,0.8,0.7,0.5,0.4,PREGRADO
2013,M,INGCO,95,82.0,77.0,51.0,41.0,0.8631578947368421,0.8105263157894737,0.5368421052631579,0.43157894736842106,PREGRADO
2013,M,INGEST,28,24.0,23.0,21.0,20.0,0.8571428571428571,0.8214285714285714,0.75,0.7142857142857143,PREGRADO
2013,M,INGFI,32,21.0,19.0,15.0,13.0,0.65625,0.59375,0.46875,0.40625,PREGRADO
2013,M,INGMA,33,17.0,13.0,10.0,8.0,0.5151515151515151,0.3939393939393939,0.30303030303030304,0.24242424242424243,PREGRADO
2013,M,LAT,6,5.0,5.0,2.0,2.0,0.8333333333333334,0.8333333333333334,0.3333333333333333,0.3333333333333333,PREGRADO
2013,M,LCC,30,14.0,12.0,11.0,10.0,0.4666666666666667,0.4,0.36666666666666664,0.3333333333333333,PREGRADO
2013,M,LEB,10,9.0,7.0,6.0,5.0,0.9,0.7,0.6,0.5,PREGRADO
2013,M,LEE,26,19.0,15.0,15.0,15.0,0.7307692307692307,0.5769230769230769,0.5769230769230769,0.5769230769230769,PREGRADO
2013,M,LEI,16,11.0,9.0,7.0,1.0,0.6875,0.5625,0.4375,0.0625,PREGRADO
2013,M,LICAF,9,6.0,6.0,5.0,4.0,0.6666666666666666,0.6666666666666666,0.5555555555555556,0.4444444444444444,PREGRADO
2013,M,LOG,7,6.0,,,,0.8571428571428571,,,,PREGRADO
2013,M,LQC,16,13.0,9.0,6.0,4.0,0.8125,0.5625,0.375,0.25,PREGRADO
2013,M,MAGADE,61,56.0,7.0,2.0,1.0,0.9180327868852459,0.11475409836065574,0.03278688524590164,0.01639344262295082,MAGISTER
2013,M,MAGARH,15,15.0,11.0,8.0,3.0,1.0,0.7333333333333333,0.5333333333333333,0.2,MAGISTER
2013,M,MAGAS,1,1.0,,,,1.0,,,,MAGISTER
2013,M,MAGCAG,11,5.0,2.0,2.0,,0.45454545454545453,0.18181818181818182,0.18181818181818182,,MAGISTER
2013,M,MAGCC,8,8.0,1.0,1.0,2.0,1.0,0.125,0.125,0.25,MAGISTER
2013,M,MAGCDA,1,1.0,1.0,1.0,1.0,1.0,1.0,1.0,1.0,MAGISTER
2013,M,MAGCDI,27,24.0,17.0,3.0,,0.8888888888888888,0.6296296296296297,0.1111111111111111,,MAGISTER
2013,M,MAGCM,3,2.0,,,,0.6666666666666666,,,,MAGISTER
2013,M,MAGEDM,8,7.0,1.0,1.0,1.0,0.875,0.125,0.125,0.125,MAGISTER
2013,M,MAGEDU,36,31.0,6.0,1.0,1.0,0.8611111111111112,0.16666666666666666,0.027777777777777776,0.027777777777777776,MAGISTER
2013,M,MAGEF,42,34.0,24.0,20.0,11.0,0.8095238095238095,0.5714285714285714,0.47619047619047616,0.2619047619047619,MAGISTER
2013,M,MAGEI,6,5.0,4.0,2.0,1.0,0.8333333333333334,0.6666666666666666,0.3333333333333333,0.16666666666666666,MAGISTER
2013,M,MAGEII,11,11.0,10.0,5.0,,1.0,0.9090909090909091,0.45454545454545453,,MAGISTER
2013,M,MAGFC,6,5.0,4.0,2.0,1.0,0.8333333333333334,0.6666666666666666,0.3333333333333333,0.16666666666666666,MAGISTER
2013,M,MAGFP,2,2.0,,,,1.0,,,,MAGISTER
2013,M,MAGGEO,4,3.0,1.0,1.0,,0.75,0.25,0.25,,MAGISTER
2013,M,MAGGP,14,10.0,5.0,4.0,2.0,0.7142857142857143,0.35714285714285715,0.2857142857142857,0.14285714285714285,MAGISTER
2013,M,MAGGT,5,5.0,1.0,,,1.0,0.2,,,MAGISTER
2013,M,MAGHI,12,12.0,8.0,4.0,,1.0,0.6666666666666666,0.3333333333333333,,MAGISTER
2013,M,MAGII,15,13.0,6.0,1.0,,0.8666666666666667,0.4,0.06666666666666667,,MAGISTER
2013,M,MAGLG,6,5.0,5.0,3.0,1.0,0.8333333333333334,0.8333333333333334,0.5,0.16666666666666666,MAGISTER
2013,M,MAGLI,9,9.0,8.0,4.0,,1.0,0.8888888888888888,0.4444444444444444,,MAGISTER
2013,M,MAGMA,37,29.0,6.0,17.0,5.0,0.7837837837837838,0.16216216216216217,0.4594594594594595,0.13513513513513514,MAGISTER
2013,M,MAGPC,3,2.0,2.0,2.0,,0.6666666666666666,0.6666666666666666,0.6666666666666666,,MAGISTER
2013,M,MAGPE,4,1.0,,,,0.25,,,,MAGISTER
2013,M,MAGPED,2,,,,,,,,,MAGISTER
2013,M,MAGPGT,21,7.0,2.0,1.0,,0.3333333333333333,0.09523809523809523,0.047619047619047616,,MAGISTER
2013,M,MAGPS,4,3.0,3.0,2.0,2.0,0.75,0.75,0.5,0.5,MAGISTER
2013,M,MAGQUI,7,6.0,1.0,,,0.8571428571428571,0.14285714285714285,,,MAGISTER
2013,M,MAGSGI,7,7.0,7.0,2.0,1.0,1.0,1.0,0.2857142857142857,0.14285714285714285,MAGISTER
2013,M,MAGSPA,9,9.0,3.0,3.0,1.0,1.0,0.3333333333333333,0.3333333333333333,0.1111111111111111,MAGISTER
2013,M,MAGTA,1,1.0,,,,1.0,,,,MAGISTER
2013,M,MAGTCO,4,3.0,1.0,2.0,1.0,0.75,0.25,0.5,0.25,MAGISTER
2013,M,MED,35,30.0,27.0,27.0,27.0,0.8571428571428571,0.7714285714285715,0.7714285714285715,0.7714285714285715,PREGRADO
2013,M,MIDA,4,4.0,3.0,1.0,1.0,1.0,0.75,0.25,0.25,MAGISTER
2013,M,OBP,6,5.0,5.0,5.0,4.0,0.8333333333333334,0.8333333333333334,0.8333333333333334,0.6666666666666666,PREGRADO
2013,M,PEDCAST,17,13.0,11.0,11.0,10.0,0.7647058823529411,0.6470588235294118,0.6470588235294118,0.5882352941176471,PREGRADO
2013,M,PEDEDFIS,9,7.0,7.0,5.0,2.0,0.7777777777777778,0.7777777777777778,0.5555555555555556,0.2222222222222222,PREGRADO
2013,M,PEDEGB,5,4.0,4.0,4.0,4.0,0.8,0.8,0.8,0.8,PREGRADO
2013,M,PEDFILOS,6,6.0,4.0,4.0,3.0,1.0,0.6666666666666666,0.6666666666666666,0.5,PREGRADO
2013,M,PEDFISMAT,24,19.0,19.0,19.0,19.0,0.7916666666666666,0.7916666666666666,0.7916666666666666,0.7916666666666666,PREGRADO
2013,M,PEDHS,18,12.0,11.0,10.0,9.0,0.6666666666666666,0.6111111111111112,0.5555555555555556,0.5,PREGRADO
2013,M,PEDINGLES,17,17.0,17.0,16.0,16.0,1.0,1.0,0.9411764705882353,0.9411764705882353,PREGRADO
2013,M,PEDMATCOMP,17,17.0,15.0,13.0,12.0,1.0,0.8823529411764706,0.7647058823529411,0.7058823529411765,PREGRADO
2013,M,PEDQUIMBIO,13,10.0,8.0,8.0,7.0,0.7692307692307693,0.6153846153846154,0.6153846153846154,0.5384615384615384,PREGRADO
2013,M,PEP,6,6.0,2.0,1.0,2.0,1.0,0.3333333333333333,0.16666666666666666,0.3333333333333333,PREGRADO
2013,M,PER,39,27.0,17.0,15.0,14.0,0.6923076923076923,0.4358974358974359,0.38461538461538464,0.358974358974359,PREGRADO
2013,M,POSACU,15,1.0,1.0,,,0.06666666666666667,0.06666666666666667,,,POSTITUTLO
2013,M,POSAG,3,,,,,,,,,POSTITUTLO
2013,M,POSAGE,3,,,,,,,,,POSTITUTLO
2013,M,POSAM,5,,,1.0,,,,0.2,,POSTITUTLO
2013,M,POSAN,2,1.0,1.0,,,0.5,0.5,,,POSTITUTLO
2013,M,POSAPA,1,1.0,,,,1.0,,,,POSTITUTLO
2013,M,POSCG,12,6.0,7.0,1.0,,0.5,0.5833333333333334,0.08333333333333333,,POSTITUTLO
2013,M,POSCI,10,,,,,,,,,POSTITUTLO
2013,M,POSEDV,2,2.0,2.0,2.0,,1.0,1.0,1.0,,POSTITUTLO
2013,M,POSEI,1,,,,,,,,,POSTITUTLO
2013,M,POSEMI,11,7.0,5.0,,,0.6363636363636364,0.45454545454545453,,,POSTITUTLO
2013,M,POSENP,2,2.0,2.0,1.0,,1.0,1.0,0.5,,POSTITUTLO
2013,M,POSEPI,1,1.0,1.0,,,1.0,1.0,,,POSTITUTLO
2013,M,POSEPR,7,,,,,,,,,POSTITUTLO
2013,M,POSGO,2,,,,,,,,,POSTITUTLO
2013,M,POSIA,1,1.0,,,,1.0,,,,POSTITUTLO
2013,M,POSIAM,4,,,,,,,,,POSTITUTLO
2013,M,POSIC,4,,,,,,,,,POSTITUTLO
2013,M,POSIT,6,,,,,,,,,POSTITUTLO
2013,M,POSLTRI,16,,,,,,,,,POSTITUTLO
2013,M,POSMU,12,2.0,2.0,,,0.16666666666666666,0.16666666666666666,,,POSTITUTLO
2013,M,POSNEU,1,1.0,1.0,,,1.0,1.0,,,POSTITUTLO
2013,M,POSPA,9,7.0,6.0,,,0.7777777777777778,0.6666666666666666,,,POSTITUTLO
2013,M,POSPED,2,1.0,1.0,1.0,1.0,0.5,0.5,0.5,0.5,POSTITUTLO
2013,M,POSPP,8,,,,,,,,,POSTITUTLO
2013,M,POSREI,2,1.0,1.0,1.0,,0.5,0.5,0.5,,POSTITUTLO
2013,M,POSSRA,3,,,,,,,,,POSTITUTLO
2013,M,POSTROR,14,8.0,7.0,2.0,,0.5714285714285714,0.5,0.14285714285714285,,POSTITUTLO
2013,M,POSTYR,6,,,,,,,,,POSTITUTLO
2013,M,POSURO,4,3.0,3.0,,,0.75,0.75,,,POSTITUTLO
2013,M,PRE,20,16.0,6.0,,,0.8,0.3,,,PREGRADO
2013,M,PSI,22,15.0,15.0,15.0,15.0,0.6818181818181818,0.6818181818181818,0.6818181818181818,0.6818181818181818,PREGRADO
2013,M,PUB,32,29.0,28.0,22.0,21.0,0.90625,0.875,0.6875,0.65625,PREGRADO
2013,M,QYF,15,15.0,12.0,11.0,11.0,1.0,0.8,0.7333333333333333,0.7333333333333333,PREGRADO
2013,M,TAI,52,44.0,35.0,20.0,9.0,0.8461538461538461,0.6730769230769231,0.38461538461538464,0.17307692307692307,PREGRADO
2013,M,TAP,38,28.0,27.0,11.0,3.0,0.7368421052631579,0.7105263157894737,0.2894736842105263,0.07894736842105263,PREGRADO
2013,M,TCI,32,29.0,26.0,7.0,3.0,0.90625,0.8125,0.21875,0.09375,PREGRADO
2013,M,TCO,39,28.0,23.0,14.0,3.0,0.717948717948718,0.5897435897435898,0.358974358974359,0.07692307692307693,PREGRADO
2013,M,TDI,23,14.0,11.0,9.0,4.0,0.6086956521739131,0.4782608695652174,0.391304347826087,0.17391304347826086,PREGRADO
2013,M,TEA,15,13.0,9.0,5.0,2.0,0.8666666666666667,0.6,0.3333333333333333,0.13333333333333333,PREGRADO
2013,M,TEC,64,50.0,43.0,19.0,3.0,0.78125,0.671875,0.296875,0.046875,PREGRADO
2013,M,TMI,45,42.0,34.0,24.0,4.0,0.9333333333333333,0.7555555555555555,0.5333333333333333,0.08888888888888889,PREGRADO
2013,M,TQF,29,26.0,23.0,15.0,3.0,0.896551724137931,0.7931034482758621,0.5172413793103449,0.10344827586206896,PREGRADO
2013,M,TRD,64,39.0,5.0,1.0,,0.609375,0.078125,0.015625,,PREGRADO
2013,M,TUI,24,19.0,8.0,,,0.7916666666666666,0.3333333333333333,,,PREGRADO
2014,F,ADMIND,5,5.0,,,,1.0,,,,PREGRADO
2014,F,ADMPUB,85,72.0,64.0,58.0,56.0,0.8470588235294118,0.7529411764705882,0.6823529411764706,0.6588235294117647,PREGRADO
2014,F,ARQ,41,35.0,32.0,25.0,22.0,0.8536585365853658,0.7804878048780488,0.6097560975609756,0.5365853658536586,PREGRADO
2014,F,BACHI,150,114.0,35.0,10.0,2.0,0.76,0.23333333333333334,0.06666666666666667,0.013333333333333334,PREGRADO
2014,F,CCIV,20,15.0,13.0,9.0,3.0,0.75,0.65,0.45,0.15,PREGRADO
2014,F,CONTA,81,71.0,71.0,69.0,67.0,0.8765432098765432,0.8765432098765432,0.8518518518518519,0.8271604938271605,PREGRADO
2014,F,DIPAGR,8,,,,,,,,,DIPLOMADO
2014,F,DIPAN,6,,,,,,,,,DIPLOMADO
2014,F,DIPCH,26,,,,,,,,,DIPLOMADO
2014,F,DIPCOM,11,,,,,,,,,DIPLOMADO
2014,F,DIPCSA,7,,,,,,,,,DIPLOMADO
2014,F,DIPDGPG,14,,,,,,,,,DIPLOMADO
2014,F,DIPDHG,6,,,,,,,,,DIPLOMADO
2014,F,DIPDI,4,,,,,,,,,DIPLOMADO
2014,F,DIPDIPF,4,,,,,,,,,DIPLOMADO
2014,F,DIPDPR,6,,,,,,,,,DIPLOMADO
2014,F,DIPDRH,12,,,,,,,,,DIPLOMADO
2014,F,DIPDU,28,,,,,,,,,DIPLOMADO
2014,F,DIPEGA,1,,,,,,,,,DIPLOMADO
2014,F,DIPEGC,27,,,,,,,,,DIPLOMADO
2014,F,DIPEGM,1,,,,,,,,,DIPLOMADO
2014,F,DIPENM,2,,,,,,,,,DIPLOMADO
2014,F,DIPEPDD,18,,,,,,,,,DIPLOMADO
2014,F,DIPESES,4,,,,,,,,,DIPLOMADO
2014,F,DIPETDA,2,,,,,,,,,DIPLOMADO
2014,F,DIPEYDS,1,,,,,,,,,DIPLOMADO
2014,F,DIPFPIT,1,,,,,,,,,DIPLOMADO
2014,F,DIPGA,17,,,,,,,,,DIPLOMADO
2014,F,DIPGB,4,,,,,,,,,DIPLOMADO
2014,F,DIPGCT,8,,,,,,,,,DIPLOMADO
2014,F,DIPGETP,11,,,,,,,,,DIPLOMADO
2014,F,DIPGFIN,6,,,,,,,,,DIPLOMADO
2014,F,DIPGINF,5,,,,,,,,,DIPLOMADO
2014,F,DIPGLAB,5,,,,,,,,,DIPLOMADO
2014,F,DIPGLPD,17,,,,,,,,,DIPLOMADO
2014,F,DIPGRH,22,,,,,,,,,DIPLOMADO
2014,F,DIPGS,11,,,,,,,,,DIPLOMADO
2014,F,DIPGSA,60,,,,,,,,,DIPLOMADO
2014,F,DIPGSSO,1,,,,,,,,,DIPLOMADO
2014,F,DIPIDTIC,3,,,,,,,,,DIPLOMADO
2014,F,DIPLE,25,,,,,,,,,DIPLOMADO
2014,F,DIPLIJ,24,,,,,,,,,DIPLOMADO
2014,F,DIPMD,3,,,,,,,,,DIPLOMADO
2014,F,DIPMME,12,,,,,,,,,DIPLOMADO
2014,F,DIPNICI,32,,,,,,,,,DIPLOMADO
2014,F,DIPPCCD,8,,,,,,,,,DIPLOMADO
2014,F,DIPPD,4,,,,,,,,,DIPLOMADO
2014,F,DIPPGT,20,,,,,,,,,DIPLOMADO
2014,F,DIPPINF,4,,,,,,,,,DIPLOMADO
2014,F,DIPPM,13,1.0,,,,0.07692307692307693,,,,DIPLOMADO
2014,F,DIPPMM,8,,,,,,,,,DIPLOMADO
2014,F,DIPSGI,2,,,,,,,,,DIPLOMADO
2014,F,DIPTMEH,13,,,,,,,,,DIPLOMADO
2014,F,DOCBIO,1,1.0,1.0,1.0,1.0,1.0,1.0,1.0,1.0,DOCTORADO
2014,F,DOCCSADM,1,1.0,1.0,1.0,1.0,1.0,1.0,1.0,1.0,DOCTORADO
2014,F,DOCCSEDUC,6,6.0,6.0,6.0,6.0,1.0,1.0,1.0,1.0,DOCTORADO
2014,F,DOCCSFIS,1,1.0,1.0,,,1.0,1.0,,,DOCTORADO
2014,F,DOCCSING,2,2.0,2.0,2.0,1.0,1.0,1.0,1.0,0.5,DOCTORADO
2014,F,DOCCSMAT,1,1.0,1.0,1.0,1.0,1.0,1.0,1.0,1.0,DOCTORADO
2014,F,DOCESTAM,9,9.0,9.0,9.0,7.0,1.0,1.0,1.0,0.7777777777777778,DOCTORADO
2014,F,DOCHIST,4,4.0,4.0,4.0,4.0,1.0,1.0,1.0,1.0,DOCTORADO
2014,F,DOCMICROBIO,2,2.0,2.0,2.0,2.0,1.0,1.0,1.0,1.0,DOCTORADO
2014,F,DOCNEUROC,2,2.0,2.0,2.0,2.0,1.0,1.0,1.0,1.0,DOCTORADO
2014,F,DOCPSIC,2,2.0,2.0,2.0,2.0,1.0,1.0,1.0,1.0,DOCTORADO
2014,F,DOCQUIM,3,3.0,3.0,3.0,3.0,1.0,1.0,1.0,1.0,DOCTORADO
2014,F,ENF,65,61.0,58.0,54.0,49.0,0.9384615384615385,0.8923076923076924,0.8307692307692308,0.7538461538461538,PREGRADO
2014,F,HCS,22,14.0,13.0,12.0,12.0,0.6363636363636364,0.5909090909090909,0.5454545454545454,0.5454545454545454,PREGRADO
2014,F,ICELEC,17,13.0,10.0,9.0,9.0,0.7647058823529411,0.5882352941176471,0.5294117647058824,0.5294117647058824,PREGRADO
2014,F,ICGEOG,25,18.0,12.0,7.0,6.0,0.72,0.48,0.28,0.24,PREGRADO
2014,F,ICIND,81,75.0,70.0,57.0,48.0,0.9259259259259259,0.8641975308641975,0.7037037037037037,0.5925925925925926,PREGRADO
2014,F,ICINF,20,11.0,10.0,7.0,4.0,0.55,0.5,0.35,0.2,PREGRADO
2014,F,ICMEC,19,14.0,11.0,11.0,8.0,0.7368421052631579,0.5789473684210527,0.5789473684210527,0.42105263157894735,PREGRADO
2014,F,ICMET,21,14.0,12.0,12.0,10.0,0.6666666666666666,0.5714285714285714,0.5714285714285714,0.47619047619047616,PREGRADO
2014,F,ICMIN,63,57.0,45.0,40.0,34.0,0.9047619047619048,0.7142857142857143,0.6349206349206349,0.5396825396825397,PREGRADO
2014,F,ICOBR,36,28.0,25.0,25.0,17.0,0.7777777777777778,0.6944444444444444,0.6944444444444444,0.4722222222222222,PREGRADO
2014,F,ICQUIM,50,46.0,40.0,35.0,29.0,0.92,0.8,0.7,0.58,PREGRADO
2014,F,IEAMB,2,2.0,2.0,2.0,1.0,1.0,1.0,1.0,0.5,PREGRADO
2014,F,IECLIM,3,2.0,1.0,1.0,1.0,0.6666666666666666,0.3333333333333333,0.3333333333333333,0.3333333333333333,PREGRADO
2014,F,IEELEC,18,14.0,9.0,9.0,6.0,0.7777777777777778,0.5,0.5,0.3333333333333333,PREGRADO
2014,F,IEGEOM,22,19.0,14.0,12.0,11.0,0.8636363636363636,0.6363636363636364,0.5454545454545454,0.5,PREGRADO
2014,F,IEIND,74,56.0,50.0,42.0,26.0,0.7567567567567568,0.6756756756756757,0.5675675675675675,0.35135135135135137,PREGRADO
2014,F,IEINF,11,7.0,5.0,5.0,4.0,0.6363636363636364,0.45454545454545453,0.45454545454545453,0.36363636363636365,PREGRADO
2014,F,IEMEC,18,10.0,8.0,7.0,4.0,0.5555555555555556,0.4444444444444444,0.3888888888888889,0.2222222222222222,PREGRADO
2014,F,IEMET,19,15.0,12.0,9.0,7.0,0.7894736842105263,0.631578947368421,0.47368421052631576,0.3684210526315789,PREGRADO
2014,F,IEMIN,23,19.0,16.0,14.0,13.0,0.8260869565217391,0.6956521739130435,0.6086956521739131,0.5652173913043478,PREGRADO
2014,F,IEQUIM,59,44.0,36.0,24.0,12.0,0.7457627118644068,0.6101694915254238,0.4067796610169492,0.2033898305084746,PREGRADO
2014,F,INGAGRO,38,28.0,25.0,25.0,25.0,0.7368421052631579,0.6578947368421053,0.6578947368421053,0.6578947368421053,PREGRADO
2014,F,INGAL,43,36.0,31.0,27.0,24.0,0.8372093023255814,0.7209302325581395,0.627906976744186,0.5581395348837209,PREGRADO
2014,F,INGAMB,37,30.0,25.0,25.0,25.0,0.8108108108108109,0.6756756756756757,0.6756756756756757,0.6756756756756757,PREGRADO
2014,F,INGBIO,33,22.0,16.0,11.0,7.0,0.6666666666666666,0.48484848484848486,0.3333333333333333,0.21212121212121213,PREGRADO
2014,F,INGCO,118,110.0,104.0,82.0,67.0,0.9322033898305084,0.8813559322033898,0.6949152542372882,0.5677966101694916,PREGRADO
2014,F,INGEST,25,21.0,19.0,18.0,15.0,0.84,0.76,0.72,0.6,PREGRADO
2014,F,INGFI,13,8.0,5.0,5.0,4.0,0.6153846153846154,0.38461538461538464,0.38461538461538464,0.3076923076923077,PREGRADO
2014,F,INGMA,19,8.0,6.0,5.0,5.0,0.42105263157894735,0.3157894736842105,0.2631578947368421,0.2631578947368421,PREGRADO
2014,F,LAT,44,39.0,33.0,32.0,31.0,0.8863636363636364,0.75,0.7272727272727273,0.7045454545454546,PREGRADO
2014,F,LCC,6,3.0,3.0,3.0,2.0,0.5,0.5,0.5,0.3333333333333333,PREGRADO
2014,F,LEB,24,18.0,19.0,18.0,16.0,0.75,0.7916666666666666,0.75,0.6666666666666666,PREGRADO
2014,F,LEE,23,17.0,15.0,15.0,14.0,0.7391304347826086,0.6521739130434783,0.6521739130434783,0.6086956521739131,PREGRADO
2014,F,LEI,14,13.0,10.0,9.0,,0.9285714285714286,0.7142857142857143,0.6428571428571429,,PREGRADO
2014,F,LICAFENDEP,5,5.0,5.0,5.0,5.0,1.0,1.0,1.0,1.0,PREGRADO
2014,F,LICAFTERAP,21,18.0,16.0,15.0,15.0,0.8571428571428571,0.7619047619047619,0.7142857142857143,0.7142857142857143,PREGRADO
2014,F,LOG,7,7.0,,,,1.0,,,,PREGRADO
2014,F,LQC,27,24.0,16.0,9.0,9.0,0.8888888888888888,0.5925925925925926,0.3333333333333333,0.3333333333333333,PREGRADO
2014,F,MAGADE,32,31.0,1.0,,,0.96875,0.03125,,,MAGISTER
2014,F,MAGAP,8,8.0,5.0,1.0,,1.0,0.625,0.125,,MAGISTER
2014,F,MAGARH,15,14.0,12.0,7.0,3.0,0.9333333333333333,0.8,0.4666666666666667,0.2,MAGISTER
2014,F,MAGCAG,2,2.0,2.0,,,1.0,1.0,,,MAGISTER
2014,F,MAGCC,6,5.0,3.0,,,0.8333333333333334,0.5,,,MAGISTER
2014,F,MAGCDI,10,10.0,4.0,1.0,,1.0,0.4,0.1,,MAGISTER
2014,F,MAGCS,3,3.0,2.0,2.0,,1.0,0.6666666666666666,0.6666666666666666,,MAGISTER
2014,F,MAGEDM,7,5.0,1.0,,3.0,0.7142857142857143,0.14285714285714285,,0.42857142857142855,MAGISTER
2014,F,MAGEDU,35,32.0,10.0,1.0,,0.9142857142857143,0.2857142857142857,0.02857142857142857,,MAGISTER
2014,F,MAGEF,5,5.0,4.0,1.0,,1.0,0.8,0.2,,MAGISTER
2014,F,MAGEI,8,8.0,6.0,6.0,3.0,1.0,0.75,0.75,0.375,MAGISTER
2014,F,MAGEII,5,5.0,4.0,1.0,,1.0,0.8,0.2,,MAGISTER
2014,F,MAGFC,1,1.0,1.0,,1.0,1.0,1.0,,1.0,MAGISTER
2014,F,MAGGP,29,26.0,15.0,5.0,1.0,0.896551724137931,0.5172413793103449,0.1724137931034483,0.034482758620689655,MAGISTER
2014,F,MAGGT,4,4.0,4.0,1.0,,1.0,1.0,0.25,,MAGISTER
2014,F,MAGHI,6,4.0,5.0,1.0,,0.6666666666666666,0.8333333333333334,0.16666666666666666,,MAGISTER
2014,F,MAGII,5,5.0,2.0,2.0,,1.0,0.4,0.4,,MAGISTER
2014,F,MAGLG,22,19.0,14.0,5.0,2.0,0.8636363636363636,0.6363636363636364,0.22727272727272727,0.09090909090909091,MAGISTER
2014,F,MAGLI,8,7.0,6.0,3.0,,0.875,0.75,0.375,,MAGISTER
2014,F,MAGMA,13,10.0,6.0,3.0,,0.7692307692307693,0.46153846153846156,0.23076923076923078,,MAGISTER
2014,F,MAGPC,10,8.0,7.0,5.0,4.0,0.8,0.7,0.5,0.4,MAGISTER
2014,F,MAGPED,10,4.0,1.0,,2.0,0.4,0.1,,0.2,MAGISTER
2014,F,MAGPGT,12,6.0,1.0,,,0.5,0.08333333333333333,,,MAGISTER
2014,F,MAGQUI,6,4.0,3.0,2.0,,0.6666666666666666,0.5,0.3333333333333333,,MAGISTER
2014,F,MAGSGI,2,2.0,,1.0,,1.0,,0.5,,MAGISTER
2014,F,MAGSPA,4,4.0,1.0,2.0,1.0,1.0,0.25,0.5,0.25,MAGISTER
2014,F,MAGTA,2,2.0,,,,1.0,,,,MAGISTER
2014,F,MED,34,34.0,33.0,33.0,32.0,1.0,0.9705882352941176,0.9705882352941176,0.9411764705882353,PREGRADO
2014,F,OBP,52,49.0,47.0,47.0,47.0,0.9423076923076923,0.9038461538461539,0.9038461538461539,0.9038461538461539,PREGRADO
2014,F,PEDCAST,33,33.0,30.0,26.0,25.0,1.0,0.9090909090909091,0.7878787878787878,0.7575757575757576,PREGRADO
2014,F,PEDEDFIS,8,7.0,4.0,3.0,4.0,0.875,0.5,0.375,0.5,PREGRADO
2014,F,PEDEGB,32,27.0,22.0,22.0,22.0,0.84375,0.6875,0.6875,0.6875,PREGRADO
2014,F,PEDFILOS,5,2.0,2.0,2.0,2.0,0.4,0.4,0.4,0.4,PREGRADO
2014,F,PEDFISMAT,22,19.0,18.0,16.0,16.0,0.8636363636363636,0.8181818181818182,0.7272727272727273,0.7272727272727273,PREGRADO
2014,F,PEDHS,29,19.0,17.0,14.0,12.0,0.6551724137931034,0.5862068965517241,0.4827586206896552,0.41379310344827586,PREGRADO
2014,F,PEDINGLES,47,44.0,41.0,39.0,38.0,0.9361702127659575,0.8723404255319149,0.8297872340425532,0.8085106382978723,PREGRADO
2014,F,PEDMATCOMP,17,14.0,13.0,12.0,12.0,0.8235294117647058,0.7647058823529411,0.7058823529411765,0.7058823529411765,PREGRADO
2014,F,PEDQUIMBIO,20,14.0,11.0,9.0,9.0,0.7,0.55,0.45,0.45,PREGRADO
2014,F,PEP,3,3.0,2.0,,,1.0,0.6666666666666666,,,PREGRADO
2014,F,PER,67,62.0,39.0,36.0,33.0,0.9253731343283582,0.582089552238806,0.5373134328358209,0.4925373134328358,PREGRADO
2014,F,POSACU,31,,,,,,,,,POSTITUTLO
2014,F,POSAG,4,,,,,,,,,POSTITUTLO
2014,F,POSAN,1,,,,,,,,,POSTITUTLO
2014,F,POSAPA,2,2.0,2.0,,,1.0,1.0,,,POSTITUTLO
2014,F,POSCG,1,,,,,,,,,POSTITUTLO
2014,F,POSCI,11,1.0,,,,0.09090909090909091,,,,POSTITUTLO
2014,F,POSEI,12,,,,,,,,,POSTITUTLO
2014,F,POSEMI,10,10.0,10.0,,,1.0,1.0,,,POSTITUTLO
2014,F,POSEMP,13,,,,,,,,,POSTITUTLO
2014,F,POSENP,2,2.0,1.0,,,1.0,0.5,,,POSTITUTLO
2014,F,POSEPI,6,5.0,5.0,,,0.8333333333333334,0.8333333333333334,,,POSTITUTLO
2014,F,POSEPR,3,,,,,,,,,POSTITUTLO
2014,F,POSESPI,1,,,,,,,,,POSTITUTLO
2014,F,POSET,7,,,,,,,,,POSTITUTLO
2014,F,POSGER,4,4.0,4.0,4.0,2.0,1.0,1.0,1.0,0.5,POSTITUTLO
2014,F,POSGO,1,1.0,1.0,,,1.0,1.0,,,POSTITUTLO
2014,F,POSGPNC,17,,,,,,,,,POSTITUTLO
2014,F,POSIAM,4,,,,,,,,,POSTITUTLO
2014,F,POSIC,5,,,,,,,,,POSTITUTLO
2014,F,POSIT,6,,,,,,,,,POSTITUTLO
2014,F,POSLGEC,7,,,,,,,,,POSTITUTLO
2014,F,POSLTRI,6,,,,,,,,,POSTITUTLO
2014,F,POSMARN,7,,,,,,,,,POSTITUTLO
2014,F,POSMIIA,2,2.0,2.0,2.0,,1.0,1.0,1.0,,POSTITUTLO
2014,F,POSPA,8,8.0,8.0,,,1.0,1.0,,,POSTITUTLO
2014,F,POSPED,2,1.0,1.0,,,0.5,0.5,,,POSTITUTLO
2014,F,POSPP,23,3.0,,2.0,,0.13043478260869565,,0.08695652173913043,,POSTITUTLO
2014,F,POSTROR,2,2.0,2.0,,,1.0,1.0,,,POSTITUTLO
2014,F,PRE,17,15.0,14.0,1.0,1.0,0.8823529411764706,0.8235294117647058,0.058823529411764705,0.058823529411764705,PREGRADO
2014,F,PSI,69,62.0,60.0,59.0,57.0,0.8985507246376812,0.8695652173913043,0.855072463768116,0.8260869565217391,PREGRADO
2014,F,PUB,46,39.0,31.0,30.0,30.0,0.8478260869565217,0.6739130434782609,0.6521739130434783,0.6521739130434783,PREGRADO
2014,F,QYF,32,26.0,24.0,24.0,23.0,0.8125,0.75,0.75,0.71875,PREGRADO
2014,F,TAI,8,7.0,6.0,4.0,2.0,0.875,0.75,0.5,0.25,PREGRADO
2014,F,TAP,57,52.0,42.0,20.0,8.0,0.9122807017543859,0.7368421052631579,0.3508771929824561,0.14035087719298245,PREGRADO
2014,F,TCI,15,14.0,11.0,5.0,,0.9333333333333333,0.7333333333333333,0.3333333333333333,,PREGRADO
2014,F,TCO,6,4.0,3.0,,,0.6666666666666666,0.5,,,PREGRADO
2014,F,TDI,13,11.0,10.0,5.0,,0.8461538461538461,0.7692307692307693,0.38461538461538464,,PREGRADO
2014,F,TEA,38,30.0,26.0,17.0,7.0,0.7894736842105263,0.6842105263157895,0.4473684210526316,0.18421052631578946,PREGRADO
2014,F,TEC,18,18.0,16.0,4.0,,1.0,0.8888888888888888,0.2222222222222222,,PREGRADO
2014,F,TMI,4,3.0,3.0,3.0,1.0,0.75,0.75,0.75,0.25,PREGRADO
2014,F,TQF,34,32.0,25.0,16.0,7.0,0.9411764705882353,0.7352941176470589,0.47058823529411764,0.20588235294117646,PREGRADO
2014,F,TRD,72,56.0,2.0,,1.0,0.7777777777777778,0.027777777777777776,,0.013888888888888888,PREGRADO
2014,F,TUI,5,4.0,,,,0.8,,,,PREGRADO
2014,M,ADMIND,4,4.0,,,,1.0,,,,PREGRADO
2014,M,ADMPUB,48,39.0,39.0,37.0,34.0,0.8125,0.8125,0.7708333333333334,0.7083333333333334,PREGRADO
2014,M,ARQ,31,23.0,21.0,18.0,17.0,0.7419354838709677,0.6774193548387096,0.5806451612903226,0.5483870967741935,PREGRADO
2014,M,BACHI,89,67.0,24.0,7.0,3.0,0.7528089887640449,0.2696629213483146,0.07865168539325842,0.033707865168539325,PREGRADO
2014,M,CCIV,108,87.0,65.0,43.0,26.0,0.8055555555555556,0.6018518518518519,0.39814814814814814,0.24074074074074073,PREGRADO
2014,M,CONTA,80,61.0,58.0,51.0,49.0,0.7625,0.725,0.6375,0.6125,PREGRADO
2014,M,DIPAGR,16,,,,,,,,,DIPLOMADO
2014,M,DIPAN,9,,,,,,,,,DIPLOMADO
2014,M,DIPCH,17,,,,,,,,,DIPLOMADO
2014,M,DIPCOM,3,,,,,,,,,DIPLOMADO
2014,M,DIPCSA,21,,,,,,,,,DIPLOMADO
2014,M,DIPDGPG,47,,,,,,,,,DIPLOMADO
2014,M,DIPDHG,4,,,,,,,,,DIPLOMADO
2014,M,DIPDI,7,,,,,,,,,DIPLOMADO
2014,M,DIPDIPF,2,,,,,,,,,DIPLOMADO
2014,M,DIPDPR,20,,,,,,,,,DIPLOMADO
2014,M,DIPDRH,4,,,,,,,,,DIPLOMADO
2014,M,DIPDU,14,,,,,,,,,DIPLOMADO
2014,M,DIPEG,2,,,,,,,,,DIPLOMADO
2014,M,DIPEGA,7,,,,,,,,,DIPLOMADO
2014,M,DIPEGC,10,,,,,,,,,DIPLOMADO
2014,M,DIPEGM,17,,,,,,,,,DIPLOMADO
2014,M,DIPENM,5,,,,,,,,,DIPLOMADO
2014,M,DIPEPDD,6,,,,,,,,,DIPLOMADO
2014,M,DIPESES,14,,,,,,,,,DIPLOMADO
2014,M,DIPETDA,1,,,,,,,,,DIPLOMADO
2014,M,DIPEYDS,4,,,,,,,,,DIPLOMADO
2014,M,DIPFPIT,24,,,,,,,,,DIPLOMADO
2014,M,DIPGA,37,,,1.0,,,,0.02702702702702703,,DIPLOMADO
2014,M,DIPGB,5,,,,,,,,,DIPLOMADO
2014,M,DIPGCT,2,,,,,,,,,DIPLOMADO
2014,M,DIPGETP,5,,,,,,,,,DIPLOMADO
2014,M,DIPGFIN,15,,,,,,,,,DIPLOMADO
2014,M,DIPGINF,22,,,,,,,,,DIPLOMADO
2014,M,DIPGLAB,15,,,,,,,,,DIPLOMADO
2014,M,DIPGLPD,39,,,1.0,,,,0.02564102564102564,,DIPLOMADO
2014,M,DIPGRH,4,,,,,,,,,DIPLOMADO
2014,M,DIPGS,14,,,,,,,,,DIPLOMADO
2014,M,DIPGSA,17,,,,,,,,,DIPLOMADO
2014,M,DIPICI,6,,,,,,,,,DIPLOMADO
2014,M,DIPIDTIC,5,,,,,,,,,DIPLOMADO
2014,M,DIPLE,14,,,,,,,,,DIPLOMADO
2014,M,DIPLIJ,3,,,,,,,,,DIPLOMADO
2014,M,DIPMCOM,12,,,,,,,,,DIPLOMADO
2014,M,DIPMD,9,,,,,,,,,DIPLOMADO
2014,M,DIPMME,6,,,,,,,,,DIPLOMADO
2014,M,DIPNICI,38,,,,,,,,,DIPLOMADO
2014,M,DIPPCCD,11,,,,,,,,,DIPLOMADO
2014,M,DIPPD,12,,,,,,,,,DIPLOMADO
2014,M,DIPPGT,23,,,,,,,,,DIPLOMADO
2014,M,DIPPINF,16,,,,,,,,,DIPLOMADO
2014,M,DIPPM,5,,,,,,,,,DIPLOMADO
2014,M,DIPPMM,8,,,,,,,,,DIPLOMADO
2014,M,DIPRMEE,14,,,,,,,,,DIPLOMADO
2014,M,DIPSGI,1,,,,,,,,,DIPLOMADO
2014,M,DIPTMEH,12,,,,,,,,,DIPLOMADO
2014,M,DOCBIO,4,4.0,4.0,4.0,3.0,1.0,1.0,1.0,0.75,DOCTORADO
2014,M,DOCCSADM,8,7.0,6.0,6.0,5.0,0.875,0.75,0.75,0.625,DOCTORADO
2014,M,DOCCSALIM,1,1.0,1.0,1.0,1.0,1.0,1.0,1.0,1.0,DOCTORADO
2014,M,DOCCSEDUC,1,1.0,1.0,1.0,1.0,1.0,1.0,1.0,1.0,DOCTORADO
2014,M,DOCCSFIS,6,6.0,6.0,6.0,6.0,1.0,1.0,1.0,1.0,DOCTORADO
2014,M,DOCCSING,15,13.0,13.0,13.0,9.0,0.8666666666666667,0.8666666666666667,0.8666666666666667,0.6,DOCTORADO
2014,M,DOCCSMAT,2,1.0,1.0,1.0,1.0,0.5,0.5,0.5,0.5,DOCTORADO
2014,M,DOCESTAM,7,7.0,6.0,6.0,5.0,1.0,0.8571428571428571,0.8571428571428571,0.7142857142857143,DOCTORADO
2014,M,DOCHIST,2,2.0,2.0,2.0,2.0,1.0,1.0,1.0,1.0,DOCTORADO
2014,M,DOCNEUROC,2,2.0,2.0,2.0,2.0,1.0,1.0,1.0,1.0,DOCTORADO
2014,M,DOCPSIC,4,2.0,3.0,3.0,1.0,0.5,0.75,0.75,0.25,DOCTORADO
2014,M,DOCQUIM,6,6.0,5.0,5.0,5.0,1.0,0.8333333333333334,0.8333333333333334,0.8333333333333334,DOCTORADO
2014,M,ENF,11,9.0,9.0,8.0,8.0,0.8181818181818182,0.8181818181818182,0.7272727272727273,0.7272727272727273,PREGRADO
2014,M,HCS,7,3.0,4.0,4.0,4.0,0.42857142857142855,0.5714285714285714,0.5714285714285714,0.5714285714285714,PREGRADO
2014,M,ICELEC,189,149.0,127.0,100.0,79.0,0.7883597883597884,0.671957671957672,0.5291005291005291,0.41798941798941797,PREGRADO
2014,M,ICGEOG,21,12.0,8.0,8.0,6.0,0.5714285714285714,0.38095238095238093,0.38095238095238093,0.2857142857142857,PREGRADO
2014,M,ICIND,137,114.0,95.0,71.0,62.0,0.8321167883211679,0.6934306569343066,0.5182481751824818,0.45255474452554745,PREGRADO
2014,M,ICINF,108,80.0,56.0,41.0,26.0,0.7407407407407407,0.5185185185185185,0.37962962962962965,0.24074074074074073,PREGRADO
2014,M,ICMEC,175,152.0,130.0,114.0,92.0,0.8685714285714285,0.7428571428571429,0.6514285714285715,0.5257142857142857,PREGRADO
2014,M,ICMET,66,54.0,42.0,37.0,30.0,0.8181818181818182,0.6363636363636364,0.5606060606060606,0.45454545454545453,PREGRADO
2014,M,ICMIN,201,170.0,147.0,126.0,97.0,0.845771144278607,0.7313432835820896,0.6268656716417911,0.48258706467661694,PREGRADO
2014,M,ICOBR,97,72.0,59.0,51.0,41.0,0.7422680412371134,0.6082474226804123,0.5257731958762887,0.422680412371134,PREGRADO
2014,M,ICQUIM,55,41.0,37.0,30.0,28.0,0.7454545454545455,0.6727272727272727,0.5454545454545454,0.509090909090909,PREGRADO
2014,M,IEAMB,3,1.0,1.0,1.0,,0.3333333333333333,0.3333333333333333,0.3333333333333333,,PREGRADO
2014,M,IECLIM,60,34.0,22.0,15.0,13.0,0.5666666666666667,0.36666666666666664,0.25,0.21666666666666667,PREGRADO
2014,M,IEELEC,228,180.0,130.0,109.0,70.0,0.7894736842105263,0.5701754385964912,0.4780701754385965,0.30701754385964913,PREGRADO
2014,M,IEGEOM,41,26.0,17.0,15.0,10.0,0.6341463414634146,0.4146341463414634,0.36585365853658536,0.24390243902439024,PREGRADO
2014,M,IEIND,126,95.0,74.0,54.0,38.0,0.753968253968254,0.5873015873015873,0.42857142857142855,0.30158730158730157,PREGRADO
2014,M,IEINF,85,56.0,45.0,34.0,24.0,0.6588235294117647,0.5294117647058824,0.4,0.2823529411764706,PREGRADO
2014,M,IEMEC,153,120.0,97.0,81.0,52.0,0.7843137254901961,0.6339869281045751,0.5294117647058824,0.33986928104575165,PREGRADO
2014,M,IEMET,46,37.0,29.0,24.0,20.0,0.8043478260869565,0.6304347826086957,0.5217391304347826,0.43478260869565216,PREGRADO
2014,M,IEMIN,85,65.0,47.0,40.0,37.0,0.7647058823529411,0.5529411764705883,0.47058823529411764,0.43529411764705883,PREGRADO
2014,M,IEQUIM,52,39.0,32.0,22.0,15.0,0.75,0.6153846153846154,0.4230769230769231,0.28846153846153844,PREGRADO
2014,M,INGAGRO,32,24.0,21.0,19.0,18.0,0.75,0.65625,0.59375,0.5625,PREGRADO
2014,M,INGAL,10,7.0,7.0,3.0,3.0,0.7,0.7,0.3,0.3,PREGRADO
2014,M,INGAMB,25,20.0,13.0,13.0,11.0,0.8,0.52,0.52,0.44,PREGRADO
2014,M,INGBIO,33,26.0,21.0,18.0,17.0,0.7878787878787878,0.6363636363636364,0.5454545454545454,0.5151515151515151,PREGRADO
2014,M,INGCO,116,95.0,90.0,63.0,50.0,0.8189655172413793,0.7758620689655172,0.5431034482758621,0.43103448275862066,PREGRADO
2014,M,INGEST,30,28.0,24.0,22.0,19.0,0.9333333333333333,0.8,0.7333333333333333,0.6333333333333333,PREGRADO
2014,M,INGFI,35,29.0,22.0,16.0,13.0,0.8285714285714286,0.6285714285714286,0.45714285714285713,0.37142857142857144,PREGRADO
2014,M,INGMA,22,16.0,13.0,12.0,8.0,0.7272727272727273,0.5909090909090909,0.5454545454545454,0.36363636363636365,PREGRADO
2014,M,LAT,8,6.0,6.0,5.0,5.0,0.75,0.75,0.625,0.625,PREGRADO
2014,M,LCC,27,19.0,18.0,18.0,17.0,0.7037037037037037,0.6666666666666666,0.6666666666666666,0.6296296296296297,PREGRADO
2014,M,LEB,10,9.0,7.0,7.0,7.0,0.9,0.7,0.7,0.7,PREGRADO
2014,M,LEE,26,20.0,18.0,17.0,16.0,0.7692307692307693,0.6923076923076923,0.6538461538461539,0.6153846153846154,PREGRADO
2014,M,LEI,8,4.0,4.0,2.0,,0.5,0.5,0.25,,PREGRADO
2014,M,LICAF,1,1.0,1.0,1.0,1.0,1.0,1.0,1.0,1.0,PREGRADO
2014,M,LICAFENDEP,10,8.0,7.0,6.0,5.0,0.8,0.7,0.6,0.5,PREGRADO
2014,M,LICAFTERAP,13,11.0,9.0,9.0,8.0,0.8461538461538461,0.6923076923076923,0.6923076923076923,0.6153846153846154,PREGRADO
2014,M,LOG,7,4.0,2.0,,,0.5714285714285714,0.2857142857142857,,,PREGRADO
2014,M,LQC,16,13.0,10.0,9.0,9.0,0.8125,0.625,0.5625,0.5625,PREGRADO
2014,M,MAGADE,65,52.0,5.0,2.0,2.0,0.8,0.07692307692307693,0.03076923076923077,0.03076923076923077,MAGISTER
2014,M,MAGAP,8,6.0,2.0,2.0,2.0,0.75,0.25,0.25,0.25,MAGISTER
2014,M,MAGARH,5,5.0,3.0,,3.0,1.0,0.6,,0.6,MAGISTER
2014,M,MAGCAG,6,3.0,3.0,,,0.5,0.5,,,MAGISTER
2014,M,MAGCC,6,6.0,2.0,1.0,1.0,1.0,0.3333333333333333,0.16666666666666666,0.16666666666666666,MAGISTER
2014,M,MAGCDI,27,24.0,11.0,3.0,,0.8888888888888888,0.4074074074074074,0.1111111111111111,,MAGISTER
2014,M,MAGCM,2,2.0,,,,1.0,,,,MAGISTER
2014,M,MAGCS,8,5.0,4.0,2.0,1.0,0.625,0.5,0.25,0.125,MAGISTER
2014,M,MAGEDM,14,11.0,4.0,2.0,2.0,0.7857142857142857,0.2857142857142857,0.14285714285714285,0.14285714285714285,MAGISTER
2014,M,MAGEDU,14,13.0,3.0,2.0,2.0,0.9285714285714286,0.21428571428571427,0.14285714285714285,0.14285714285714285,MAGISTER
2014,M,MAGEF,30,28.0,17.0,11.0,5.0,0.9333333333333333,0.5666666666666667,0.36666666666666664,0.16666666666666666,MAGISTER
2014,M,MAGEI,11,9.0,7.0,6.0,3.0,0.8181818181818182,0.6363636363636364,0.5454545454545454,0.2727272727272727,MAGISTER
2014,M,MAGEII,18,18.0,11.0,8.0,2.0,1.0,0.6111111111111112,0.4444444444444444,0.1111111111111111,MAGISTER
2014,M,MAGFC,11,10.0,9.0,6.0,3.0,0.9090909090909091,0.8181818181818182,0.5454545454545454,0.2727272727272727,MAGISTER
2014,M,MAGGEO,13,7.0,,,,0.5384615384615384,,,,MAGISTER
2014,M,MAGGP,23,18.0,10.0,5.0,3.0,0.782608695652174,0.43478260869565216,0.21739130434782608,0.13043478260869565,MAGISTER
2014,M,MAGGT,1,1.0,,,,1.0,,,,MAGISTER
2014,M,MAGHI,4,4.0,4.0,,,1.0,1.0,,,MAGISTER
2014,M,MAGII,28,28.0,13.0,5.0,2.0,1.0,0.4642857142857143,0.17857142857142858,0.07142857142857142,MAGISTER
2014,M,MAGLG,14,13.0,8.0,4.0,2.0,0.9285714285714286,0.5714285714285714,0.2857142857142857,0.14285714285714285,MAGISTER
2014,M,MAGLI,2,2.0,1.0,1.0,,1.0,0.5,0.5,,MAGISTER
2014,M,MAGMA,23,21.0,12.0,7.0,1.0,0.9130434782608695,0.5217391304347826,0.30434782608695654,0.043478260869565216,MAGISTER
2014,M,MAGPC,1,1.0,1.0,1.0,1.0,1.0,1.0,1.0,1.0,MAGISTER
2014,M,MAGPE,1,,,,1.0,,,,1.0,MAGISTER
2014,M,MAGPED,3,2.0,,,,0.6666666666666666,,,,MAGISTER
2014,M,MAGPGT,14,3.0,,,,0.21428571428571427,,,,MAGISTER
2014,M,MAGQUI,5,4.0,,1.0,,0.8,,0.2,,MAGISTER
2014,M,MAGSGI,6,5.0,,,,0.8333333333333334,,,,MAGISTER
2014,M,MAGSPA,12,10.0,1.0,1.0,,0.8333333333333334,0.08333333333333333,0.08333333333333333,,MAGISTER
2014,M,MAGTA,1,1.0,1.0,,,1.0,1.0,,,MAGISTER
2014,M,MAGTCO,5,4.0,4.0,4.0,3.0,0.8,0.8,0.8,0.6,MAGISTER
2014,M,MED,46,43.0,41.0,41.0,40.0,0.9347826086956522,0.8913043478260869,0.8913043478260869,0.8695652173913043,PREGRADO
2014,M,MIDA,1,1.0,,,,1.0,,,,MAGISTER
2014,M,OBP,6,6.0,6.0,6.0,6.0,1.0,1.0,1.0,1.0,PREGRADO
2014,M,PEDCAST,16,14.0,12.0,12.0,11.0,0.875,0.75,0.75,0.6875,PREGRADO
2014,M,PEDEDFIS,12,10.0,7.0,6.0,6.0,0.8333333333333334,0.5833333333333334,0.5,0.5,PREGRADO
2014,M,PEDEGB,2,1.0,1.0,1.0,1.0,0.5,0.5,0.5,0.5,PREGRADO
2014,M,PEDFILOS,7,5.0,2.0,2.0,2.0,0.7142857142857143,0.2857142857142857,0.2857142857142857,0.2857142857142857,PREGRADO
2014,M,PEDFISMAT,20,18.0,15.0,16.0,12.0,0.9,0.75,0.8,0.6,PREGRADO
2014,M,PEDHS,20,15.0,14.0,14.0,10.0,0.75,0.7,0.7,0.5,PREGRADO
2014,M,PEDINGLES,19,17.0,16.0,16.0,16.0,0.8947368421052632,0.8421052631578947,0.8421052631578947,0.8421052631578947,PREGRADO
2014,M,PEDMATCOMP,17,14.0,10.0,12.0,10.0,0.8235294117647058,0.5882352941176471,0.7058823529411765,0.5882352941176471,PREGRADO
2014,M,PEDQUIMBIO,20,17.0,10.0,9.0,8.0,0.85,0.5,0.45,0.4,PREGRADO
2014,M,PEP,4,4.0,2.0,1.0,,1.0,0.5,0.25,,PREGRADO
2014,M,PER,55,48.0,22.0,16.0,17.0,0.8727272727272727,0.4,0.2909090909090909,0.3090909090909091,PREGRADO
2014,M,POSACU,8,1.0,1.0,,,0.125,0.125,,,POSTITUTLO
2014,M,POSAG,13,,,,,,,,,POSTITUTLO
2014,M,POSAN,2,,,,,,,,,POSTITUTLO
2014,M,POSAPA,1,,,,,,,,,POSTITUTLO
2014,M,POSCG,6,6.0,6.0,1.0,,1.0,1.0,0.16666666666666666,,POSTITUTLO
2014,M,POSCI,7,2.0,,,,0.2857142857142857,,,,POSTITUTLO
2014,M,POSEI,1,,,,,,,,,POSTITUTLO
2014,M,POSEMI,4,4.0,4.0,2.0,,1.0,1.0,0.5,,POSTITUTLO
2014,M,POSEMIIA,1,1.0,1.0,1.0,,1.0,1.0,1.0,,POSTITUTLO
2014,M,POSEMP,6,,,,,,,,,POSTITUTLO
2014,M,POSENP,1,,,,,,,,,POSTITUTLO
2014,M,POSEPI,1,1.0,1.0,,,1.0,1.0,,,POSTITUTLO
2014,M,POSEPR,8,,,,,,,,,POSTITUTLO
2014,M,POSET,3,,,,,,,,,POSTITUTLO
2014,M,POSGER,2,2.0,2.0,2.0,,1.0,1.0,1.0,,POSTITUTLO
2014,M,POSGO,1,1.0,1.0,,,1.0,1.0,,,POSTITUTLO
2014,M,POSGOA,1,,,,,,,,,POSTITUTLO
2014,M,POSGPNC,2,,,,,,,,,POSTITUTLO
2014,M,POSIA,1,1.0,,,,1.0,,,,POSTITUTLO
2014,M,POSIAM,7,,,,,,,,,POSTITUTLO
2014,M,POSIC,6,,,,,,,,,POSTITUTLO
2014,M,POSIT,5,,,,,,,,,POSTITUTLO
2014,M,POSLGEC,5,,,,,,,,,POSTITUTLO
2014,M,POSLTRI,18,1.0,,,,0.05555555555555555,,,,POSTITUTLO
2014,M,POSMARN,4,,,,,,,,,POSTITUTLO
2014,M,POSMIIA,1,1.0,1.0,1.0,,1.0,1.0,1.0,,POSTITUTLO
2014,M,POSMU,2,1.0,1.0,,,0.5,0.5,,,POSTITUTLO
2014,M,POSNEU,2,2.0,2.0,,,1.0,1.0,,,POSTITUTLO
2014,M,POSNEUC,2,2.0,2.0,2.0,,1.0,1.0,1.0,,POSTITUTLO
2014,M,POSPA,3,2.0,3.0,1.0,1.0,0.6666666666666666,1.0,0.3333333333333333,0.3333333333333333,POSTITUTLO
2014,M,POSPP,5,1.0,1.0,,,0.2,0.2,,,POSTITUTLO
2014,M,POSREI,2,2.0,2.0,1.0,,1.0,1.0,0.5,,POSTITUTLO
2014,M,POSTROR,11,10.0,11.0,2.0,,0.9090909090909091,1.0,0.18181818181818182,,POSTITUTLO
2014,M,POSTYR,9,,,,,,,,,POSTITUTLO
2014,M,POSURO,1,1.0,1.0,,,1.0,1.0,,,POSTITUTLO
2014,M,PRE,14,6.0,5.0,,1.0,0.42857142857142855,0.35714285714285715,,0.07142857142857142,PREGRADO
2014,M,PSI,23,19.0,18.0,18.0,18.0,0.8260869565217391,0.782608695652174,0.782608695652174,0.782608695652174,PREGRADO
2014,M,PUB,31,20.0,13.0,12.0,10.0,0.6451612903225806,0.41935483870967744,0.3870967741935484,0.3225806451612903,PREGRADO
2014,M,QYF,11,9.0,7.0,7.0,7.0,0.8181818181818182,0.6363636363636364,0.6363636363636364,0.6363636363636364,PREGRADO
2014,M,TAI,49,45.0,38.0,26.0,6.0,0.9183673469387755,0.7755102040816326,0.5306122448979592,0.12244897959183673,PREGRADO
2014,M,TAP,35,31.0,26.0,17.0,4.0,0.8857142857142857,0.7428571428571429,0.4857142857142857,0.11428571428571428,PREGRADO
2014,M,TCI,30,27.0,25.0,10.0,4.0,0.9,0.8333333333333334,0.3333333333333333,0.13333333333333333,PREGRADO
2014,M,TCO,37,31.0,27.0,11.0,4.0,0.8378378378378378,0.7297297297297297,0.2972972972972973,0.10810810810810811,PREGRADO
2014,M,TDI,31,18.0,12.0,10.0,4.0,0.5806451612903226,0.3870967741935484,0.3225806451612903,0.12903225806451613,PREGRADO
2014,M,TEA,23,19.0,17.0,15.0,1.0,0.8260869565217391,0.7391304347826086,0.6521739130434783,0.043478260869565216,PREGRADO
2014,M,TEC,75,62.0,51.0,24.0,8.0,0.8266666666666667,0.68,0.32,0.10666666666666667,PREGRADO
2014,M,TMI,55,51.0,38.0,28.0,8.0,0.9272727272727272,0.6909090909090909,0.509090909090909,0.14545454545454545,PREGRADO
2014,M,TQF,32,28.0,22.0,12.0,4.0,0.875,0.6875,0.375,0.125,PREGRADO
2014,M,TRD,87,47.0,3.0,3.0,1.0,0.5402298850574713,0.034482758620689655,0.034482758620689655,0.011494252873563218,PREGRADO
2014,M,TUI,17,14.0,4.0,,,0.8235294117647058,0.23529411764705882,,,PREGRADO
2015,F,ADMIND,6,5.0,,,,0.8333333333333334,,,,PREGRADO
2015,F,ADMPUB,96,79.0,72.0,68.0,63.0,0.8229166666666666,0.75,0.7083333333333334,0.65625,PREGRADO
2015,F,ARQ,48,39.0,38.0,36.0,32.0,0.8125,0.7916666666666666,0.75,0.6666666666666666,PREGRADO
2015,F,BACHI,139,79.0,33.0,12.0,5.0,0.5683453237410072,0.23741007194244604,0.08633093525179857,0.03597122302158273,PREGRADO
2015,F,CCIV,28,23.0,22.0,14.0,8.0,0.8214285714285714,0.7857142857142857,0.5,0.2857142857142857,PREGRADO
2015,F,CONTA,155,125.0,116.0,112.0,107.0,0.8064516129032258,0.7483870967741936,0.7225806451612903,0.6903225806451613,PREGRADO
2015,F,DIPAGR,4,,,,,,,,,DIPLOMADO
2015,F,DIPAPGP,19,,,,,,,,,DIPLOMADO
2015,F,DIPAPR,11,,,,,,,,,DIPLOMADO
2015,F,DIPCMIP,1,,,,,,,,,DIPLOMADO
2015,F,DIPCSA,1,,,,,,,,,DIPLOMADO
2015,F,DIPCYC,2,,,,,,,,,DIPLOMADO
2015,F,DIPDHG,2,,,,,,,,,DIPLOMADO
2015,F,DIPDI,4,,,,,,,,,DIPLOMADO
2015,F,DIPDPR,8,,,,,,,,,DIPLOMADO
2015,F,DIPDRH,11,,,,,,,,,DIPLOMADO
2015,F,DIPDU,32,,,,,,,,,DIPLOMADO
2015,F,DIPEESP,2,,,,,,,,,DIPLOMADO
2015,F,DIPEGC,20,,,,,,,,,DIPLOMADO
2015,F,DIPEGCO,9,,,,,,,,,DIPLOMADO
2015,F,DIPEGE,11,,,,,,,,,DIPLOMADO
2015,F,DIPESES,4,,,,,,,,,DIPLOMADO
2015,F,DIPGA,10,,,,,,,,,DIPLOMADO
2015,F,DIPGCLC,22,,,,,,,,,DIPLOMADO
2015,F,DIPGETP,2,,,,,,,,,DIPLOMADO
2015,F,DIPGFIN,4,,,,,,,,,DIPLOMADO
2015,F,DIPGINF,1,,,,,,,,,DIPLOMADO
2015,F,DIPGLPD,9,,,,,,,,,DIPLOMADO
2015,F,DIPGR,4,,,1.0,,,,0.25,,DIPLOMADO
2015,F,DIPGRH,16,,,,,,,,,DIPLOMADO
2015,F,DIPGS,3,,,,,,,,,DIPLOMADO
2015,F,DIPGSA,26,,,,,,,,,DIPLOMADO
2015,F,DIPIEA,15,,,,,,,,,DIPLOMADO
2015,F,DIPIEDF,9,,,,,,,,,DIPLOMADO
2015,F,DIPIMPL,1,,,,,,,,,DIPLOMADO
2015,F,DIPMD,1,,,,,,,,,DIPLOMADO
2015,F,DIPNICI,10,,,,,,,,,DIPLOMADO
2015,F,DIPPCCD,13,,,,,,,,,DIPLOMADO
2015,F,DIPPCF,3,,,,,,,,,DIPLOMADO
2015,F,DIPPD,6,,,,,,,,,DIPLOMADO
2015,F,DIPPGT,12,,,,,,,,,DIPLOMADO
2015,F,DIPPINF,1,,,,,,,,,DIPLOMADO
2015,F,DIPPM,14,,,,,,,,,DIPLOMADO
2015,F,DOCBIO,5,4.0,4.0,4.0,4.0,0.8,0.8,0.8,0.8,DOCTORADO
2015,F,DOCCSADM,2,2.0,2.0,2.0,2.0,1.0,1.0,1.0,1.0,DOCTORADO
2015,F,DOCCSALIM,2,2.0,2.0,2.0,2.0,1.0,1.0,1.0,1.0,DOCTORADO
2015,F,DOCCSEDUC,4,4.0,3.0,3.0,3.0,1.0,0.75,0.75,0.75,DOCTORADO
2015,F,DOCCSFIS,1,1.0,1.0,1.0,1.0,1.0,1.0,1.0,1.0,DOCTORADO
2015,F,DOCCSING,2,2.0,2.0,2.0,1.0,1.0,1.0,1.0,0.5,DOCTORADO
2015,F,DOCCSMAT,1,1.0,1.0,1.0,1.0,1.0,1.0,1.0,1.0,DOCTORADO
2015,F,DOCESTAM,5,5.0,3.0,4.0,3.0,1.0,0.6,0.8,0.6,DOCTORADO
2015,F,DOCHIST,1,1.0,1.0,1.0,1.0,1.0,1.0,1.0,1.0,DOCTORADO
2015,F,DOCMICROBIO,1,,,,,,,,,DOCTORADO
2015,F,DOCQUIM,5,4.0,4.0,4.0,4.0,0.8,0.8,0.8,0.8,DOCTORADO
2015,F,ENF,49,40.0,39.0,35.0,33.0,0.8163265306122449,0.7959183673469388,0.7142857142857143,0.673469387755102,PREGRADO
2015,F,HCS,8,7.0,7.0,7.0,5.0,0.875,0.875,0.875,0.625,PREGRADO
2015,F,ICELEC,16,15.0,10.0,5.0,5.0,0.9375,0.625,0.3125,0.3125,PREGRADO
2015,F,ICGEOG,18,9.0,7.0,6.0,5.0,0.5,0.3888888888888889,0.3333333333333333,0.2777777777777778,PREGRADO
2015,F,ICIND,90,79.0,73.0,58.0,52.0,0.8777777777777778,0.8111111111111111,0.6444444444444445,0.5777777777777777,PREGRADO
2015,F,ICINF,24,17.0,8.0,5.0,4.0,0.7083333333333334,0.3333333333333333,0.20833333333333334,0.16666666666666666,PREGRADO
2015,F,ICMEC,11,10.0,8.0,7.0,6.0,0.9090909090909091,0.7272727272727273,0.6363636363636364,0.5454545454545454,PREGRADO
2015,F,ICMET,23,17.0,17.0,14.0,13.0,0.7391304347826086,0.7391304347826086,0.6086956521739131,0.5652173913043478,PREGRADO
2015,F,ICMIN,51,36.0,33.0,29.0,26.0,0.7058823529411765,0.6470588235294118,0.5686274509803921,0.5098039215686274,PREGRADO
2015,F,ICOBR,39,28.0,21.0,21.0,21.0,0.717948717948718,0.5384615384615384,0.5384615384615384,0.5384615384615384,PREGRADO
2015,F,ICQUIM,39,28.0,24.0,20.0,19.0,0.717948717948718,0.6153846153846154,0.5128205128205128,0.48717948717948717,PREGRADO
2015,F,IEAMB,5,3.0,2.0,1.0,1.0,0.6,0.4,0.2,0.2,PREGRADO
2015,F,IECLIM,12,9.0,3.0,2.0,2.0,0.75,0.25,0.16666666666666666,0.16666666666666666,PREGRADO
2015,F,IEELEC,18,11.0,7.0,8.0,7.0,0.6111111111111112,0.3888888888888889,0.4444444444444444,0.3888888888888889,PREGRADO
2015,F,IEGEOM,21,10.0,6.0,6.0,5.0,0.47619047619047616,0.2857142857142857,0.2857142857142857,0.23809523809523808,PREGRADO
2015,F,IEIND,68,53.0,46.0,42.0,21.0,0.7794117647058824,0.6764705882352942,0.6176470588235294,0.3088235294117647,PREGRADO
2015,F,IEINF,16,11.0,2.0,3.0,2.0,0.6875,0.125,0.1875,0.125,PREGRADO
2015,F,IEMEC,14,11.0,11.0,6.0,5.0,0.7857142857142857,0.7857142857142857,0.42857142857142855,0.35714285714285715,PREGRADO
2015,F,IEMET,16,11.0,9.0,6.0,6.0,0.6875,0.5625,0.375,0.375,PREGRADO
2015,F,IEMIN,27,15.0,14.0,11.0,10.0,0.5555555555555556,0.5185185185185185,0.4074074074074074,0.37037037037037035,PREGRADO
2015,F,IEQUIM,40,22.0,20.0,16.0,9.0,0.55,0.5,0.4,0.225,PREGRADO
2015,F,INGAGRO,35,29.0,25.0,24.0,24.0,0.8285714285714286,0.7142857142857143,0.6857142857142857,0.6857142857142857,PREGRADO
2015,F,INGAL,39,28.0,25.0,24.0,21.0,0.717948717948718,0.6410256410256411,0.6153846153846154,0.5384615384615384,PREGRADO
2015,F,INGAMB,32,21.0,16.0,14.0,13.0,0.65625,0.5,0.4375,0.40625,PREGRADO
2015,F,INGBIO,32,21.0,14.0,8.0,6.0,0.65625,0.4375,0.25,0.1875,PREGRADO
2015,F,INGCO,161,138.0,126.0,110.0,104.0,0.8571428571428571,0.782608695652174,0.6832298136645962,0.6459627329192547,PREGRADO
2015,F,INGEST,17,15.0,13.0,10.0,10.0,0.8823529411764706,0.7647058823529411,0.5882352941176471,0.5882352941176471,PREGRADO
2015,F,INGFI,8,6.0,6.0,6.0,6.0,0.75,0.75,0.75,0.75,PREGRADO
2015,F,INGMA,13,7.0,7.0,4.0,2.0,0.5384615384615384,0.5384615384615384,0.3076923076923077,0.15384615384615385,PREGRADO
2015,F,LAT,37,30.0,26.0,20.0,19.0,0.8108108108108109,0.7027027027027027,0.5405405405405406,0.5135135135135135,PREGRADO
2015,F,LCC,11,8.0,6.0,7.0,7.0,0.7272727272727273,0.5454545454545454,0.6363636363636364,0.6363636363636364,PREGRADO
2015,F,LEB,24,20.0,18.0,15.0,14.0,0.8333333333333334,0.75,0.625,0.5833333333333334,PREGRADO
2015,F,LEE,34,19.0,16.0,16.0,15.0,0.5588235294117647,0.47058823529411764,0.47058823529411764,0.4411764705882353,PREGRADO
2015,F,LICAF,1,,,,,,,,,PREGRADO
2015,F,LICAFENDEP,7,2.0,2.0,1.0,1.0,0.2857142857142857,0.2857142857142857,0.14285714285714285,0.14285714285714285,PREGRADO
2015,F,LICAFTERAP,20,17.0,11.0,10.0,8.0,0.85,0.55,0.5,0.4,PREGRADO
2015,F,LOG,4,3.0,,,,0.75,,,,PREGRADO
2015,F,LQC,28,18.0,16.0,14.0,12.0,0.6428571428571429,0.5714285714285714,0.5,0.42857142857142855,PREGRADO
2015,F,MAGADE,34,29.0,2.0,1.0,,0.8529411764705882,0.058823529411764705,0.029411764705882353,,MAGISTER
2015,F,MAGAP,9,8.0,2.0,,,0.8888888888888888,0.2222222222222222,,,MAGISTER
2015,F,MAGARH,13,10.0,4.0,3.0,2.0,0.7692307692307693,0.3076923076923077,0.23076923076923078,0.15384615384615385,MAGISTER
2015,F,MAGAS,8,7.0,2.0,,1.0,0.875,0.25,,0.125,MAGISTER
2015,F,MAGCAG,19,15.0,1.0,1.0,,0.7894736842105263,0.05263157894736842,0.05263157894736842,,MAGISTER
2015,F,MAGCC,7,5.0,3.0,,,0.7142857142857143,0.42857142857142855,,,MAGISTER
2015,F,MAGCDI,6,6.0,2.0,,,1.0,0.3333333333333333,,,MAGISTER
2015,F,MAGCM,2,2.0,2.0,,,1.0,1.0,,,MAGISTER
2015,F,MAGCS,7,6.0,6.0,3.0,,0.8571428571428571,0.8571428571428571,0.42857142857142855,,MAGISTER
2015,F,MAGEDM,3,3.0,2.0,,,1.0,0.6666666666666666,,,MAGISTER
2015,F,MAGEDU,33,29.0,5.0,1.0,,0.8787878787878788,0.15151515151515152,0.030303030303030304,,MAGISTER
2015,F,MAGEF,5,5.0,4.0,,,1.0,0.8,,,MAGISTER
2015,F,MAGEI,7,7.0,6.0,,,1.0,0.8571428571428571,,,MAGISTER
2015,F,MAGEII,3,3.0,3.0,2.0,1.0,1.0,1.0,0.6666666666666666,0.3333333333333333,MAGISTER
2015,F,MAGFC,1,1.0,1.0,,,1.0,1.0,,,MAGISTER
2015,F,MAGGEO,1,1.0,,,,1.0,,,,MAGISTER
2015,F,MAGGP,41,31.0,22.0,6.0,,0.7560975609756098,0.5365853658536586,0.14634146341463414,,MAGISTER
2015,F,MAGGT,10,10.0,9.0,,,1.0,0.9,,,MAGISTER
2015,F,MAGHI,6,4.0,3.0,2.0,,0.6666666666666666,0.5,0.3333333333333333,,MAGISTER
2015,F,MAGII,3,2.0,1.0,,,0.6666666666666666,0.3333333333333333,,,MAGISTER
2015,F,MAGIT,2,2.0,1.0,,,1.0,0.5,,,MAGISTER
2015,F,MAGLG,5,4.0,4.0,2.0,,0.8,0.8,0.4,,MAGISTER
2015,F,MAGLI,4,3.0,2.0,,,0.75,0.5,,,MAGISTER
2015,F,MAGMA,7,7.0,3.0,,,1.0,0.42857142857142855,,,MAGISTER
2015,F,MAGPC,1,1.0,1.0,1.0,1.0,1.0,1.0,1.0,1.0,MAGISTER
2015,F,MAGPED,9,8.0,2.0,2.0,1.0,0.8888888888888888,0.2222222222222222,0.2222222222222222,0.1111111111111111,MAGISTER
2015,F,MAGPGT,19,16.0,,,,0.8421052631578947,,,,MAGISTER
2015,F,MAGPP,10,10.0,1.0,,,1.0,0.1,,,MAGISTER
2015,F,MAGQUI,9,8.0,4.0,1.0,,0.8888888888888888,0.4444444444444444,0.1111111111111111,,MAGISTER
2015,F,MAGSGI,3,3.0,1.0,,,1.0,0.3333333333333333,,,MAGISTER
2015,F,MAGTA,6,6.0,2.0,,,1.0,0.3333333333333333,,,MAGISTER
2015,F,MED,42,39.0,36.0,36.0,35.0,0.9285714285714286,0.8571428571428571,0.8571428571428571,0.8333333333333334,PREGRADO
2015,F,MIDA,1,1.0,,,,1.0,,,,MAGISTER
2015,F,OBP,53,48.0,48.0,46.0,45.0,0.9056603773584906,0.9056603773584906,0.8679245283018868,0.8490566037735849,PREGRADO
2015,F,PEDCAST,32,28.0,26.0,25.0,24.0,0.875,0.8125,0.78125,0.75,PREGRADO
2015,F,PEDEDFIS,17,16.0,16.0,16.0,15.0,0.9411764705882353,0.9411764705882353,0.9411764705882353,0.8823529411764706,PREGRADO
2015,F,PEDEGB,43,35.0,34.0,30.0,28.0,0.813953488372093,0.7906976744186046,0.6976744186046512,0.6511627906976745,PREGRADO
2015,F,PEDFILOS,13,7.0,6.0,4.0,5.0,0.5384615384615384,0.46153846153846156,0.3076923076923077,0.38461538461538464,PREGRADO
2015,F,PEDFISMAT,19,14.0,11.0,8.0,8.0,0.7368421052631579,0.5789473684210527,0.42105263157894735,0.42105263157894735,PREGRADO
2015,F,PEDHS,25,21.0,17.0,11.0,10.0,0.84,0.68,0.44,0.4,PREGRADO
2015,F,PEDINGLES,52,41.0,34.0,32.0,32.0,0.7884615384615384,0.6538461538461539,0.6153846153846154,0.6153846153846154,PREGRADO
2015,F,PEDMATCOMP,29,23.0,22.0,21.0,18.0,0.7931034482758621,0.7586206896551724,0.7241379310344828,0.6206896551724138,PREGRADO
2015,F,PEDQUIMBIO,24,16.0,12.0,10.0,10.0,0.6666666666666666,0.5,0.4166666666666667,0.4166666666666667,PREGRADO
2015,F,PEP,4,3.0,1.0,3.0,2.0,0.75,0.25,0.75,0.5,PREGRADO
2015,F,PER,58,46.0,32.0,27.0,25.0,0.7931034482758621,0.5517241379310345,0.46551724137931033,0.43103448275862066,PREGRADO
2015,F,POSACU,27,,,,,,,,,POSTITUTLO
2015,F,POSAG,14,,,,,,,,,POSTITUTLO
2015,F,POSAN,1,1.0,1.0,,,1.0,1.0,,,POSTITUTLO
2015,F,POSCG,1,1.0,1.0,,,1.0,1.0,,,POSTITUTLO
2015,F,POSCI,4,,,,,,,,,POSTITUTLO
2015,F,POSEMI,5,5.0,5.0,2.0,,1.0,1.0,0.4,,POSTITUTLO
2015,F,POSEPI,3,3.0,3.0,,,1.0,1.0,,,POSTITUTLO
2015,F,POSEPR,1,,,,,,,,,POSTITUTLO
2015,F,POSGER,1,1.0,1.0,1.0,,1.0,1.0,1.0,,POSTITUTLO
2015,F,POSGPNC,1,,,,,,,,,POSTITUTLO
2015,F,POSIAM,5,,,,,,,,,POSTITUTLO
2015,F,POSIMGA,1,,,,,,,,,POSTITUTLO
2015,F,POSIT,8,,,,,,,,,POSTITUTLO
2015,F,POSLTRI,19,1.0,,,,0.05263157894736842,,,,POSTITUTLO
2015,F,POSPA,4,4.0,3.0,,,1.0,0.75,,,POSTITUTLO
2015,F,POSPP,8,,,,,,,,,POSTITUTLO
2015,F,POSTYR,1,,,,,,,,,POSTITUTLO
2015,F,PRE,21,13.0,12.0,,,0.6190476190476191,0.5714285714285714,,,PREGRADO
2015,F,PSI,68,59.0,55.0,53.0,52.0,0.8676470588235294,0.8088235294117647,0.7794117647058824,0.7647058823529411,PREGRADO
2015,F,PUB,41,31.0,25.0,25.0,25.0,0.7560975609756098,0.6097560975609756,0.6097560975609756,0.6097560975609756,PREGRADO
2015,F,QYF,40,31.0,30.0,29.0,26.0,0.775,0.75,0.725,0.65,PREGRADO
2015,F,TAI,2,1.0,2.0,,,0.5,1.0,,,PREGRADO
2015,F,TAP,83,65.0,58.0,27.0,5.0,0.7831325301204819,0.6987951807228916,0.3253012048192771,0.060240963855421686,PREGRADO
2015,F,TCI,15,14.0,12.0,2.0,,0.9333333333333333,0.8,0.13333333333333333,,PREGRADO
2015,F,TCO,4,4.0,3.0,1.0,,1.0,0.75,0.25,,PREGRADO
2015,F,TDI,19,17.0,15.0,11.0,1.0,0.8947368421052632,0.7894736842105263,0.5789473684210527,0.05263157894736842,PREGRADO
2015,F,TEA,36,27.0,23.0,11.0,6.0,0.75,0.6388888888888888,0.3055555555555556,0.16666666666666666,PREGRADO
2015,F,TEC,23,20.0,19.0,5.0,3.0,0.8695652173913043,0.8260869565217391,0.21739130434782608,0.13043478260869565,PREGRADO
2015,F,TMI,7,7.0,5.0,1.0,1.0,1.0,0.7142857142857143,0.14285714285714285,0.14285714285714285,PREGRADO
2015,F,TQF,40,30.0,23.0,16.0,4.0,0.75,0.575,0.4,0.1,PREGRADO
2015,F,TRD,1,1.0,,,,1.0,,,,PREGRADO
2015,F,TUI,3,3.0,,,,1.0,,,,PREGRADO
2015,M,ADMIND,5,5.0,,,,1.0,,,,PREGRADO
2015,M,ADMPUB,81,67.0,63.0,58.0,50.0,0.8271604938271605,0.7777777777777778,0.7160493827160493,0.6172839506172839,PREGRADO
2015,M,ARQ,28,22.0,19.0,19.0,18.0,0.7857142857142857,0.6785714285714286,0.6785714285714286,0.6428571428571429,PREGRADO
2015,M,BACHI,86,51.0,27.0,6.0,,0.5930232558139535,0.313953488372093,0.06976744186046512,,PREGRADO
2015,M,CCIV,96,75.0,65.0,43.0,17.0,0.78125,0.6770833333333334,0.4479166666666667,0.17708333333333334,PREGRADO
2015,M,CONTA,105,87.0,82.0,78.0,74.0,0.8285714285714286,0.780952380952381,0.7428571428571429,0.7047619047619048,PREGRADO
2015,M,DIPAGR,14,,,,,,,,,DIPLOMADO
2015,M,DIPAN,15,,,,,,,,,DIPLOMADO
2015,M,DIPAPGP,4,,,,,,,,,DIPLOMADO
2015,M,DIPAPR,59,1.0,,,,0.01694915254237288,,,,DIPLOMADO
2015,M,DIPCMIP,16,,,,,,,,,DIPLOMADO
2015,M,DIPCSA,16,,,,,,,,,DIPLOMADO
2015,M,DIPCYC,1,,,,,,,,,DIPLOMADO
2015,M,DIPDHG,13,,,,,,,,,DIPLOMADO
2015,M,DIPDI,4,,,,,,,,,DIPLOMADO
2015,M,DIPDPR,53,,,,,,,,,DIPLOMADO
2015,M,DIPDRH,2,,,,,,,,,DIPLOMADO
2015,M,DIPDU,41,,,,,,,,,DIPLOMADO
2015,M,DIPEESP,5,,,,,,,,,DIPLOMADO
2015,M,DIPEG,2,,,,,,,,,DIPLOMADO
2015,M,DIPEGC,28,,,,,,,,,DIPLOMADO
2015,M,DIPEGCO,14,,,,,,,,,DIPLOMADO
2015,M,DIPEGE,11,,,,,,,,,DIPLOMADO
2015,M,DIPEGM,26,,,,,,,,,DIPLOMADO
2015,M,DIPESES,10,,,,,,,,,DIPLOMADO
2015,M,DIPGA,31,,,,,,,,,DIPLOMADO
2015,M,DIPGCLC,11,,,,,,,,,DIPLOMADO
2015,M,DIPGCT,10,,,,,,,,,DIPLOMADO
2015,M,DIPGETP,28,,,,,,,,,DIPLOMADO
2015,M,DIPGFIN,14,,,,,,,,,DIPLOMADO
2015,M,DIPGIL,25,,,,,,,,,DIPLOMADO
2015,M,DIPGINF,18,,,,,,,,,DIPLOMADO
2015,M,DIPGLGM,6,,,,,,,,,DIPLOMADO
2015,M,DIPGLPD,30,,,,,,,,,DIPLOMADO
2015,M,DIPGR,8,,,,,,,,,DIPLOMADO
2015,M,DIPGRH,17,,,,,,,,,DIPLOMADO
2015,M,DIPGS,9,,,,,,,,,DIPLOMADO
2015,M,DIPGSA,61,,,,,,,,,DIPLOMADO
2015,M,DIPGSSO,4,,,,,,,,,DIPLOMADO
2015,M,DIPICI,1,,,,,,,,,DIPLOMADO
2015,M,DIPIDTIC,5,,,,,,,,,DIPLOMADO
2015,M,DIPIEA,18,,,,,,,,,DIPLOMADO
2015,M,DIPIEDF,12,,,,,,,,,DIPLOMADO
2015,M,DIPIMF,12,,,,,,,,,DIPLOMADO
2015,M,DIPIMPL,9,,,,,,,,,DIPLOMADO
2015,M,DIPMCOM,6,,,,,,,,,DIPLOMADO
2015,M,DIPMD,11,,,,,,,,,DIPLOMADO
2015,M,DIPNICI,10,,,,,,,,,DIPLOMADO
2015,M,DIPPCCD,6,,,,,,,,,DIPLOMADO
2015,M,DIPPCF,13,,,,,,,,,DIPLOMADO
2015,M,DIPPD,10,,,,,,,,,DIPLOMADO
2015,M,DIPPGT,30,,,,,,,,,DIPLOMADO
2015,M,DIPPINF,8,,,,,,,,,DIPLOMADO
2015,M,DIPPM,11,,,,,,,,,DIPLOMADO
2015,M,DOCBIO,4,4.0,3.0,3.0,3.0,1.0,0.75,0.75,0.75,DOCTORADO
2015,M,DOCCSADM,4,4.0,3.0,3.0,3.0,1.0,0.75,0.75,0.75,DOCTORADO
2015,M,DOCCSALIM,1,1.0,1.0,1.0,,1.0,1.0,1.0,,DOCTORADO
2015,M,DOCCSEDUC,1,1.0,1.0,1.0,1.0,1.0,1.0,1.0,1.0,DOCTORADO
2015,M,DOCCSFIS,4,4.0,3.0,3.0,3.0,1.0,0.75,0.75,0.75,DOCTORADO
2015,M,DOCCSING,7,7.0,7.0,6.0,4.0,1.0,1.0,0.8571428571428571,0.5714285714285714,DOCTORADO
2015,M,DOCCSMAT,1,1.0,1.0,1.0,1.0,1.0,1.0,1.0,1.0,DOCTORADO
2015,M,DOCESTAM,7,7.0,7.0,7.0,6.0,1.0,1.0,1.0,0.8571428571428571,DOCTORADO
2015,M,DOCHIST,4,4.0,4.0,4.0,4.0,1.0,1.0,1.0,1.0,DOCTORADO
2015,M,DOCMICROBIO,4,4.0,4.0,4.0,4.0,1.0,1.0,1.0,1.0,DOCTORADO
2015,M,DOCNEUROC,2,1.0,1.0,1.0,1.0,0.5,0.5,0.5,0.5,DOCTORADO
2015,M,DOCQUIM,6,5.0,5.0,4.0,4.0,0.8333333333333334,0.8333333333333334,0.6666666666666666,0.6666666666666666,DOCTORADO
2015,M,ENF,15,13.0,11.0,10.0,10.0,0.8666666666666667,0.7333333333333333,0.6666666666666666,0.6666666666666666,PREGRADO
2015,M,HCS,14,5.0,3.0,1.0,1.0,0.35714285714285715,0.21428571428571427,0.07142857142857142,0.07142857142857142,PREGRADO
2015,M,ICELEC,148,110.0,93.0,77.0,65.0,0.7432432432432432,0.6283783783783784,0.5202702702702703,0.4391891891891892,PREGRADO
2015,M,ICGEOG,24,15.0,9.0,8.0,8.0,0.625,0.375,0.3333333333333333,0.3333333333333333,PREGRADO
2015,M,ICIND,146,110.0,99.0,78.0,71.0,0.7534246575342466,0.678082191780822,0.5342465753424658,0.4863013698630137,PREGRADO
2015,M,ICINF,109,86.0,67.0,42.0,36.0,0.7889908256880734,0.6146788990825688,0.3853211009174312,0.3302752293577982,PREGRADO
2015,M,ICMEC,169,135.0,111.0,83.0,72.0,0.7988165680473372,0.6568047337278107,0.4911242603550296,0.4260355029585799,PREGRADO
2015,M,ICMET,61,46.0,40.0,28.0,24.0,0.7540983606557377,0.6557377049180327,0.45901639344262296,0.39344262295081966,PREGRADO
2015,M,ICMIN,195,145.0,123.0,103.0,77.0,0.7435897435897436,0.6307692307692307,0.5282051282051282,0.39487179487179486,PREGRADO
2015,M,ICOBR,75,61.0,57.0,48.0,47.0,0.8133333333333334,0.76,0.64,0.6266666666666667,PREGRADO
2015,M,ICQUIM,40,29.0,26.0,24.0,23.0,0.725,0.65,0.6,0.575,PREGRADO
2015,M,IEAMB,13,6.0,7.0,5.0,,0.46153846153846156,0.5384615384615384,0.38461538461538464,,PREGRADO
2015,M,IECLIM,45,28.0,16.0,8.0,9.0,0.6222222222222222,0.35555555555555557,0.17777777777777778,0.2,PREGRADO
2015,M,IEELEC,204,128.0,101.0,88.0,67.0,0.6274509803921569,0.4950980392156863,0.43137254901960786,0.3284313725490196,PREGRADO
2015,M,IEGEOM,43,24.0,18.0,18.0,12.0,0.5581395348837209,0.4186046511627907,0.4186046511627907,0.27906976744186046,PREGRADO
2015,M,IEIND,123,92.0,74.0,63.0,48.0,0.7479674796747967,0.6016260162601627,0.5121951219512195,0.3902439024390244,PREGRADO
2015,M,IEINF,121,90.0,40.0,32.0,25.0,0.743801652892562,0.3305785123966942,0.2644628099173554,0.2066115702479339,PREGRADO
2015,M,IEMEC,125,95.0,78.0,62.0,50.0,0.76,0.624,0.496,0.4,PREGRADO
2015,M,IEMET,45,34.0,29.0,23.0,17.0,0.7555555555555555,0.6444444444444445,0.5111111111111111,0.37777777777777777,PREGRADO
2015,M,IEMIN,64,41.0,31.0,21.0,21.0,0.640625,0.484375,0.328125,0.328125,PREGRADO
2015,M,IEQUIM,50,35.0,22.0,19.0,14.0,0.7,0.44,0.38,0.28,PREGRADO
2015,M,INGAGRO,29,17.0,13.0,13.0,11.0,0.5862068965517241,0.4482758620689655,0.4482758620689655,0.3793103448275862,PREGRADO
2015,M,INGAL,16,7.0,7.0,6.0,6.0,0.4375,0.4375,0.375,0.375,PREGRADO
2015,M,INGAMB,19,13.0,10.0,9.0,9.0,0.6842105263157895,0.5263157894736842,0.47368421052631576,0.47368421052631576,PREGRADO
2015,M,INGBIO,34,23.0,16.0,13.0,8.0,0.6764705882352942,0.47058823529411764,0.38235294117647056,0.23529411764705882,PREGRADO
2015,M,INGCO,178,150.0,131.0,93.0,82.0,0.8426966292134831,0.7359550561797753,0.5224719101123596,0.4606741573033708,PREGRADO
2015,M,INGEST,27,16.0,11.0,11.0,11.0,0.5925925925925926,0.4074074074074074,0.4074074074074074,0.4074074074074074,PREGRADO
2015,M,INGFI,40,22.0,18.0,16.0,15.0,0.55,0.45,0.4,0.375,PREGRADO
2015,M,INGMA,27,19.0,17.0,9.0,7.0,0.7037037037037037,0.6296296296296297,0.3333333333333333,0.25925925925925924,PREGRADO
2015,M,LAT,8,8.0,7.0,6.0,5.0,1.0,0.875,0.75,0.625,PREGRADO
2015,M,LCC,50,37.0,28.0,23.0,22.0,0.74,0.56,0.46,0.44,PREGRADO
2015,M,LEB,15,12.0,11.0,10.0,10.0,0.8,0.7333333333333333,0.6666666666666666,0.6666666666666666,PREGRADO
2015,M,LEE,16,7.0,5.0,5.0,5.0,0.4375,0.3125,0.3125,0.3125,PREGRADO
2015,M,LICAFENDEP,15,11.0,11.0,11.0,11.0,0.7333333333333333,0.7333333333333333,0.7333333333333333,0.7333333333333333,PREGRADO
2015,M,LICAFTERAP,2,2.0,2.0,2.0,2.0,1.0,1.0,1.0,1.0,PREGRADO
2015,M,LOG,6,5.0,2.0,,,0.8333333333333334,0.3333333333333333,,,PREGRADO
2015,M,LQC,14,11.0,7.0,7.0,6.0,0.7857142857142857,0.5,0.5,0.42857142857142855,PREGRADO
2015,M,MAGADE,90,69.0,9.0,6.0,1.0,0.7666666666666667,0.1,0.06666666666666667,0.011111111111111112,MAGISTER
2015,M,MAGAP,5,2.0,2.0,,1.0,0.4,0.4,,0.2,MAGISTER
2015,M,MAGARH,10,9.0,6.0,6.0,4.0,0.9,0.6,0.6,0.4,MAGISTER
2015,M,MAGAS,5,2.0,1.0,,,0.4,0.2,,,MAGISTER
2015,M,MAGCAG,20,9.0,,,,0.45,,,,MAGISTER
2015,M,MAGCC,6,6.0,4.0,,,1.0,0.6666666666666666,,,MAGISTER
2015,M,MAGCDI,39,32.0,20.0,1.0,,0.8205128205128205,0.5128205128205128,0.02564102564102564,,MAGISTER
2015,M,MAGCM,7,5.0,4.0,2.0,,0.7142857142857143,0.5714285714285714,0.2857142857142857,,MAGISTER
2015,M,MAGCS,8,8.0,8.0,5.0,2.0,1.0,1.0,0.625,0.25,MAGISTER
2015,M,MAGEDM,8,8.0,3.0,,,1.0,0.375,,,MAGISTER
2015,M,MAGEDU,44,38.0,,3.0,,0.8636363636363636,,0.06818181818181818,,MAGISTER
2015,M,MAGEF,16,12.0,8.0,3.0,1.0,0.75,0.5,0.1875,0.0625,MAGISTER
2015,M,MAGEI,10,9.0,8.0,4.0,2.0,0.9,0.8,0.4,0.2,MAGISTER
2015,M,MAGEII,21,21.0,18.0,10.0,1.0,1.0,0.8571428571428571,0.47619047619047616,0.047619047619047616,MAGISTER
2015,M,MAGFC,5,5.0,3.0,3.0,3.0,1.0,0.6,0.6,0.6,MAGISTER
2015,M,MAGGEO,7,5.0,1.0,,,0.7142857142857143,0.14285714285714285,,,MAGISTER
2015,M,MAGGP,34,30.0,18.0,2.0,1.0,0.8823529411764706,0.5294117647058824,0.058823529411764705,0.029411764705882353,MAGISTER
2015,M,MAGGT,3,3.0,3.0,1.0,,1.0,1.0,0.3333333333333333,,MAGISTER
2015,M,MAGHI,10,9.0,6.0,1.0,,0.9,0.6,0.1,,MAGISTER
2015,M,MAGII,15,13.0,9.0,3.0,,0.8666666666666667,0.6,0.2,,MAGISTER
2015,M,MAGIT,4,4.0,2.0,1.0,,1.0,0.5,0.25,,MAGISTER
2015,M,MAGLG,9,8.0,7.0,1.0,1.0,0.8888888888888888,0.7777777777777778,0.1111111111111111,0.1111111111111111,MAGISTER
2015,M,MAGLI,4,4.0,4.0,2.0,1.0,1.0,1.0,0.5,0.25,MAGISTER
2015,M,MAGMA,34,33.0,21.0,1.0,1.0,0.9705882352941176,0.6176470588235294,0.029411764705882353,0.029411764705882353,MAGISTER
2015,M,MAGPED,4,3.0,,1.0,1.0,0.75,,0.25,0.25,MAGISTER
2015,M,MAGPGT,28,14.0,,,,0.5,,,,MAGISTER
2015,M,MAGPP,11,10.0,2.0,,,0.9090909090909091,0.18181818181818182,,,MAGISTER
2015,M,MAGQUI,9,7.0,1.0,,,0.7777777777777778,0.1111111111111111,,,MAGISTER
2015,M,MAGSGI,5,5.0,1.0,1.0,,1.0,0.2,0.2,,MAGISTER
2015,M,MAGSPA,6,6.0,2.0,1.0,1.0,1.0,0.3333333333333333,0.16666666666666666,0.16666666666666666,MAGISTER
2015,M,MAGTA,4,4.0,1.0,,,1.0,0.25,,,MAGISTER
2015,M,MAGTCO,4,4.0,4.0,4.0,1.0,1.0,1.0,1.0,0.25,MAGISTER
2015,M,MED,42,40.0,39.0,38.0,38.0,0.9523809523809523,0.9285714285714286,0.9047619047619048,0.9047619047619048,PREGRADO
2015,M,MIDA,4,4.0,,1.0,,1.0,,0.25,,MAGISTER
2015,M,OBP,8,7.0,7.0,6.0,5.0,0.875,0.875,0.75,0.625,PREGRADO
2015,M,PEDCAST,16,13.0,12.0,12.0,11.0,0.8125,0.75,0.75,0.6875,PREGRADO
2015,M,PEDEDFIS,22,17.0,17.0,16.0,16.0,0.7727272727272727,0.7727272727272727,0.7272727272727273,0.7272727272727273,PREGRADO
2015,M,PEDEGB,2,2.0,2.0,2.0,2.0,1.0,1.0,1.0,1.0,PREGRADO
2015,M,PEDFILOS,8,3.0,2.0,2.0,2.0,0.375,0.25,0.25,0.25,PREGRADO
2015,M,PEDFISMAT,25,21.0,18.0,14.0,13.0,0.84,0.72,0.56,0.52,PREGRADO
2015,M,PEDHS,20,15.0,12.0,10.0,9.0,0.75,0.6,0.5,0.45,PREGRADO
2015,M,PEDINGLES,18,16.0,13.0,11.0,10.0,0.8888888888888888,0.7222222222222222,0.6111111111111112,0.5555555555555556,PREGRADO
2015,M,PEDMATCOMP,15,14.0,12.0,8.0,8.0,0.9333333333333333,0.8,0.5333333333333333,0.5333333333333333,PREGRADO
2015,M,PEDQUIMBIO,14,9.0,8.0,8.0,8.0,0.6428571428571429,0.5714285714285714,0.5714285714285714,0.5714285714285714,PREGRADO
2015,M,PEP,8,6.0,1.0,4.0,1.0,0.75,0.125,0.5,0.125,PREGRADO
2015,M,PER,35,28.0,26.0,21.0,19.0,0.8,0.7428571428571429,0.6,0.5428571428571428,PREGRADO
2015,M,POSACU,13,,,,,,,,,POSTITUTLO
2015,M,POSAG,12,,,,,,,,,POSTITUTLO
2015,M,POSAN,6,6.0,6.0,1.0,,1.0,1.0,0.16666666666666666,,POSTITUTLO
2015,M,POSCG,10,9.0,9.0,,,0.9,0.9,,,POSTITUTLO
2015,M,POSCI,7,,,,,,,,,POSTITUTLO
2015,M,POSEDV,4,4.0,4.0,,,1.0,1.0,,,POSTITUTLO
2015,M,POSEI,10,,,,,,,,,POSTITUTLO
2015,M,POSEMI,15,15.0,15.0,4.0,,1.0,1.0,0.26666666666666666,,POSTITUTLO
2015,M,POSENP,4,4.0,4.0,1.0,,1.0,1.0,0.25,,POSTITUTLO
2015,M,POSEPI,6,6.0,6.0,,,1.0,1.0,,,POSTITUTLO
2015,M,POSEPR,7,,,,,,,,,POSTITUTLO
2015,M,POSET,7,,,,,,,,,POSTITUTLO
2015,M,POSGER,7,7.0,7.0,7.0,,1.0,1.0,1.0,,POSTITUTLO
2015,M,POSGO,4,4.0,4.0,2.0,,1.0,1.0,0.5,,POSTITUTLO
2015,M,POSIAM,4,,,,,,,,,POSTITUTLO
2015,M,POSIMGA,7,,,,,,,,,POSTITUTLO
2015,M,POSIT,4,,,,,,,,,POSTITUTLO
2015,M,POSLTRI,17,,,,,,,,,POSTITUTLO
2015,M,POSMU,6,6.0,6.0,3.0,1.0,1.0,1.0,0.5,0.16666666666666666,POSTITUTLO
2015,M,POSNEU,6,6.0,6.0,4.0,,1.0,1.0,0.6666666666666666,,POSTITUTLO
2015,M,POSNEUC,2,2.0,1.0,2.0,,1.0,0.5,1.0,,POSTITUTLO
2015,M,POSPA,17,17.0,16.0,1.0,1.0,1.0,0.9411764705882353,0.058823529411764705,0.058823529411764705,POSTITUTLO
2015,M,POSPED,4,4.0,3.0,4.0,,1.0,0.75,1.0,,POSTITUTLO
2015,M,POSPP,24,,,,1.0,,,,0.041666666666666664,POSTITUTLO
2015,M,POSREI,5,5.0,5.0,,,1.0,1.0,,,POSTITUTLO
2015,M,POSTROR,19,18.0,19.0,1.0,,0.9473684210526315,1.0,0.05263157894736842,,POSTITUTLO
2015,M,POSTYR,5,,,,,,,,,POSTITUTLO
2015,M,POSURO,5,5.0,5.0,,,1.0,1.0,,,POSTITUTLO
2015,M,PRE,41,26.0,26.0,6.0,1.0,0.6341463414634146,0.6341463414634146,0.14634146341463414,0.024390243902439025,PREGRADO
2015,M,PSI,31,28.0,27.0,24.0,23.0,0.9032258064516129,0.8709677419354839,0.7741935483870968,0.7419354838709677,PREGRADO
2015,M,PUB,24,21.0,17.0,13.0,13.0,0.875,0.7083333333333334,0.5416666666666666,0.5416666666666666,PREGRADO
2015,M,QYF,13,12.0,12.0,12.0,11.0,0.9230769230769231,0.9230769230769231,0.9230769230769231,0.8461538461538461,PREGRADO
2015,M,TAI,58,45.0,37.0,28.0,10.0,0.7758620689655172,0.6379310344827587,0.4827586206896552,0.1724137931034483,PREGRADO
2015,M,TAP,50,35.0,30.0,15.0,4.0,0.7,0.6,0.3,0.08,PREGRADO
2015,M,TCI,36,35.0,31.0,3.0,1.0,0.9722222222222222,0.8611111111111112,0.08333333333333333,0.027777777777777776,PREGRADO
2015,M,TCO,54,47.0,43.0,21.0,6.0,0.8703703703703703,0.7962962962962963,0.3888888888888889,0.1111111111111111,PREGRADO
2015,M,TDI,29,27.0,20.0,12.0,1.0,0.9310344827586207,0.6896551724137931,0.41379310344827586,0.034482758620689655,PREGRADO
2015,M,TEA,12,9.0,8.0,6.0,2.0,0.75,0.6666666666666666,0.5,0.16666666666666666,PREGRADO
2015,M,TEC,81,65.0,55.0,30.0,7.0,0.8024691358024691,0.6790123456790124,0.37037037037037035,0.08641975308641975,PREGRADO
2015,M,TMI,51,44.0,35.0,21.0,4.0,0.8627450980392157,0.6862745098039216,0.4117647058823529,0.0784313725490196,PREGRADO
2015,M,TQF,36,31.0,24.0,21.0,5.0,0.8611111111111112,0.6666666666666666,0.5833333333333334,0.1388888888888889,PREGRADO
2015,M,TRD,113,65.0,9.0,2.0,,0.5752212389380531,0.07964601769911504,0.017699115044247787,,PREGRADO
2015,M,TUI,23,14.0,4.0,1.0,,0.6086956521739131,0.17391304347826086,0.043478260869565216,,PREGRADO
2016,F,ADMIND,4,4.0,,,,1.0,,,,PREGRADO
2016,F,ADMPUB,110,99.0,95.0,82.0,80.0,0.9,0.8636363636363636,0.7454545454545455,0.7272727272727273,PREGRADO
2016,F,ARQ,45,36.0,32.0,33.0,32.0,0.8,0.7111111111111111,0.7333333333333333,0.7111111111111111,PREGRADO
2016,F,BACHI,100,81.0,34.0,16.0,1.0,0.81,0.34,0.16,0.01,PREGRADO
2016,F,CCIV,13,10.0,8.0,3.0,2.0,0.7692307692307693,0.6153846153846154,0.23076923076923078,0.15384615384615385,PREGRADO
2016,F,CONTA,143,121.0,109.0,104.0,103.0,0.8461538461538461,0.7622377622377622,0.7272727272727273,0.7202797202797203,PREGRADO
2016,F,DIPAGR,6,,,,,,,,,DIPLOMADO
2016,F,DIPAN,7,,,,,,,,,DIPLOMADO
2016,F,DIPAPGP,29,,,,,,,,,DIPLOMADO
2016,F,DIPAPR,35,,,,,,,,,DIPLOMADO
2016,F,DIPCSA,1,,,,,,,,,DIPLOMADO
2016,F,DIPCYC,9,,,,,,,,,DIPLOMADO
2016,F,DIPDCBC,3,1.0,,,,0.3333333333333333,,,,DIPLOMADO
2016,F,DIPDHG,4,,,,,,,,,DIPLOMADO
2016,F,DIPDPR,7,,,,,,,,,DIPLOMADO
2016,F,DIPDRH,2,,,,,,,,,DIPLOMADO
2016,F,DIPDU,15,,,,,,,,,DIPLOMADO
2016,F,DIPEESP,2,,,,,,,,,DIPLOMADO
2016,F,DIPEFP,1,,,,,,,,,DIPLOMADO
2016,F,DIPEG,1,,,,,,,,,DIPLOMADO
2016,F,DIPEGC,26,,,,,,,,,DIPLOMADO
2016,F,DIPEGM,2,,,,,,,,,DIPLOMADO
2016,F,DIPEIL,18,,,,,,,,,DIPLOMADO
2016,F,DIPGA,14,,,,,,,,,DIPLOMADO
2016,F,DIPGCAC,8,,,,,,,,,DIPLOMADO
2016,F,DIPGCL,24,,,,,,,,,DIPLOMADO
2016,F,DIPGFIN,10,,,,,,,,,DIPLOMADO
2016,F,DIPGIL,9,,,,,,,,,DIPLOMADO
2016,F,DIPGINF,2,,,,,,,,,DIPLOMADO
2016,F,DIPGLGM,5,,,,,,,,,DIPLOMADO
2016,F,DIPGLPD,14,,,,,,,,,DIPLOMADO
2016,F,DIPGR,1,,,,,,,,,DIPLOMADO
2016,F,DIPGRH,14,,,,,,,,,DIPLOMADO
2016,F,DIPGS,5,,,,,,,,,DIPLOMADO
2016,F,DIPGSA,77,1.0,,,,0.012987012987012988,,,,DIPLOMADO
2016,F,DIPIEA,5,,,,,,,,,DIPLOMADO
2016,F,DIPIEDF,8,,,,,,,,,DIPLOMADO
2016,F,DIPIMPL,4,,,,,,,,,DIPLOMADO
2016,F,DIPLIJ,24,,,,,,,,,DIPLOMADO
2016,F,DIPMD,3,,,,,,,,,DIPLOMADO
2016,F,DIPMME,13,,,,,,,,,DIPLOMADO
2016,F,DIPNICI,5,,,,,,,,,DIPLOMADO
2016,F,DIPPCCD,18,,,,,,,,,DIPLOMADO
2016,F,DIPPCF,5,,,,,,,,,DIPLOMADO
2016,F,DIPPD,1,,,,,,,,,DIPLOMADO
2016,F,DIPPED,5,,,,,,,,,DIPLOMADO
2016,F,DIPPGT,17,,,,,,,,,DIPLOMADO
2016,F,DIPPINF,2,,,,,,,,,DIPLOMADO
2016,F,DIPPM,9,,,,,,,,,DIPLOMADO
2016,F,DIPPPIS,21,,,,,,,,,DIPLOMADO
2016,F,DIPRHDO,48,,,,,,,,,DIPLOMADO
2016,F,DIPTMEH,4,,,,,,,,,DIPLOMADO
2016,F,DOCBIO,4,4.0,3.0,3.0,3.0,1.0,0.75,0.75,0.75,DOCTORADO
2016,F,DOCCSADM,2,2.0,1.0,,,1.0,0.5,,,DOCTORADO
2016,F,DOCCSALIM,2,2.0,2.0,2.0,1.0,1.0,1.0,1.0,0.5,DOCTORADO
2016,F,DOCCSING,3,3.0,3.0,3.0,3.0,1.0,1.0,1.0,1.0,DOCTORADO
2016,F,DOCESTAM,6,6.0,6.0,6.0,4.0,1.0,1.0,1.0,0.6666666666666666,DOCTORADO
2016,F,DOCQUIM,3,2.0,2.0,2.0,2.0,0.6666666666666666,0.6666666666666666,0.6666666666666666,0.6666666666666666,DOCTORADO
2016,F,ENF,52,42.0,40.0,38.0,35.0,0.8076923076923077,0.7692307692307693,0.7307692307692307,0.6730769230769231,PREGRADO
2016,F,HCS,13,11.0,8.0,7.0,5.0,0.8461538461538461,0.6153846153846154,0.5384615384615384,0.38461538461538464,PREGRADO
2016,F,ICELEC,16,11.0,7.0,6.0,6.0,0.6875,0.4375,0.375,0.375,PREGRADO
2016,F,ICGEOG,8,6.0,3.0,3.0,3.0,0.75,0.375,0.375,0.375,PREGRADO
2016,F,ICIND,73,65.0,57.0,48.0,40.0,0.8904109589041096,0.7808219178082192,0.6575342465753424,0.547945205479452,PREGRADO
2016,F,ICINF,9,6.0,4.0,3.0,2.0,0.6666666666666666,0.4444444444444444,0.3333333333333333,0.2222222222222222,PREGRADO
2016,F,ICMEC,10,8.0,7.0,6.0,6.0,0.8,0.7,0.6,0.6,PREGRADO
2016,F,ICMET,14,10.0,6.0,5.0,5.0,0.7142857142857143,0.42857142857142855,0.35714285714285715,0.35714285714285715,PREGRADO
2016,F,ICMIN,41,29.0,24.0,22.0,16.0,0.7073170731707317,0.5853658536585366,0.5365853658536586,0.3902439024390244,PREGRADO
2016,F,ICOBR,23,16.0,9.0,9.0,9.0,0.6956521739130435,0.391304347826087,0.391304347826087,0.391304347826087,PREGRADO
2016,F,ICQUIM,28,19.0,13.0,11.0,9.0,0.6785714285714286,0.4642857142857143,0.39285714285714285,0.32142857142857145,PREGRADO
2016,F,IEAMB,6,3.0,4.0,1.0,,0.5,0.6666666666666666,0.16666666666666666,,PREGRADO
2016,F,IECLIM,8,5.0,3.0,3.0,3.0,0.625,0.375,0.375,0.375,PREGRADO
2016,F,IEELEC,10,9.0,7.0,8.0,4.0,0.9,0.7,0.8,0.4,PREGRADO
2016,F,IEGEOM,20,9.0,7.0,7.0,6.0,0.45,0.35,0.35,0.3,PREGRADO
2016,F,IEIND,51,46.0,38.0,35.0,23.0,0.9019607843137255,0.7450980392156863,0.6862745098039216,0.45098039215686275,PREGRADO
2016,F,IEINF,7,4.0,3.0,3.0,3.0,0.5714285714285714,0.42857142857142855,0.42857142857142855,0.42857142857142855,PREGRADO
2016,F,IEMEC,4,1.0,1.0,,,0.25,0.25,,,PREGRADO
2016,F,IEMET,12,12.0,12.0,11.0,9.0,1.0,1.0,0.9166666666666666,0.75,PREGRADO
2016,F,IEMIN,21,12.0,9.0,7.0,7.0,0.5714285714285714,0.42857142857142855,0.3333333333333333,0.3333333333333333,PREGRADO
2016,F,IEQUIM,31,22.0,17.0,15.0,11.0,0.7096774193548387,0.5483870967741935,0.4838709677419355,0.3548387096774194,PREGRADO
2016,F,INGAGRO,15,11.0,9.0,9.0,9.0,0.7333333333333333,0.6,0.6,0.6,PREGRADO
2016,F,INGAL,30,26.0,25.0,24.0,24.0,0.8666666666666667,0.8333333333333334,0.8,0.8,PREGRADO
2016,F,INGAMB,31,21.0,20.0,18.0,17.0,0.6774193548387096,0.6451612903225806,0.5806451612903226,0.5483870967741935,PREGRADO
2016,F,INGBIO,24,11.0,10.0,9.0,8.0,0.4583333333333333,0.4166666666666667,0.375,0.3333333333333333,PREGRADO
2016,F,INGCO,171,144.0,131.0,112.0,108.0,0.8421052631578947,0.7660818713450293,0.6549707602339181,0.631578947368421,PREGRADO
2016,F,INGEST,24,20.0,14.0,13.0,12.0,0.8333333333333334,0.5833333333333334,0.5416666666666666,0.5,PREGRADO
2016,F,INGFI,14,8.0,6.0,5.0,5.0,0.5714285714285714,0.42857142857142855,0.35714285714285715,0.35714285714285715,PREGRADO
2016,F,INGMA,16,11.0,7.0,4.0,4.0,0.6875,0.4375,0.25,0.25,PREGRADO
2016,F,KINE,17,15.0,14.0,13.0,12.0,0.8823529411764706,0.8235294117647058,0.7647058823529411,0.7058823529411765,PREGRADO
2016,F,LAT,29,26.0,23.0,18.0,18.0,0.896551724137931,0.7931034482758621,0.6206896551724138,0.6206896551724138,PREGRADO
2016,F,LCC,7,5.0,3.0,2.0,2.0,0.7142857142857143,0.42857142857142855,0.2857142857142857,0.2857142857142857,PREGRADO
2016,F,LEB,23,20.0,15.0,13.0,12.0,0.8695652173913043,0.6521739130434783,0.5652173913043478,0.5217391304347826,PREGRADO
2016,F,LEE,33,19.0,19.0,18.0,18.0,0.5757575757575758,0.5757575757575758,0.5454545454545454,0.5454545454545454,PREGRADO
2016,F,LICAFENDEP,8,8.0,8.0,7.0,7.0,1.0,1.0,0.875,0.875,PREGRADO
2016,F,LICAFTERAP,14,12.0,11.0,11.0,11.0,0.8571428571428571,0.7857142857142857,0.7857142857142857,0.7857142857142857,PREGRADO
2016,F,LOG,6,5.0,2.0,,1.0,0.8333333333333334,0.3333333333333333,,0.16666666666666666,PREGRADO
2016,F,LQC,17,14.0,9.0,7.0,7.0,0.8235294117647058,0.5294117647058824,0.4117647058823529,0.4117647058823529,PREGRADO
2016,F,MAGADE,38,37.0,7.0,3.0,,0.9736842105263158,0.18421052631578946,0.07894736842105263,,MAGISTER
2016,F,MAGAP,9,9.0,2.0,1.0,,1.0,0.2222222222222222,0.1111111111111111,,MAGISTER
2016,F,MAGARH,7,6.0,6.0,5.0,,0.8571428571428571,0.8571428571428571,0.7142857142857143,,MAGISTER
2016,F,MAGCAG,8,4.0,,,,0.5,,,,MAGISTER
2016,F,MAGCC,11,8.0,1.0,,,0.7272727272727273,0.09090909090909091,,,MAGISTER
2016,F,MAGCDI,7,7.0,6.0,,,1.0,0.8571428571428571,,,MAGISTER
2016,F,MAGCM,1,1.0,,,,1.0,,,,MAGISTER
2016,F,MAGCS,8,7.0,5.0,3.0,,0.875,0.625,0.375,,MAGISTER
2016,F,MAGEDM,5,5.0,,,2.0,1.0,,,0.4,MAGISTER
2016,F,MAGEDU,37,28.0,2.0,3.0,,0.7567567567567568,0.05405405405405406,0.08108108108108109,,MAGISTER
2016,F,MAGEF,14,11.0,4.0,4.0,,0.7857142857142857,0.2857142857142857,0.2857142857142857,,MAGISTER
2016,F,MAGEI,5,5.0,5.0,2.0,,1.0,1.0,0.4,,MAGISTER
2016,F,MAGEII,7,7.0,5.0,6.0,,1.0,0.7142857142857143,0.8571428571428571,,MAGISTER
2016,F,MAGFC,1,1.0,1.0,1.0,,1.0,1.0,1.0,,MAGISTER
2016,F,MAGFP,3,1.0,,,,0.3333333333333333,,,,MAGISTER
2016,F,MAGGP,24,19.0,2.0,1.0,,0.7916666666666666,0.08333333333333333,0.041666666666666664,,MAGISTER
2016,F,MAGHI,1,1.0,1.0,,,1.0,1.0,,,MAGISTER
2016,F,MAGII,2,2.0,,,,1.0,,,,MAGISTER
2016,F,MAGIT,2,2.0,,1.0,,1.0,,0.5,,MAGISTER
2016,F,MAGLI,1,1.0,1.0,1.0,,1.0,1.0,1.0,,MAGISTER
2016,F,MAGMA,15,15.0,5.0,1.0,,1.0,0.3333333333333333,0.06666666666666667,,MAGISTER
2016,F,MAGPGT,14,12.0,3.0,1.0,,0.8571428571428571,0.21428571428571427,0.07142857142857142,,MAGISTER
2016,F,MAGPP,13,12.0,2.0,,,0.9230769230769231,0.15384615384615385,,,MAGISTER
2016,F,MAGQUI,3,3.0,2.0,,,1.0,0.6666666666666666,,,MAGISTER
2016,F,MAGSGI,2,2.0,1.0,2.0,1.0,1.0,0.5,1.0,0.5,MAGISTER
2016,F,MAGSPA,2,1.0,1.0,1.0,,0.5,0.5,0.5,,MAGISTER
2016,F,MAGTA,3,3.0,2.0,,,1.0,0.6666666666666666,,,MAGISTER
2016,F,MED,46,43.0,43.0,43.0,43.0,0.9347826086956522,0.9347826086956522,0.9347826086956522,0.9347826086956522,PREGRADO
2016,F,MIDA,3,3.0,,,,1.0,,,,MAGISTER
2016,F,OBP,48,45.0,44.0,42.0,38.0,0.9375,0.9166666666666666,0.875,0.7916666666666666,PREGRADO
2016,F,PEDCAST,33,30.0,28.0,25.0,25.0,0.9090909090909091,0.8484848484848485,0.7575757575757576,0.7575757575757576,PREGRADO
2016,F,PEDEDFIS,19,19.0,15.0,14.0,14.0,1.0,0.7894736842105263,0.7368421052631579,0.7368421052631579,PREGRADO
2016,F,PEDEGB,31,27.0,24.0,24.0,23.0,0.8709677419354839,0.7741935483870968,0.7741935483870968,0.7419354838709677,PREGRADO
2016,F,PEDFILOS,9,4.0,2.0,2.0,2.0,0.4444444444444444,0.2222222222222222,0.2222222222222222,0.2222222222222222,PREGRADO
2016,F,PEDFISMAT,23,19.0,15.0,15.0,15.0,0.8260869565217391,0.6521739130434783,0.6521739130434783,0.6521739130434783,PREGRADO
2016,F,PEDHS,22,18.0,16.0,14.0,14.0,0.8181818181818182,0.7272727272727273,0.6363636363636364,0.6363636363636364,PREGRADO
2016,F,PEDINGLES,45,38.0,34.0,30.0,30.0,0.8444444444444444,0.7555555555555555,0.6666666666666666,0.6666666666666666,PREGRADO
2016,F,PEDMATCOMP,19,17.0,15.0,12.0,12.0,0.8947368421052632,0.7894736842105263,0.631578947368421,0.631578947368421,PREGRADO
2016,F,PEDQUIMBIO,21,16.0,14.0,11.0,11.0,0.7619047619047619,0.6666666666666666,0.5238095238095238,0.5238095238095238,PREGRADO
2016,F,PEP,10,9.0,3.0,1.0,1.0,0.9,0.3,0.1,0.1,PREGRADO
2016,F,PER,44,37.0,28.0,25.0,26.0,0.8409090909090909,0.6363636363636364,0.5681818181818182,0.5909090909090909,PREGRADO
2016,F,POSACU,26,1.0,,,,0.038461538461538464,,,,POSTITUTLO
2016,F,POSAM,3,,,,,,,,,POSTITUTLO
2016,F,POSAN,5,5.0,1.0,,,1.0,0.2,,,POSTITUTLO
2016,F,POSCG,6,5.0,5.0,,,0.8333333333333334,0.8333333333333334,,,POSTITUTLO
2016,F,POSCGE,6,,,,,,,,,POSTITUTLO
2016,F,POSECP,1,,,,,,,,,POSTITUTLO
2016,F,POSEDV,2,2.0,1.0,,,1.0,0.5,,,POSTITUTLO
2016,F,POSEI,13,,,,,,,,,POSTITUTLO
2016,F,POSEMI,10,9.0,7.0,1.0,,0.9,0.7,0.1,,POSTITUTLO
2016,F,POSENP,2,2.0,2.0,,,1.0,1.0,,,POSTITUTLO
2016,F,POSEPI,6,6.0,3.0,,,1.0,0.5,,,POSTITUTLO
2016,F,POSGC,23,1.0,,,,0.043478260869565216,,,,POSTITUTLO
2016,F,POSGER,6,6.0,6.0,6.0,1.0,1.0,1.0,1.0,0.16666666666666666,POSTITUTLO
2016,F,POSGO,3,3.0,,,,1.0,,,,POSTITUTLO
2016,F,POSIA,1,1.0,,,,1.0,,,,POSTITUTLO
2016,F,POSIT,2,,,,,,,,,POSTITUTLO
2016,F,POSLTRI,9,,,,,,,,,POSTITUTLO
2016,F,POSMPD,13,,,,,,,,,POSTITUTLO
2016,F,POSNEU,3,2.0,2.0,1.0,,0.6666666666666666,0.6666666666666666,0.3333333333333333,,POSTITUTLO
2016,F,POSNEUC,1,1.0,1.0,1.0,,1.0,1.0,1.0,,POSTITUTLO
2016,F,POSNEUP,1,,,,,,,,,POSTITUTLO
2016,F,POSPA,6,6.0,3.0,,,1.0,0.5,,,POSTITUTLO
2016,F,POSPED,7,6.0,3.0,3.0,,0.8571428571428571,0.42857142857142855,0.42857142857142855,,POSTITUTLO
2016,F,POSPP,13,,,,,,,,,POSTITUTLO
2016,F,POSREI,3,3.0,1.0,,,1.0,0.3333333333333333,,,POSTITUTLO
2016,F,POSSECT,1,,,,,,,,,POSTITUTLO
2016,F,POSTROR,2,2.0,1.0,,,1.0,0.5,,,POSTITUTLO
2016,F,PRE,15,14.0,13.0,1.0,,0.9333333333333333,0.8666666666666667,0.06666666666666667,,PREGRADO
2016,F,PSI,61,53.0,52.0,53.0,51.0,0.8688524590163934,0.8524590163934426,0.8688524590163934,0.8360655737704918,PREGRADO
2016,F,PUB,31,23.0,23.0,21.0,22.0,0.7419354838709677,0.7419354838709677,0.6774193548387096,0.7096774193548387,PREGRADO
2016,F,QYF,31,29.0,25.0,22.0,20.0,0.9354838709677419,0.8064516129032258,0.7096774193548387,0.6451612903225806,PREGRADO
2016,F,TAI,6,4.0,3.0,1.0,,0.6666666666666666,0.5,0.16666666666666666,,PREGRADO
2016,F,TAP,45,37.0,33.0,14.0,3.0,0.8222222222222222,0.7333333333333333,0.3111111111111111,0.06666666666666667,PREGRADO
2016,F,TCI,12,12.0,9.0,,1.0,1.0,0.75,,0.08333333333333333,PREGRADO
2016,F,TCO,8,8.0,8.0,3.0,,1.0,1.0,0.375,,PREGRADO
2016,F,TDI,16,11.0,11.0,7.0,,0.6875,0.6875,0.4375,,PREGRADO
2016,F,TEA,32,26.0,23.0,14.0,7.0,0.8125,0.71875,0.4375,0.21875,PREGRADO
2016,F,TEC,9,8.0,5.0,5.0,1.0,0.8888888888888888,0.5555555555555556,0.5555555555555556,0.1111111111111111,PREGRADO
2016,F,TEO,25,25.0,23.0,23.0,22.0,1.0,0.92,0.92,0.88,PREGRADO
2016,F,TMI,3,2.0,2.0,2.0,,0.6666666666666666,0.6666666666666666,0.6666666666666666,,PREGRADO
2016,F,TQF,28,27.0,22.0,6.0,3.0,0.9642857142857143,0.7857142857142857,0.21428571428571427,0.10714285714285714,PREGRADO
2016,F,TRD,61,51.0,3.0,,,0.8360655737704918,0.04918032786885246,,,PREGRADO
2016,F,TUI,6,6.0,2.0,1.0,,1.0,0.3333333333333333,0.16666666666666666,,PREGRADO
2016,M,ADMIND,3,3.0,,,,1.0,,,,PREGRADO
2016,M,ADMPUB,68,61.0,55.0,51.0,46.0,0.8970588235294118,0.8088235294117647,0.75,0.6764705882352942,PREGRADO
2016,M,ARQ,25,23.0,22.0,20.0,19.0,0.92,0.88,0.8,0.76,PREGRADO
2016,M,BACHI,72,54.0,19.0,2.0,2.0,0.75,0.2638888888888889,0.027777777777777776,0.027777777777777776,PREGRADO
2016,M,CCIV,96,77.0,67.0,41.0,16.0,0.8020833333333334,0.6979166666666666,0.4270833333333333,0.16666666666666666,PREGRADO
2016,M,CONTA,107,87.0,78.0,74.0,69.0,0.8130841121495327,0.7289719626168224,0.6915887850467289,0.6448598130841121,PREGRADO
2016,M,DIPAGR,11,,,,,,,,,DIPLOMADO
2016,M,DIPAN,14,,,,,,,,,DIPLOMADO
2016,M,DIPAPGP,7,,,,,,,,,DIPLOMADO
2016,M,DIPAPR,19,,,,,,,,,DIPLOMADO
2016,M,DIPCSA,28,,,,,,,,,DIPLOMADO
2016,M,DIPCYC,7,,,,,,,,,DIPLOMADO
2016,M,DIPDCBC,9,,,,,,,,,DIPLOMADO
2016,M,DIPDHG,8,,,,,,,,,DIPLOMADO
2016,M,DIPDPR,28,,,,,,,,,DIPLOMADO
2016,M,DIPDRH,5,,,,,,,,,DIPLOMADO
2016,M,DIPDU,27,,,,,,,,,DIPLOMADO
2016,M,DIPEESP,4,,,,,,,,,DIPLOMADO
2016,M,DIPEFP,5,,,,,,,,,DIPLOMADO
2016,M,DIPEGA,4,,,,,,,,,DIPLOMADO
2016,M,DIPEGC,12,,,,,,,,,DIPLOMADO
2016,M,DIPEGM,20,,,,,,,,,DIPLOMADO
2016,M,DIPEIL,11,,,,,,,,,DIPLOMADO
2016,M,DIPGA,31,,,,,,,,,DIPLOMADO
2016,M,DIPGCAC,15,,,,,,,,,DIPLOMADO
2016,M,DIPGCL,4,,,,,,,,,DIPLOMADO
2016,M,DIPGFIN,11,,,,,,,,,DIPLOMADO
2016,M,DIPGIL,16,,,,,,,,,DIPLOMADO
2016,M,DIPGINF,7,,,,,,,,,DIPLOMADO
2016,M,DIPGLGM,2,,,,,,,,,DIPLOMADO
2016,M,DIPGLPD,31,,,,,,,,,DIPLOMADO
2016,M,DIPGR,11,,,,,,,,,DIPLOMADO
2016,M,DIPGRH,5,,,,,,,,,DIPLOMADO
2016,M,DIPGS,5,,,,,,,,,DIPLOMADO
2016,M,DIPGSA,27,,,,,,,,,DIPLOMADO
2016,M,DIPIEA,12,,,,,,,,,DIPLOMADO
2016,M,DIPIEDF,23,,,,,,,,,DIPLOMADO
2016,M,DIPIMPL,6,,,,,,,,,DIPLOMADO
2016,M,DIPLE,1,,,,,,,,,DIPLOMADO
2016,M,DIPLIJ,5,,,,,,,,,DIPLOMADO
2016,M,DIPMCOM,9,,,,,,,,,DIPLOMADO
2016,M,DIPMD,6,,,,,,,,,DIPLOMADO
2016,M,DIPMME,4,,,,,,,,,DIPLOMADO
2016,M,DIPNICI,7,,,,,,,,,DIPLOMADO
2016,M,DIPPCCD,11,,,,,,,,,DIPLOMADO
2016,M,DIPPCF,2,,,,,,,,,DIPLOMADO
2016,M,DIPPD,8,,,,,,,,,DIPLOMADO
2016,M,DIPPED,5,,,,,,,,,DIPLOMADO
2016,M,DIPPGT,39,,,1.0,,,,0.02564102564102564,,DIPLOMADO
2016,M,DIPPINF,14,,,,,,,,,DIPLOMADO
2016,M,DIPPM,6,,,,,,,,,DIPLOMADO
2016,M,DIPPPIS,7,,,,,,,,,DIPLOMADO
2016,M,DIPRHDO,11,,,,,,,,,DIPLOMADO
2016,M,DIPRMEE,12,,,,,,,,,DIPLOMADO
2016,M,DIPTMEH,10,,,,,,,,,DIPLOMADO
2016,M,DOCBIO,4,4.0,4.0,4.0,3.0,1.0,1.0,1.0,0.75,DOCTORADO
2016,M,DOCCSADM,6,6.0,4.0,4.0,4.0,1.0,0.6666666666666666,0.6666666666666666,0.6666666666666666,DOCTORADO
2016,M,DOCCSFIS,3,3.0,3.0,2.0,2.0,1.0,1.0,0.6666666666666666,0.6666666666666666,DOCTORADO
2016,M,DOCCSING,16,16.0,14.0,14.0,9.0,1.0,0.875,0.875,0.5625,DOCTORADO
2016,M,DOCCSMAT,5,3.0,3.0,3.0,3.0,0.6,0.6,0.6,0.6,DOCTORADO
2016,M,DOCESTAM,8,8.0,8.0,8.0,8.0,1.0,1.0,1.0,1.0,DOCTORADO
2016,M,DOCHIST,6,6.0,6.0,6.0,5.0,1.0,1.0,1.0,0.8333333333333334,DOCTORADO
2016,M,DOCMICROBIO,1,1.0,1.0,1.0,1.0,1.0,1.0,1.0,1.0,DOCTORADO
2016,M,DOCNEUROC,2,1.0,1.0,,,0.5,0.5,,,DOCTORADO
2016,M,DOCQUIM,5,4.0,4.0,4.0,4.0,0.8,0.8,0.8,0.8,DOCTORADO
2016,M,ENF,10,9.0,8.0,7.0,7.0,0.9,0.8,0.7,0.7,PREGRADO
2016,M,HCS,6,6.0,4.0,3.0,2.0,1.0,0.6666666666666666,0.5,0.3333333333333333,PREGRADO
2016,M,ICELEC,137,104.0,87.0,71.0,60.0,0.7591240875912408,0.635036496350365,0.5182481751824818,0.43795620437956206,PREGRADO
2016,M,ICGEOG,22,13.0,10.0,8.0,5.0,0.5909090909090909,0.45454545454545453,0.36363636363636365,0.22727272727272727,PREGRADO
2016,M,ICIND,119,99.0,86.0,70.0,51.0,0.8319327731092437,0.7226890756302521,0.5882352941176471,0.42857142857142855,PREGRADO
2016,M,ICINF,108,78.0,55.0,44.0,30.0,0.7222222222222222,0.5092592592592593,0.4074074074074074,0.2777777777777778,PREGRADO
2016,M,ICMEC,117,93.0,71.0,52.0,43.0,0.7948717948717948,0.6068376068376068,0.4444444444444444,0.36752136752136755,PREGRADO
2016,M,ICMET,41,32.0,25.0,23.0,21.0,0.7804878048780488,0.6097560975609756,0.5609756097560976,0.5121951219512195,PREGRADO
2016,M,ICMIN,92,70.0,62.0,55.0,35.0,0.7608695652173914,0.6739130434782609,0.5978260869565217,0.3804347826086957,PREGRADO
2016,M,ICOBR,70,52.0,45.0,41.0,38.0,0.7428571428571429,0.6428571428571429,0.5857142857142857,0.5428571428571428,PREGRADO
2016,M,ICQUIM,36,29.0,27.0,25.0,23.0,0.8055555555555556,0.75,0.6944444444444444,0.6388888888888888,PREGRADO
2016,M,IEAMB,19,12.0,10.0,4.0,2.0,0.631578947368421,0.5263157894736842,0.21052631578947367,0.10526315789473684,PREGRADO
2016,M,IECLIM,32,22.0,12.0,8.0,6.0,0.6875,0.375,0.25,0.1875,PREGRADO
2016,M,IEELEC,208,147.0,113.0,90.0,54.0,0.7067307692307693,0.5432692307692307,0.4326923076923077,0.25961538461538464,PREGRADO
2016,M,IEGEOM,39,27.0,19.0,16.0,12.0,0.6923076923076923,0.48717948717948717,0.41025641025641024,0.3076923076923077,PREGRADO
2016,M,IEIND,103,82.0,74.0,68.0,38.0,0.7961165048543689,0.7184466019417476,0.6601941747572816,0.36893203883495146,PREGRADO
2016,M,IEINF,57,40.0,31.0,27.0,23.0,0.7017543859649122,0.543859649122807,0.47368421052631576,0.40350877192982454,PREGRADO
2016,M,IEMEC,82,66.0,56.0,41.0,33.0,0.8048780487804879,0.6829268292682927,0.5,0.4024390243902439,PREGRADO
2016,M,IEMET,34,21.0,19.0,17.0,14.0,0.6176470588235294,0.5588235294117647,0.5,0.4117647058823529,PREGRADO
2016,M,IEMIN,51,34.0,26.0,24.0,23.0,0.6666666666666666,0.5098039215686274,0.47058823529411764,0.45098039215686275,PREGRADO
2016,M,IEQUIM,40,32.0,25.0,18.0,11.0,0.8,0.625,0.45,0.275,PREGRADO
2016,M,INGAGRO,21,19.0,18.0,18.0,16.0,0.9047619047619048,0.8571428571428571,0.8571428571428571,0.7619047619047619,PREGRADO
2016,M,INGAL,8,5.0,5.0,5.0,3.0,0.625,0.625,0.625,0.375,PREGRADO
2016,M,INGAMB,19,16.0,12.0,12.0,10.0,0.8421052631578947,0.631578947368421,0.631578947368421,0.5263157894736842,PREGRADO
2016,M,INGBIO,24,13.0,8.0,7.0,6.0,0.5416666666666666,0.3333333333333333,0.2916666666666667,0.25,PREGRADO
2016,M,INGCO,207,160.0,151.0,93.0,81.0,0.7729468599033816,0.7294685990338164,0.4492753623188406,0.391304347826087,PREGRADO
2016,M,INGEST,25,20.0,15.0,10.0,10.0,0.8,0.6,0.4,0.4,PREGRADO
2016,M,INGFI,32,23.0,19.0,15.0,14.0,0.71875,0.59375,0.46875,0.4375,PREGRADO
2016,M,INGMA,19,12.0,11.0,8.0,6.0,0.631578947368421,0.5789473684210527,0.42105263157894735,0.3157894736842105,PREGRADO
2016,M,KINE,15,15.0,14.0,12.0,10.0,1.0,0.9333333333333333,0.8,0.6666666666666666,PREGRADO
2016,M,LAT,16,11.0,7.0,9.0,8.0,0.6875,0.4375,0.5625,0.5,PREGRADO
2016,M,LCC,40,33.0,26.0,22.0,15.0,0.825,0.65,0.55,0.375,PREGRADO
2016,M,LEB,16,13.0,11.0,11.0,11.0,0.8125,0.6875,0.6875,0.6875,PREGRADO
2016,M,LEE,14,12.0,10.0,9.0,9.0,0.8571428571428571,0.7142857142857143,0.6428571428571429,0.6428571428571429,PREGRADO
2016,M,LICAFENDEP,25,20.0,17.0,15.0,14.0,0.8,0.68,0.6,0.56,PREGRADO
2016,M,LICAFTERAP,9,5.0,5.0,4.0,5.0,0.5555555555555556,0.5555555555555556,0.4444444444444444,0.5555555555555556,PREGRADO
2016,M,LOG,5,4.0,1.0,,,0.8,0.2,,,PREGRADO
2016,M,LQC,13,11.0,7.0,6.0,5.0,0.8461538461538461,0.5384615384615384,0.46153846153846156,0.38461538461538464,PREGRADO
2016,M,MAGADE,66,53.0,8.0,4.0,2.0,0.803030303030303,0.12121212121212122,0.06060606060606061,0.030303030303030304,MAGISTER
2016,M,MAGAP,3,2.0,,1.0,,0.6666666666666666,,0.3333333333333333,,MAGISTER
2016,M,MAGARH,9,9.0,5.0,4.0,1.0,1.0,0.5555555555555556,0.4444444444444444,0.1111111111111111,MAGISTER
2016,M,MAGCAG,14,3.0,,,,0.21428571428571427,,,,MAGISTER
2016,M,MAGCC,10,7.0,5.0,,,0.7,0.5,,,MAGISTER
2016,M,MAGCDI,36,34.0,18.0,2.0,,0.9444444444444444,0.5,0.05555555555555555,,MAGISTER
2016,M,MAGCE,4,3.0,,,,0.75,,,,MAGISTER
2016,M,MAGCM,2,2.0,1.0,,,1.0,0.5,,,MAGISTER
2016,M,MAGCS,7,4.0,3.0,1.0,,0.5714285714285714,0.42857142857142855,0.14285714285714285,,MAGISTER
2016,M,MAGEDM,6,5.0,1.0,,2.0,0.8333333333333334,0.16666666666666666,,0.3333333333333333,MAGISTER
2016,M,MAGEDU,22,21.0,4.0,1.0,,0.9545454545454546,0.18181818181818182,0.045454545454545456,,MAGISTER
2016,M,MAGEF,27,23.0,11.0,8.0,4.0,0.8518518518518519,0.4074074074074074,0.2962962962962963,0.14814814814814814,MAGISTER
2016,M,MAGEI,9,6.0,6.0,1.0,,0.6666666666666666,0.6666666666666666,0.1111111111111111,,MAGISTER
2016,M,MAGEII,20,19.0,14.0,11.0,4.0,0.95,0.7,0.55,0.2,MAGISTER
2016,M,MAGFC,9,9.0,9.0,4.0,2.0,1.0,1.0,0.4444444444444444,0.2222222222222222,MAGISTER
2016,M,MAGFP,1,1.0,,,,1.0,,,,MAGISTER
2016,M,MAGGP,38,25.0,1.0,3.0,1.0,0.6578947368421053,0.02631578947368421,0.07894736842105263,0.02631578947368421,MAGISTER
2016,M,MAGHI,12,11.0,6.0,1.0,,0.9166666666666666,0.5,0.08333333333333333,,MAGISTER
2016,M,MAGII,11,9.0,5.0,3.0,,0.8181818181818182,0.45454545454545453,0.2727272727272727,,MAGISTER
2016,M,MAGIT,4,4.0,,,,1.0,,,,MAGISTER
2016,M,MAGLG,6,3.0,3.0,2.0,,0.5,0.5,0.3333333333333333,,MAGISTER
2016,M,MAGLI,1,,1.0,1.0,,,1.0,1.0,,MAGISTER
2016,M,MAGMA,27,25.0,10.0,,,0.9259259259259259,0.37037037037037035,,,MAGISTER
2016,M,MAGPGT,22,21.0,1.0,2.0,2.0,0.9545454545454546,0.045454545454545456,0.09090909090909091,0.09090909090909091,MAGISTER
2016,M,MAGPP,14,11.0,2.0,,,0.7857142857142857,0.14285714285714285,,,MAGISTER
2016,M,MAGQUI,4,3.0,1.0,,,0.75,0.25,,,MAGISTER
2016,M,MAGSGI,8,8.0,3.0,4.0,2.0,1.0,0.375,0.5,0.25,MAGISTER
2016,M,MAGSPA,14,13.0,3.0,1.0,1.0,0.9285714285714286,0.21428571428571427,0.07142857142857142,0.07142857142857142,MAGISTER
2016,M,MAGTA,2,2.0,,,,1.0,,,,MAGISTER
2016,M,MAGTCO,6,5.0,3.0,,,0.8333333333333334,0.5,,,MAGISTER
2016,M,MED,28,27.0,26.0,26.0,26.0,0.9642857142857143,0.9285714285714286,0.9285714285714286,0.9285714285714286,PREGRADO
2016,M,MIDA,3,2.0,,,,0.6666666666666666,,,,MAGISTER
2016,M,OBP,14,12.0,11.0,10.0,9.0,0.8571428571428571,0.7857142857142857,0.7142857142857143,0.6428571428571429,PREGRADO
2016,M,PEDCAST,9,6.0,6.0,5.0,5.0,0.6666666666666666,0.6666666666666666,0.5555555555555556,0.5555555555555556,PREGRADO
2016,M,PEDEDFIS,13,12.0,11.0,10.0,9.0,0.9230769230769231,0.8461538461538461,0.7692307692307693,0.6923076923076923,PREGRADO
2016,M,PEDEGB,4,3.0,3.0,3.0,3.0,0.75,0.75,0.75,0.75,PREGRADO
2016,M,PEDFILOS,2,2.0,1.0,,,1.0,0.5,,,PREGRADO
2016,M,PEDFISMAT,19,15.0,13.0,12.0,12.0,0.7894736842105263,0.6842105263157895,0.631578947368421,0.631578947368421,PREGRADO
2016,M,PEDHS,17,12.0,11.0,10.0,10.0,0.7058823529411765,0.6470588235294118,0.5882352941176471,0.5882352941176471,PREGRADO
2016,M,PEDINGLES,6,5.0,5.0,4.0,4.0,0.8333333333333334,0.8333333333333334,0.6666666666666666,0.6666666666666666,PREGRADO
2016,M,PEDMATCOMP,15,15.0,14.0,11.0,10.0,1.0,0.9333333333333333,0.7333333333333333,0.6666666666666666,PREGRADO
2016,M,PEDQUIMBIO,15,9.0,8.0,8.0,7.0,0.6,0.5333333333333333,0.5333333333333333,0.4666666666666667,PREGRADO
2016,M,PEP,7,6.0,3.0,,,0.8571428571428571,0.42857142857142855,,,PREGRADO
2016,M,PER,35,28.0,17.0,16.0,13.0,0.8,0.4857142857142857,0.45714285714285713,0.37142857142857144,PREGRADO
2016,M,POSACU,18,,,,,,,,,POSTITUTLO
2016,M,POSAM,8,,,,,,,,,POSTITUTLO
2016,M,POSAN,3,3.0,,,,1.0,,,,POSTITUTLO
2016,M,POSAPA,1,1.0,1.0,,,1.0,1.0,,,POSTITUTLO
2016,M,POSCG,7,5.0,4.0,,,0.7142857142857143,0.5714285714285714,,,POSTITUTLO
2016,M,POSCGE,4,,,,,,,,,POSTITUTLO
2016,M,POSEDV,2,2.0,,,,1.0,,,,POSTITUTLO
2016,M,POSEI,1,,,,,,,,,POSTITUTLO
2016,M,POSEMI,8,8.0,7.0,,,1.0,0.875,,,POSTITUTLO
2016,M,POSEMIIA,1,1.0,1.0,,,1.0,1.0,,,POSTITUTLO
2016,M,POSENP,2,2.0,2.0,,,1.0,1.0,,,POSTITUTLO
2016,M,POSEPI,2,2.0,2.0,,,1.0,1.0,,,POSTITUTLO
2016,M,POSGC,13,1.0,,,,0.07692307692307693,,,,POSTITUTLO
2016,M,POSGER,2,2.0,2.0,2.0,,1.0,1.0,1.0,,POSTITUTLO
2016,M,POSGO,1,,1.0,,,,1.0,,,POSTITUTLO
2016,M,POSGPNC,1,,,,,,,,,POSTITUTLO
2016,M,POSIA,1,,,,,,,,,POSTITUTLO
2016,M,POSIMGA,9,,,,,,,,,POSTITUTLO
2016,M,POSLTRI,22,,,,,,,,,POSTITUTLO
2016,M,POSMIIA,1,1.0,1.0,1.0,,1.0,1.0,1.0,,POSTITUTLO
2016,M,POSMPD,16,,,,,,,,,POSTITUTLO
2016,M,POSMU,6,5.0,5.0,1.0,,0.8333333333333334,0.8333333333333334,0.16666666666666666,,POSTITUTLO
2016,M,POSNEU,3,3.0,3.0,,,1.0,1.0,,,POSTITUTLO
2016,M,POSNEUC,1,1.0,1.0,1.0,,1.0,1.0,1.0,,POSTITUTLO
2016,M,POSPA,10,10.0,7.0,2.0,,1.0,0.7,0.2,,POSTITUTLO
2016,M,POSPED,1,1.0,1.0,1.0,,1.0,1.0,1.0,,POSTITUTLO
2016,M,POSPP,6,,,,,,,,,POSTITUTLO
2016,M,POSREI,2,2.0,1.0,,,1.0,0.5,,,POSTITUTLO
2016,M,POSTROR,14,14.0,9.0,2.0,,1.0,0.6428571428571429,0.14285714285714285,,POSTITUTLO
2016,M,POSTYR,1,,,,,,,,,POSTITUTLO
2016,M,POSURO,5,5.0,4.0,,,1.0,0.8,,,POSTITUTLO
2016,M,PRE,21,17.0,13.0,1.0,,0.8095238095238095,0.6190476190476191,0.047619047619047616,,PREGRADO
2016,M,PSI,29,25.0,24.0,24.0,24.0,0.8620689655172413,0.8275862068965517,0.8275862068965517,0.8275862068965517,PREGRADO
2016,M,PUB,21,21.0,18.0,16.0,16.0,1.0,0.8571428571428571,0.7619047619047619,0.7619047619047619,PREGRADO
2016,M,QYF,22,18.0,16.0,15.0,16.0,0.8181818181818182,0.7272727272727273,0.6818181818181818,0.7272727272727273,PREGRADO
2016,M,TAI,43,40.0,36.0,19.0,7.0,0.9302325581395349,0.8372093023255814,0.4418604651162791,0.16279069767441862,PREGRADO
2016,M,TAP,34,29.0,24.0,11.0,1.0,0.8529411764705882,0.7058823529411765,0.3235294117647059,0.029411764705882353,PREGRADO
2016,M,TCI,27,25.0,24.0,11.0,2.0,0.9259259259259259,0.8888888888888888,0.4074074074074074,0.07407407407407407,PREGRADO
2016,M,TCO,43,35.0,32.0,10.0,,0.813953488372093,0.7441860465116279,0.23255813953488372,,PREGRADO
2016,M,TDI,20,15.0,11.0,4.0,2.0,0.75,0.55,0.2,0.1,PREGRADO
2016,M,TEA,20,11.0,9.0,6.0,1.0,0.55,0.45,0.3,0.05,PREGRADO
2016,M,TEC,67,50.0,40.0,12.0,3.0,0.746268656716418,0.5970149253731343,0.1791044776119403,0.04477611940298507,PREGRADO
2016,M,TEO,3,3.0,3.0,3.0,3.0,1.0,1.0,1.0,1.0,PREGRADO
2016,M,TMI,48,40.0,35.0,17.0,3.0,0.8333333333333334,0.7291666666666666,0.3541666666666667,0.0625,PREGRADO
2016,M,TQF,26,22.0,20.0,9.0,,0.8461538461538461,0.7692307692307693,0.34615384615384615,,PREGRADO
2016,M,TRD,63,34.0,5.0,3.0,,0.5396825396825397,0.07936507936507936,0.047619047619047616,,PREGRADO
2016,M,TUI,30,23.0,5.0,3.0,1.0,0.7666666666666667,0.16666666666666666,0.1,0.03333333333333333,PREGRADO
2017,F,ADMPUB,115,101.0,94.0,87.0,82.0,0.8782608695652174,0.8173913043478261,0.7565217391304347,0.7130434782608696,PREGRADO
2017,F,ARQ,39,34.0,31.0,29.0,29.0,0.8717948717948718,0.7948717948717948,0.7435897435897436,0.7435897435897436,PREGRADO
2017,F,BACHI,133,97.0,23.0,5.0,3.0,0.7293233082706767,0.17293233082706766,0.03759398496240601,0.022556390977443608,PREGRADO
2017,F,CCIV,23,20.0,15.0,6.0,6.0,0.8695652173913043,0.6521739130434783,0.2608695652173913,0.2608695652173913,PREGRADO
2017,F,CONTA,162,139.0,121.0,114.0,113.0,0.8580246913580247,0.7469135802469136,0.7037037037037037,0.6975308641975309,PREGRADO
2017,F,DERECHO,39,31.0,28.0,28.0,27.0,0.7948717948717948,0.717948717948718,0.717948717948718,0.6923076923076923,PREGRADO
2017,F,DIN,10,10.0,10.0,,,1.0,1.0,,,PREGRADO
2017,F,DIPAGR,16,,,,,,,,,DIPLOMADO
2017,F,DIPAN,5,,,,,,,,,DIPLOMADO
2017,F,DIPANP,3,,,,,,,,,DIPLOMADO
2017,F,DIPAPGP,26,,,,,,,,,DIPLOMADO
2017,F,DIPAPR,30,,,,,,,,,DIPLOMADO
2017,F,DIPBGA,14,,,,,,,,,DIPLOMADO
2017,F,DIPCGEA,13,,,,,,,,,DIPLOMADO
2017,F,DIPCH,4,,,,,,,,,DIPLOMADO
2017,F,DIPCMIP,4,,,,,,,,,DIPLOMADO
2017,F,DIPCP,2,,,,,,,,,DIPLOMADO
2017,F,DIPCSA,3,,,,,,,,,DIPLOMADO
2017,F,DIPCYC,5,,,,,,,,,DIPLOMADO
2017,F,DIPDAP,18,,,,,,,,,DIPLOMADO
2017,F,DIPDCBC,6,,,,,,,,,DIPLOMADO
2017,F,DIPDCOS,5,,,,,,,,,DIPLOMADO
2017,F,DIPDHG,4,,,,,,,,,DIPLOMADO
2017,F,DIPDPR,2,,,,,,,,,DIPLOMADO
2017,F,DIPDU,17,,,,,,,,,DIPLOMADO
2017,F,DIPEAI,6,,,,,,,,,DIPLOMADO
2017,F,DIPEESP,3,,,,,,,,,DIPLOMADO
2017,F,DIPEG,1,,,,,,,,,DIPLOMADO
2017,F,DIPEGC,2,,,,,,,,,DIPLOMADO
2017,F,DIPEIL,9,,,,,,,,,DIPLOMADO
2017,F,DIPEMP,27,,,,,,,,,DIPLOMADO
2017,F,DIPESA,35,,,,,,,,,DIPLOMADO
2017,F,DIPGA,17,,,,,,,,,DIPLOMADO
2017,F,DIPGCE,28,,,,,,,,,DIPLOMADO
2017,F,DIPGCT,3,,,,,,,,,DIPLOMADO
2017,F,DIPGEO,7,,,,,,,,,DIPLOMADO
2017,F,DIPGETP,8,,,,,,,,,DIPLOMADO
2017,F,DIPGFIN,19,,,,,,,,,DIPLOMADO
2017,F,DIPGINF,1,,,,,,,,,DIPLOMADO
2017,F,DIPGLGM,1,,,,,,,,,DIPLOMADO
2017,F,DIPGLI,5,,,,,,,,,DIPLOMADO
2017,F,DIPGLPD,16,,,,,,,,,DIPLOMADO
2017,F,DIPGPIS,36,,,,,,,,,DIPLOMADO
2017,F,DIPGR,1,,,,,,,,,DIPLOMADO
2017,F,DIPGRH,17,,,,,,,,,DIPLOMADO
2017,F,DIPGSA,59,,,,,,,,,DIPLOMADO
2017,F,DIPGSPP,6,,,,,,,,,DIPLOMADO
2017,F,DIPGT,47,,,,,,,,,DIPLOMADO
2017,F,DIPIEA,7,,,,,,,,,DIPLOMADO
2017,F,DIPIEDF,1,,,,,,,,,DIPLOMADO
2017,F,DIPIMPL,4,,,,,,,,,DIPLOMADO
2017,F,DIPLE,3,,,,,,,,,DIPLOMADO
2017,F,DIPLIJ,22,,,,,,,,,DIPLOMADO
2017,F,DIPMD,1,,,,,,,,,DIPLOMADO
2017,F,DIPMIG,11,,,,,,,,,DIPLOMADO
2017,F,DIPMME,12,,,,,,,,,DIPLOMADO
2017,F,DIPNICI,4,,,,,,,,,DIPLOMADO
2017,F,DIPNICP,7,,,,,,,,,DIPLOMADO
2017,F,DIPOTRC,30,,,,,,,,,DIPLOMADO
2017,F,DIPPCCD,19,,,,,,,,,DIPLOMADO
2017,F,DIPPD,9,,,,,,,,,DIPLOMADO
2017,F,DIPPED,10,,,,,,,,,DIPLOMADO
2017,F,DIPPGT,11,,,,,,,,,DIPLOMADO
2017,F,DIPPM,9,,,,,,,,,DIPLOMADO
2017,F,DIPRHDO,56,,,,,,,,,DIPLOMADO
2017,F,DIPTG,1,,,,,,,,,DIPLOMADO
2017,F,DIPTI,2,,,,,,,,,DIPLOMADO
2017,F,DIPTMEH,7,,,,,,,,,DIPLOMADO
2017,F,DOCBIO,5,5.0,5.0,4.0,4.0,1.0,1.0,0.8,0.8,DOCTORADO
2017,F,DOCCSADM,6,6.0,6.0,6.0,5.0,1.0,1.0,1.0,0.8333333333333334,DOCTORADO
2017,F,DOCCSING,7,7.0,6.0,6.0,6.0,1.0,0.8571428571428571,0.8571428571428571,0.8571428571428571,DOCTORADO
2017,F,DOCCSMAT,1,1.0,1.0,1.0,,1.0,1.0,1.0,,DOCTORADO
2017,F,DOCESTAM,3,3.0,3.0,3.0,3.0,1.0,1.0,1.0,1.0,DOCTORADO
2017,F,DOCHIST,1,1.0,1.0,1.0,1.0,1.0,1.0,1.0,1.0,DOCTORADO
2017,F,DOCMICROBIO,1,1.0,1.0,1.0,1.0,1.0,1.0,1.0,1.0,DOCTORADO
2017,F,DOCQUIM,5,4.0,4.0,4.0,4.0,0.8,0.8,0.8,0.8,DOCTORADO
2017,F,ENF,43,39.0,32.0,26.0,25.0,0.9069767441860465,0.7441860465116279,0.6046511627906976,0.5813953488372093,PREGRADO
2017,F,HCS,9,5.0,5.0,5.0,5.0,0.5555555555555556,0.5555555555555556,0.5555555555555556,0.5555555555555556,PREGRADO
2017,F,ICELEC,21,15.0,12.0,11.0,11.0,0.7142857142857143,0.5714285714285714,0.5238095238095238,0.5238095238095238,PREGRADO
2017,F,ICGEOG,15,8.0,6.0,6.0,6.0,0.5333333333333333,0.4,0.4,0.4,PREGRADO
2017,F,ICIND,71,63.0,55.0,46.0,46.0,0.8873239436619719,0.7746478873239436,0.647887323943662,0.647887323943662,PREGRADO
2017,F,ICINF,18,14.0,8.0,8.0,6.0,0.7777777777777778,0.4444444444444444,0.4444444444444444,0.3333333333333333,PREGRADO
2017,F,ICMEC,10,7.0,6.0,6.0,6.0,0.7,0.6,0.6,0.6,PREGRADO
2017,F,ICMET,20,17.0,12.0,10.0,9.0,0.85,0.6,0.5,0.45,PREGRADO
2017,F,ICMIN,35,22.0,22.0,20.0,19.0,0.6285714285714286,0.6285714285714286,0.5714285714285714,0.5428571428571428,PREGRADO
2017,F,ICOBR,42,33.0,30.0,27.0,23.0,0.7857142857142857,0.7142857142857143,0.6428571428571429,0.5476190476190477,PREGRADO
2017,F,ICQUIM,38,32.0,30.0,26.0,25.0,0.8421052631578947,0.7894736842105263,0.6842105263157895,0.6578947368421053,PREGRADO
2017,F,IEAMB,9,8.0,7.0,8.0,4.0,0.8888888888888888,0.7777777777777778,0.8888888888888888,0.4444444444444444,PREGRADO
2017,F,IECLIM,13,5.0,5.0,4.0,4.0,0.38461538461538464,0.38461538461538464,0.3076923076923077,0.3076923076923077,PREGRADO
2017,F,IEELEC,13,8.0,6.0,4.0,2.0,0.6153846153846154,0.46153846153846156,0.3076923076923077,0.15384615384615385,PREGRADO
2017,F,IEGEOM,15,9.0,7.0,7.0,6.0,0.6,0.4666666666666667,0.4666666666666667,0.4,PREGRADO
2017,F,IEIND,51,39.0,34.0,31.0,30.0,0.7647058823529411,0.6666666666666666,0.6078431372549019,0.5882352941176471,PREGRADO
2017,F,IEINF,9,6.0,4.0,4.0,4.0,0.6666666666666666,0.4444444444444444,0.4444444444444444,0.4444444444444444,PREGRADO
2017,F,IEMEC,12,6.0,3.0,3.0,5.0,0.5,0.25,0.25,0.4166666666666667,PREGRADO
2017,F,IEMET,11,4.0,3.0,3.0,3.0,0.36363636363636365,0.2727272727272727,0.2727272727272727,0.2727272727272727,PREGRADO
2017,F,IEMIN,19,10.0,8.0,8.0,8.0,0.5263157894736842,0.42105263157894735,0.42105263157894735,0.42105263157894735,PREGRADO
2017,F,IEQUIM,39,26.0,21.0,16.0,14.0,0.6666666666666666,0.5384615384615384,0.41025641025641024,0.358974358974359,PREGRADO
2017,F,INGAGRO,18,13.0,10.0,9.0,9.0,0.7222222222222222,0.5555555555555556,0.5,0.5,PREGRADO
2017,F,INGAL,25,23.0,20.0,19.0,19.0,0.92,0.8,0.76,0.76,PREGRADO
2017,F,INGAMB,33,18.0,14.0,14.0,13.0,0.5454545454545454,0.42424242424242425,0.42424242424242425,0.3939393939393939,PREGRADO
2017,F,INGBIO,26,17.0,10.0,10.0,10.0,0.6538461538461539,0.38461538461538464,0.38461538461538464,0.38461538461538464,PREGRADO
2017,F,INGCO,179,157.0,139.0,117.0,113.0,0.8770949720670391,0.776536312849162,0.6536312849162011,0.6312849162011173,PREGRADO
2017,F,INGEST,16,14.0,12.0,11.0,10.0,0.875,0.75,0.6875,0.625,PREGRADO
2017,F,INGFI,14,12.0,9.0,8.0,7.0,0.8571428571428571,0.6428571428571429,0.5714285714285714,0.5,PREGRADO
2017,F,INGMA,16,7.0,5.0,5.0,4.0,0.4375,0.3125,0.3125,0.25,PREGRADO
2017,F,KINE,21,18.0,17.0,17.0,17.0,0.8571428571428571,0.8095238095238095,0.8095238095238095,0.8095238095238095,PREGRADO
2017,F,LAT,38,31.0,28.0,25.0,24.0,0.8157894736842105,0.7368421052631579,0.6578947368421053,0.631578947368421,PREGRADO
2017,F,LCC,8,6.0,4.0,3.0,3.0,0.75,0.5,0.375,0.375,PREGRADO
2017,F,LEB,31,26.0,24.0,22.0,21.0,0.8387096774193549,0.7741935483870968,0.7096774193548387,0.6774193548387096,PREGRADO
2017,F,LEE,21,18.0,12.0,8.0,8.0,0.8571428571428571,0.5714285714285714,0.38095238095238093,0.38095238095238093,PREGRADO
2017,F,LICAFENDEP,8,8.0,8.0,7.0,4.0,1.0,1.0,0.875,0.5,PREGRADO
2017,F,LICAFTERAP,16,14.0,13.0,10.0,10.0,0.875,0.8125,0.625,0.625,PREGRADO
2017,F,LOG,8,4.0,1.0,,,0.5,0.125,,,PREGRADO
2017,F,LQC,18,14.0,8.0,5.0,5.0,0.7777777777777778,0.4444444444444444,0.2777777777777778,0.2777777777777778,PREGRADO
2017,F,MAGADE,24,21.0,9.0,,,0.875,0.375,,,MAGISTER
2017,F,MAGAP,5,4.0,2.0,,,0.8,0.4,,,MAGISTER
2017,F,MAGARH,8,6.0,4.0,2.0,2.0,0.75,0.5,0.25,0.25,MAGISTER
2017,F,MAGAS,5,4.0,,,1.0,0.8,,,0.2,MAGISTER
2017,F,MAGCAG,8,3.0,1.0,,,0.375,0.125,,,MAGISTER
2017,F,MAGCC,5,5.0,2.0,,,1.0,0.4,,,MAGISTER
2017,F,MAGCDI,12,11.0,5.0,1.0,1.0,0.9166666666666666,0.4166666666666667,0.08333333333333333,0.08333333333333333,MAGISTER
2017,F,MAGCE,1,1.0,,,,1.0,,,,MAGISTER
2017,F,MAGCM,2,2.0,1.0,,,1.0,0.5,,,MAGISTER
2017,F,MAGCS,5,5.0,4.0,2.0,,1.0,0.8,0.4,,MAGISTER
2017,F,MAGEDM,3,3.0,,,,1.0,,,,MAGISTER
2017,F,MAGEDU,22,22.0,2.0,,1.0,1.0,0.09090909090909091,,0.045454545454545456,MAGISTER
2017,F,MAGEF,3,3.0,2.0,1.0,1.0,1.0,0.6666666666666666,0.3333333333333333,0.3333333333333333,MAGISTER
2017,F,MAGEI,4,3.0,3.0,2.0,,0.75,0.75,0.5,,MAGISTER
2017,F,MAGEII,2,2.0,2.0,,,1.0,1.0,,,MAGISTER
2017,F,MAGFP,1,1.0,1.0,,,1.0,1.0,,,MAGISTER
2017,F,MAGGP,21,10.0,1.0,1.0,,0.47619047619047616,0.047619047619047616,0.047619047619047616,,MAGISTER
2017,F,MAGGT,4,4.0,1.0,,,1.0,0.25,,,MAGISTER
2017,F,MAGHI,6,4.0,2.0,,,0.6666666666666666,0.3333333333333333,,,MAGISTER
2017,F,MAGII,2,1.0,,,,0.5,,,,MAGISTER
2017,F,MAGIT,2,2.0,,,,1.0,,,,MAGISTER
2017,F,MAGLG,6,5.0,5.0,1.0,,0.8333333333333334,0.8333333333333334,0.16666666666666666,,MAGISTER
2017,F,MAGLI,4,4.0,3.0,,,1.0,0.75,,,MAGISTER
2017,F,MAGMA,10,10.0,4.0,,,1.0,0.4,,,MAGISTER
2017,F,MAGPE,1,1.0,,,,1.0,,,,MAGISTER
2017,F,MAGPGT,12,10.0,1.0,,,0.8333333333333334,0.08333333333333333,,,MAGISTER
2017,F,MAGPP,4,4.0,,,,1.0,,,,MAGISTER
2017,F,MAGQUI,7,7.0,3.0,2.0,1.0,1.0,0.42857142857142855,0.2857142857142857,0.14285714285714285,MAGISTER
2017,F,MED,42,41.0,41.0,41.0,41.0,0.9761904761904762,0.9761904761904762,0.9761904761904762,0.9761904761904762,PREGRADO
2017,F,MIDA,3,2.0,,,,0.6666666666666666,,,,MAGISTER
2017,F,OBP,52,51.0,49.0,46.0,45.0,0.9807692307692307,0.9423076923076923,0.8846153846153846,0.8653846153846154,PREGRADO
2017,F,PEDCAST,33,23.0,22.0,18.0,17.0,0.696969696969697,0.6666666666666666,0.5454545454545454,0.5151515151515151,PREGRADO
2017,F,PEDEDFIS,14,14.0,12.0,8.0,9.0,1.0,0.8571428571428571,0.5714285714285714,0.6428571428571429,PREGRADO
2017,F,PEDEGB,31,30.0,28.0,28.0,28.0,0.967741935483871,0.9032258064516129,0.9032258064516129,0.9032258064516129,PREGRADO
2017,F,PEDFILOS,8,6.0,5.0,5.0,5.0,0.75,0.625,0.625,0.625,PREGRADO
2017,F,PEDFISMAT,20,17.0,13.0,13.0,13.0,0.85,0.65,0.65,0.65,PREGRADO
2017,F,PEDHS,16,12.0,11.0,11.0,10.0,0.75,0.6875,0.6875,0.625,PREGRADO
2017,F,PEDINGLES,36,30.0,25.0,22.0,22.0,0.8333333333333334,0.6944444444444444,0.6111111111111112,0.6111111111111112,PREGRADO
2017,F,PEDMATCOMP,21,19.0,15.0,14.0,14.0,0.9047619047619048,0.7142857142857143,0.6666666666666666,0.6666666666666666,PREGRADO
2017,F,PEDQUIMBIO,31,27.0,26.0,25.0,22.0,0.8709677419354839,0.8387096774193549,0.8064516129032258,0.7096774193548387,PREGRADO
2017,F,PEP,8,7.0,3.0,2.0,,0.875,0.375,0.25,,PREGRADO
2017,F,PER,38,34.0,24.0,19.0,19.0,0.8947368421052632,0.631578947368421,0.5,0.5,PREGRADO
2017,F,POSACU,26,,,,,,,,,POSTITUTLO
2017,F,POSAM,1,,,,,,,,,POSTITUTLO
2017,F,POSAN,3,3.0,3.0,,,1.0,1.0,,,POSTITUTLO
2017,F,POSAPA,2,2.0,2.0,,,1.0,1.0,,,POSTITUTLO
2017,F,POSCG,1,1.0,1.0,,,1.0,1.0,,,POSTITUTLO
2017,F,POSECP,2,2.0,2.0,,,1.0,1.0,,,POSTITUTLO
2017,F,POSEDV,2,2.0,2.0,,,1.0,1.0,,,POSTITUTLO
2017,F,POSEI,3,,,,,,,,,POSTITUTLO
2017,F,POSEMI,5,5.0,4.0,1.0,,1.0,0.8,0.2,,POSTITUTLO
2017,F,POSEMIIA,1,1.0,,,,1.0,,,,POSTITUTLO
2017,F,POSENP,3,3.0,3.0,,,1.0,1.0,,,POSTITUTLO
2017,F,POSEPI,5,5.0,4.0,1.0,,1.0,0.8,0.2,,POSTITUTLO
2017,F,POSGC,19,,,,,,,,,POSTITUTLO
2017,F,POSGER,5,5.0,4.0,5.0,2.0,1.0,0.8,1.0,0.4,POSTITUTLO
2017,F,POSGO,2,2.0,2.0,,,1.0,1.0,,,POSTITUTLO
2017,F,POSIAM,1,,,,,,,,,POSTITUTLO
2017,F,POSLTRI,9,,,,,,,,,POSTITUTLO
2017,F,POSMF,1,1.0,1.0,,,1.0,1.0,,,POSTITUTLO
2017,F,POSMU,3,3.0,1.0,,,1.0,0.3333333333333333,,,POSTITUTLO
2017,F,POSNEU,2,2.0,2.0,,,1.0,1.0,,,POSTITUTLO
2017,F,POSNEUC,1,1.0,1.0,1.0,,1.0,1.0,1.0,,POSTITUTLO
2017,F,POSPA,7,6.0,6.0,1.0,1.0,0.8571428571428571,0.8571428571428571,0.14285714285714285,0.14285714285714285,POSTITUTLO
2017,F,POSPED,6,6.0,6.0,,,1.0,1.0,,,POSTITUTLO
2017,F,POSPP,14,,,,,,,,,POSTITUTLO
2017,F,POSREI,2,2.0,2.0,,,1.0,1.0,,,POSTITUTLO
2017,F,POSTROR,2,2.0,2.0,,,1.0,1.0,,,POSTITUTLO
2017,F,PRE,18,18.0,15.0,5.0,3.0,1.0,0.8333333333333334,0.2777777777777778,0.16666666666666666,PREGRADO
2017,F,PSI,52,43.0,39.0,38.0,38.0,0.8269230769230769,0.75,0.7307692307692307,0.7307692307692307,PREGRADO
2017,F,PUB,33,28.0,27.0,25.0,22.0,0.8484848484848485,0.8181818181818182,0.7575757575757576,0.6666666666666666,PREGRADO
2017,F,QYF,39,35.0,30.0,28.0,28.0,0.8974358974358975,0.7692307692307693,0.717948717948718,0.717948717948718,PREGRADO
2017,F,TAI,3,3.0,3.0,2.0,2.0,1.0,1.0,0.6666666666666666,0.6666666666666666,PREGRADO
2017,F,TAP,33,25.0,22.0,6.0,3.0,0.7575757575757576,0.6666666666666666,0.18181818181818182,0.09090909090909091,PREGRADO
2017,F,TCI,13,12.0,10.0,6.0,3.0,0.9230769230769231,0.7692307692307693,0.46153846153846156,0.23076923076923078,PREGRADO
2017,F,TCO,3,2.0,2.0,,,0.6666666666666666,0.6666666666666666,,,PREGRADO
2017,F,TDI,21,16.0,16.0,10.0,4.0,0.7619047619047619,0.7619047619047619,0.47619047619047616,0.19047619047619047,PREGRADO
2017,F,TEA,35,29.0,25.0,21.0,10.0,0.8285714285714286,0.7142857142857143,0.6,0.2857142857142857,PREGRADO
2017,F,TEC,11,5.0,5.0,2.0,1.0,0.45454545454545453,0.45454545454545453,0.18181818181818182,0.09090909090909091,PREGRADO
2017,F,TEO,31,25.0,25.0,25.0,25.0,0.8064516129032258,0.8064516129032258,0.8064516129032258,0.8064516129032258,PREGRADO
2017,F,TMI,2,2.0,1.0,1.0,,1.0,0.5,0.5,,PREGRADO
2017,F,TQF,29,27.0,23.0,9.0,3.0,0.9310344827586207,0.7931034482758621,0.3103448275862069,0.10344827586206896,PREGRADO
2017,F,TRD,52,34.0,5.0,2.0,,0.6538461538461539,0.09615384615384616,0.038461538461538464,,PREGRADO
2017,F,TUI,7,6.0,1.0,1.0,1.0,0.8571428571428571,0.14285714285714285,0.14285714285714285,0.14285714285714285,PREGRADO
2017,M,ADMPUB,82,72.0,62.0,54.0,50.0,0.8780487804878049,0.7560975609756098,0.6585365853658537,0.6097560975609756,PREGRADO
2017,M,ARQ,28,22.0,22.0,18.0,17.0,0.7857142857142857,0.7857142857142857,0.6428571428571429,0.6071428571428571,PREGRADO
2017,M,BACHI,51,39.0,9.0,1.0,,0.7647058823529411,0.17647058823529413,0.0196078431372549,,PREGRADO
2017,M,CCIV,102,87.0,71.0,39.0,30.0,0.8529411764705882,0.696078431372549,0.38235294117647056,0.29411764705882354,PREGRADO
2017,M,CONTA,106,87.0,78.0,71.0,68.0,0.8207547169811321,0.7358490566037735,0.6698113207547169,0.6415094339622641,PREGRADO
2017,M,DERECHO,25,20.0,19.0,18.0,18.0,0.8,0.76,0.72,0.72,PREGRADO
2017,M,DIN,6,6.0,6.0,,,1.0,1.0,,,PREGRADO
2017,M,DIPAGR,13,,,,,,,,,DIPLOMADO
2017,M,DIPAN,14,,,,,,,,,DIPLOMADO
2017,M,DIPANP,32,,,,,,,,,DIPLOMADO
2017,M,DIPAOC,1,,,,,,,,,DIPLOMADO
2017,M,DIPAPGP,8,,,,,,,,,DIPLOMADO
2017,M,DIPAPR,12,,,,,,,,,DIPLOMADO
2017,M,DIPBGA,26,,,,,,,,,DIPLOMADO
2017,M,DIPCGEA,15,,,,,,,,,DIPLOMADO
2017,M,DIPCH,2,,,,,,,,,DIPLOMADO
2017,M,DIPCMIP,5,,,,,,,,,DIPLOMADO
2017,M,DIPCP,2,,,,,,,,,DIPLOMADO
2017,M,DIPCSA,14,,,,,,,,,DIPLOMADO
2017,M,DIPCYC,4,,,,,,,,,DIPLOMADO
2017,M,DIPDAP,5,,,,,,,,,DIPLOMADO
2017,M,DIPDCBC,1,,,,,,,,,DIPLOMADO
2017,M,DIPDCOS,9,,,,,,,,,DIPLOMADO
2017,M,DIPDCPIG,16,,,,,,,,,DIPLOMADO
2017,M,DIPDHG,7,,,,,,,,,DIPLOMADO
2017,M,DIPDPR,9,,,,,,,,,DIPLOMADO
2017,M,DIPDU,20,,,,,,,,,DIPLOMADO
2017,M,DIPEAI,5,,,,,,,,,DIPLOMADO
2017,M,DIPEESP,6,1.0,,,,0.16666666666666666,,,,DIPLOMADO
2017,M,DIPEG,2,,,,,,,,,DIPLOMADO
2017,M,DIPEGA,2,,,,,,,,,DIPLOMADO
2017,M,DIPEGM,11,,,,,,,,,DIPLOMADO
2017,M,DIPEIL,2,,,,,,,,,DIPLOMADO
2017,M,DIPEMP,47,,,,,,,,,DIPLOMADO
2017,M,DIPESA,23,,,,,,,,,DIPLOMADO
2017,M,DIPGA,35,,,,,,,,,DIPLOMADO
2017,M,DIPGCE,3,,,,,,,,,DIPLOMADO
2017,M,DIPGCT,5,,,,,,,,,DIPLOMADO
2017,M,DIPGEO,9,,,,,,,,,DIPLOMADO
2017,M,DIPGETP,2,,,,,,,,,DIPLOMADO
2017,M,DIPGFIN,13,,,,,,,,,DIPLOMADO
2017,M,DIPGINF,12,,,,,,,,,DIPLOMADO
2017,M,DIPGLGM,4,,,,,,,,,DIPLOMADO
2017,M,DIPGLI,20,,,,,,,,,DIPLOMADO
2017,M,DIPGLPD,34,,,,,,,,,DIPLOMADO
2017,M,DIPGPIS,37,,,,,,,,,DIPLOMADO
2017,M,DIPGR,11,,,,,,,,,DIPLOMADO
2017,M,DIPGRH,4,,,,,,,,,DIPLOMADO
2017,M,DIPGSA,12,,,,,,,,,DIPLOMADO
2017,M,DIPGSPP,3,,,,,,,,,DIPLOMADO
2017,M,DIPGT,38,,,,,,,,,DIPLOMADO
2017,M,DIPIEA,26,,,,,,,,,DIPLOMADO
2017,M,DIPIEDF,16,,,,,,,,,DIPLOMADO
2017,M,DIPIMPL,20,,,,,,,,,DIPLOMADO
2017,M,DIPLE,2,,,,,,,,,DIPLOMADO
2017,M,DIPLIJ,6,,,,,,,,,DIPLOMADO
2017,M,DIPMD,5,,,,,,,,,DIPLOMADO
2017,M,DIPMIG,5,,,,,,,,,DIPLOMADO
2017,M,DIPMME,6,,,,,,,,,DIPLOMADO
2017,M,DIPNICI,7,,,,,,,,,DIPLOMADO
2017,M,DIPNICP,4,,,,,,,,,DIPLOMADO
2017,M,DIPOTRC,27,,,,,,,,,DIPLOMADO
2017,M,DIPPCCD,10,,,,,,,,,DIPLOMADO
2017,M,DIPPD,7,,,,,,,,,DIPLOMADO
2017,M,DIPPED,2,,,,,,,,,DIPLOMADO
2017,M,DIPPGT,13,,,,,,,,,DIPLOMADO
2017,M,DIPPINF,9,,,,,,,,,DIPLOMADO
2017,M,DIPPM,8,,,,,,,,,DIPLOMADO
2017,M,DIPRHDO,23,,,,,,,,,DIPLOMADO
2017,M,DIPTI,1,,,,,,,,,DIPLOMADO
2017,M,DIPTMEH,12,,,,,,,,,DIPLOMADO
2017,M,DOCBIO,1,1.0,,,,1.0,,,,DOCTORADO
2017,M,DOCCSADM,5,4.0,5.0,5.0,2.0,0.8,1.0,1.0,0.4,DOCTORADO
2017,M,DOCCSALIM,1,,,,,,,,,DOCTORADO
2017,M,DOCCSFIS,6,5.0,4.0,4.0,4.0,0.8333333333333334,0.6666666666666666,0.6666666666666666,0.6666666666666666,DOCTORADO
2017,M,DOCCSING,23,22.0,23.0,20.0,17.0,0.9565217391304348,1.0,0.8695652173913043,0.7391304347826086,DOCTORADO
2017,M,DOCESTAM,5,5.0,5.0,5.0,4.0,1.0,1.0,1.0,0.8,DOCTORADO
2017,M,DOCHIST,4,4.0,4.0,4.0,3.0,1.0,1.0,1.0,0.75,DOCTORADO
2017,M,DOCNEUROC,4,4.0,4.0,4.0,3.0,1.0,1.0,1.0,0.75,DOCTORADO
2017,M,DOCQUIM,4,3.0,3.0,3.0,3.0,0.75,0.75,0.75,0.75,DOCTORADO
2017,M,ENF,9,7.0,6.0,5.0,5.0,0.7777777777777778,0.6666666666666666,0.5555555555555556,0.5555555555555556,PREGRADO
2017,M,HCS,8,3.0,3.0,3.0,3.0,0.375,0.375,0.375,0.375,PREGRADO
2017,M,ICELEC,120,88.0,76.0,58.0,56.0,0.7333333333333333,0.6333333333333333,0.48333333333333334,0.4666666666666667,PREGRADO
2017,M,ICGEOG,26,11.0,11.0,10.0,10.0,0.4230769230769231,0.4230769230769231,0.38461538461538464,0.38461538461538464,PREGRADO
2017,M,ICIND,120,89.0,74.0,49.0,50.0,0.7416666666666667,0.6166666666666667,0.4083333333333333,0.4166666666666667,PREGRADO
2017,M,ICINF,86,61.0,50.0,39.0,38.0,0.7093023255813954,0.5813953488372093,0.45348837209302323,0.4418604651162791,PREGRADO
2017,M,ICMEC,106,79.0,61.0,54.0,53.0,0.7452830188679245,0.5754716981132075,0.5094339622641509,0.5,PREGRADO
2017,M,ICMET,38,24.0,14.0,13.0,13.0,0.631578947368421,0.3684210526315789,0.34210526315789475,0.34210526315789475,PREGRADO
2017,M,ICMIN,89,57.0,52.0,45.0,38.0,0.6404494382022472,0.5842696629213483,0.5056179775280899,0.42696629213483145,PREGRADO
2017,M,ICOBR,80,56.0,50.0,48.0,46.0,0.7,0.625,0.6,0.575,PREGRADO
2017,M,ICQUIM,32,24.0,17.0,17.0,16.0,0.75,0.53125,0.53125,0.5,PREGRADO
2017,M,IEAMB,7,5.0,5.0,4.0,1.0,0.7142857142857143,0.7142857142857143,0.5714285714285714,0.14285714285714285,PREGRADO
2017,M,IECLIM,48,24.0,18.0,16.0,16.0,0.5,0.375,0.3333333333333333,0.3333333333333333,PREGRADO
2017,M,IEELEC,157,119.0,93.0,65.0,64.0,0.7579617834394905,0.5923566878980892,0.4140127388535032,0.40764331210191085,PREGRADO
2017,M,IEGEOM,41,29.0,21.0,17.0,17.0,0.7073170731707317,0.5121951219512195,0.4146341463414634,0.4146341463414634,PREGRADO
2017,M,IEIND,102,88.0,74.0,60.0,50.0,0.8627450980392157,0.7254901960784313,0.5882352941176471,0.49019607843137253,PREGRADO
2017,M,IEINF,62,39.0,32.0,27.0,25.0,0.6290322580645161,0.5161290322580645,0.43548387096774194,0.4032258064516129,PREGRADO
2017,M,IEMEC,88,62.0,48.0,39.0,37.0,0.7045454545454546,0.5454545454545454,0.4431818181818182,0.42045454545454547,PREGRADO
2017,M,IEMET,39,25.0,15.0,14.0,13.0,0.6410256410256411,0.38461538461538464,0.358974358974359,0.3333333333333333,PREGRADO
2017,M,IEMIN,42,24.0,13.0,11.0,10.0,0.5714285714285714,0.30952380952380953,0.2619047619047619,0.23809523809523808,PREGRADO
2017,M,IEQUIM,32,27.0,18.0,15.0,15.0,0.84375,0.5625,0.46875,0.46875,PREGRADO
2017,M,INGAGRO,13,10.0,10.0,9.0,9.0,0.7692307692307693,0.7692307692307693,0.6923076923076923,0.6923076923076923,PREGRADO
2017,M,INGAL,10,9.0,9.0,9.0,9.0,0.9,0.9,0.9,0.9,PREGRADO
2017,M,INGAMB,16,8.0,7.0,6.0,6.0,0.5,0.4375,0.375,0.375,PREGRADO
2017,M,INGBIO,21,15.0,11.0,8.0,8.0,0.7142857142857143,0.5238095238095238,0.38095238095238093,0.38095238095238093,PREGRADO
2017,M,INGCO,172,152.0,139.0,118.0,115.0,0.8837209302325582,0.8081395348837209,0.686046511627907,0.6686046511627907,PREGRADO
2017,M,INGEST,27,21.0,17.0,15.0,16.0,0.7777777777777778,0.6296296296296297,0.5555555555555556,0.5925925925925926,PREGRADO
2017,M,INGFI,34,27.0,18.0,15.0,13.0,0.7941176470588235,0.5294117647058824,0.4411764705882353,0.38235294117647056,PREGRADO
2017,M,INGMA,23,18.0,11.0,8.0,9.0,0.782608695652174,0.4782608695652174,0.34782608695652173,0.391304347826087,PREGRADO
2017,M,KINE,10,9.0,8.0,7.0,7.0,0.9,0.8,0.7,0.7,PREGRADO
2017,M,LAT,9,7.0,7.0,7.0,7.0,0.7777777777777778,0.7777777777777778,0.7777777777777778,0.7777777777777778,PREGRADO
2017,M,LCC,36,30.0,21.0,15.0,15.0,0.8333333333333334,0.5833333333333334,0.4166666666666667,0.4166666666666667,PREGRADO
2017,M,LEB,11,9.0,7.0,7.0,7.0,0.8181818181818182,0.6363636363636364,0.6363636363636364,0.6363636363636364,PREGRADO
2017,M,LEE,23,19.0,15.0,14.0,13.0,0.8260869565217391,0.6521739130434783,0.6086956521739131,0.5652173913043478,PREGRADO
2017,M,LICAFENDEP,22,20.0,18.0,15.0,14.0,0.9090909090909091,0.8181818181818182,0.6818181818181818,0.6363636363636364,PREGRADO
2017,M,LICAFTERAP,6,4.0,3.0,3.0,3.0,0.6666666666666666,0.5,0.5,0.5,PREGRADO
2017,M,LOG,5,4.0,,,,0.8,,,,PREGRADO
2017,M,LQC,20,16.0,13.0,10.0,9.0,0.8,0.65,0.5,0.45,PREGRADO
2017,M,MAGADE,53,49.0,23.0,4.0,2.0,0.9245283018867925,0.4339622641509434,0.07547169811320754,0.03773584905660377,MAGISTER
2017,M,MAGAP,3,3.0,1.0,,,1.0,0.3333333333333333,,,MAGISTER
2017,M,MAGARH,5,3.0,3.0,,2.0,0.6,0.6,,0.4,MAGISTER
2017,M,MAGAS,6,5.0,2.0,,1.0,0.8333333333333334,0.3333333333333333,,0.16666666666666666,MAGISTER
2017,M,MAGCAG,14,11.0,1.0,,1.0,0.7857142857142857,0.07142857142857142,,0.07142857142857142,MAGISTER
2017,M,MAGCC,8,6.0,1.0,,,0.75,0.125,,,MAGISTER
2017,M,MAGCDI,26,21.0,12.0,1.0,1.0,0.8076923076923077,0.46153846153846156,0.038461538461538464,0.038461538461538464,MAGISTER
2017,M,MAGCE,5,4.0,3.0,,,0.8,0.6,,,MAGISTER
2017,M,MAGCM,5,5.0,2.0,,,1.0,0.4,,,MAGISTER
2017,M,MAGCS,3,3.0,2.0,2.0,,1.0,0.6666666666666666,0.6666666666666666,,MAGISTER
2017,M,MAGEDM,6,4.0,1.0,,1.0,0.6666666666666666,0.16666666666666666,,0.16666666666666666,MAGISTER
2017,M,MAGEDU,14,11.0,,,,0.7857142857142857,,,,MAGISTER
2017,M,MAGEF,19,18.0,16.0,4.0,2.0,0.9473684210526315,0.8421052631578947,0.21052631578947367,0.10526315789473684,MAGISTER
2017,M,MAGEI,3,2.0,2.0,2.0,1.0,0.6666666666666666,0.6666666666666666,0.6666666666666666,0.3333333333333333,MAGISTER
2017,M,MAGEII,15,15.0,9.0,4.0,1.0,1.0,0.6,0.26666666666666666,0.06666666666666667,MAGISTER
2017,M,MAGFC,2,2.0,2.0,1.0,1.0,1.0,1.0,0.5,0.5,MAGISTER
2017,M,MAGFP,7,7.0,2.0,,,1.0,0.2857142857142857,,,MAGISTER
2017,M,MAGGP,26,12.0,2.0,,2.0,0.46153846153846156,0.07692307692307693,,0.07692307692307693,MAGISTER
2017,M,MAGGT,6,6.0,3.0,1.0,,1.0,0.5,0.16666666666666666,,MAGISTER
2017,M,MAGHI,11,9.0,7.0,1.0,,0.8181818181818182,0.6363636363636364,0.09090909090909091,,MAGISTER
2017,M,MAGII,6,6.0,2.0,2.0,,1.0,0.3333333333333333,0.3333333333333333,,MAGISTER
2017,M,MAGIT,2,2.0,1.0,,,1.0,0.5,,,MAGISTER
2017,M,MAGLG,6,5.0,5.0,1.0,,0.8333333333333334,0.8333333333333334,0.16666666666666666,,MAGISTER
2017,M,MAGLI,1,1.0,1.0,,,1.0,1.0,,,MAGISTER
2017,M,MAGMA,19,18.0,6.0,,,0.9473684210526315,0.3157894736842105,,,MAGISTER
2017,M,MAGPE,1,1.0,,,,1.0,,,,MAGISTER
2017,M,MAGPGT,23,21.0,1.0,1.0,3.0,0.9130434782608695,0.043478260869565216,0.043478260869565216,0.13043478260869565,MAGISTER
2017,M,MAGPP,9,8.0,2.0,,,0.8888888888888888,0.2222222222222222,,,MAGISTER
2017,M,MAGQUI,5,4.0,1.0,,,0.8,0.2,,,MAGISTER
2017,M,MAGSGI,7,7.0,2.0,3.0,1.0,1.0,0.2857142857142857,0.42857142857142855,0.14285714285714285,MAGISTER
2017,M,MAGSPA,9,8.0,,1.0,,0.8888888888888888,,0.1111111111111111,,MAGISTER
2017,M,MAGTCO,8,6.0,4.0,,,0.75,0.5,,,MAGISTER
2017,M,MED,31,29.0,28.0,28.0,28.0,0.9354838709677419,0.9032258064516129,0.9032258064516129,0.9032258064516129,PREGRADO
2017,M,MIDA,3,3.0,,,,1.0,,,,MAGISTER
2017,M,OBP,6,6.0,6.0,5.0,5.0,1.0,1.0,0.8333333333333334,0.8333333333333334,PREGRADO
2017,M,PEDCAST,13,10.0,9.0,8.0,7.0,0.7692307692307693,0.6923076923076923,0.6153846153846154,0.5384615384615384,PREGRADO
2017,M,PEDEDFIS,21,15.0,12.0,12.0,11.0,0.7142857142857143,0.5714285714285714,0.5714285714285714,0.5238095238095238,PREGRADO
2017,M,PEDEGB,7,7.0,5.0,4.0,3.0,1.0,0.7142857142857143,0.5714285714285714,0.42857142857142855,PREGRADO
2017,M,PEDFILOS,9,5.0,5.0,5.0,5.0,0.5555555555555556,0.5555555555555556,0.5555555555555556,0.5555555555555556,PREGRADO
2017,M,PEDFISMAT,18,17.0,13.0,9.0,10.0,0.9444444444444444,0.7222222222222222,0.5,0.5555555555555556,PREGRADO
2017,M,PEDHS,23,19.0,17.0,15.0,15.0,0.8260869565217391,0.7391304347826086,0.6521739130434783,0.6521739130434783,PREGRADO
2017,M,PEDINGLES,19,16.0,12.0,12.0,12.0,0.8421052631578947,0.631578947368421,0.631578947368421,0.631578947368421,PREGRADO
2017,M,PEDMATCOMP,17,15.0,13.0,13.0,13.0,0.8823529411764706,0.7647058823529411,0.7647058823529411,0.7647058823529411,PREGRADO
2017,M,PEDQUIMBIO,8,6.0,6.0,6.0,6.0,0.75,0.75,0.75,0.75,PREGRADO
2017,M,PEP,8,7.0,1.0,,,0.875,0.125,,,PREGRADO
2017,M,PER,39,28.0,23.0,17.0,17.0,0.717948717948718,0.5897435897435898,0.4358974358974359,0.4358974358974359,PREGRADO
2017,M,POSACU,16,,,,,,,,,POSTITUTLO
2017,M,POSAM,4,,,,,,,,,POSTITUTLO
2017,M,POSAN,5,5.0,5.0,,,1.0,1.0,,,POSTITUTLO
2017,M,POSCG,12,12.0,11.0,1.0,,1.0,0.9166666666666666,0.08333333333333333,,POSTITUTLO
2017,M,POSEBP,1,,,,,,,,,POSTITUTLO
2017,M,POSEDV,4,4.0,4.0,,,1.0,1.0,,,POSTITUTLO
2017,M,POSEI,2,,,,,,,,,POSTITUTLO
2017,M,POSEMI,6,5.0,5.0,3.0,1.0,0.8333333333333334,0.8333333333333334,0.5,0.16666666666666666,POSTITUTLO
2017,M,POSENP,1,1.0,1.0,,,1.0,1.0,,,POSTITUTLO
2017,M,POSEPI,1,1.0,1.0,,,1.0,1.0,,,POSTITUTLO
2017,M,POSGC,10,,,,,,,,,POSTITUTLO
2017,M,POSGER,2,2.0,2.0,2.0,,1.0,1.0,1.0,,POSTITUTLO
2017,M,POSIAM,4,,,,,,,,,POSTITUTLO
2017,M,POSLTRI,18,,,,,,,,,POSTITUTLO
2017,M,POSMIIA,1,1.0,1.0,1.0,,1.0,1.0,1.0,,POSTITUTLO
2017,M,POSMU,4,4.0,4.0,,,1.0,1.0,,,POSTITUTLO
2017,M,POSNEU,5,5.0,5.0,,,1.0,1.0,,,POSTITUTLO
2017,M,POSNEUC,1,1.0,1.0,1.0,,1.0,1.0,1.0,,POSTITUTLO
2017,M,POSPA,14,13.0,13.0,,,0.9285714285714286,0.9285714285714286,,,POSTITUTLO
2017,M,POSPED,5,5.0,4.0,3.0,2.0,1.0,0.8,0.6,0.4,POSTITUTLO
2017,M,POSPP,2,,,,,,,,,POSTITUTLO
2017,M,POSREI,3,3.0,3.0,,,1.0,1.0,,,POSTITUTLO
2017,M,POSSECT,1,1.0,,,,1.0,,,,POSTITUTLO
2017,M,POSTROR,16,15.0,15.0,,,0.9375,0.9375,,,POSTITUTLO
2017,M,POSTYR,4,,,,,,,,,POSTITUTLO
2017,M,POSURO,3,3.0,3.0,,,1.0,1.0,,,POSTITUTLO
2017,M,PRE,38,34.0,32.0,1.0,1.0,0.8947368421052632,0.8421052631578947,0.02631578947368421,0.02631578947368421,PREGRADO
2017,M,PSI,14,11.0,9.0,9.0,9.0,0.7857142857142857,0.6428571428571429,0.6428571428571429,0.6428571428571429,PREGRADO
2017,M,PUB,20,18.0,17.0,17.0,17.0,0.9,0.85,0.85,0.85,PREGRADO
2017,M,QYF,12,11.0,10.0,9.0,9.0,0.9166666666666666,0.8333333333333334,0.75,0.75,PREGRADO
2017,M,TAI,35,30.0,27.0,14.0,11.0,0.8571428571428571,0.7714285714285715,0.4,0.3142857142857143,PREGRADO
2017,M,TAP,23,18.0,18.0,9.0,5.0,0.782608695652174,0.782608695652174,0.391304347826087,0.21739130434782608,PREGRADO
2017,M,TCI,24,20.0,19.0,4.0,1.0,0.8333333333333334,0.7916666666666666,0.16666666666666666,0.041666666666666664,PREGRADO
2017,M,TCO,34,27.0,24.0,8.0,6.0,0.7941176470588235,0.7058823529411765,0.23529411764705882,0.17647058823529413,PREGRADO
2017,M,TDI,16,13.0,13.0,7.0,4.0,0.8125,0.8125,0.4375,0.25,PREGRADO
2017,M,TEA,10,6.0,4.0,3.0,2.0,0.6,0.4,0.3,0.2,PREGRADO
2017,M,TEC,41,35.0,31.0,21.0,11.0,0.8536585365853658,0.7560975609756098,0.5121951219512195,0.2682926829268293,PREGRADO
2017,M,TEO,1,1.0,1.0,1.0,1.0,1.0,1.0,1.0,1.0,PREGRADO
2017,M,TMI,34,24.0,22.0,14.0,8.0,0.7058823529411765,0.6470588235294118,0.4117647058823529,0.23529411764705882,PREGRADO
2017,M,TQF,22,16.0,14.0,8.0,5.0,0.7272727272727273,0.6363636363636364,0.36363636363636365,0.22727272727272727,PREGRADO
2017,M,TRD,81,45.0,9.0,1.0,1.0,0.5555555555555556,0.1111111111111111,0.012345679012345678,0.012345679012345678,PREGRADO
2017,M,TUI,36,30.0,5.0,3.0,2.0,0.8333333333333334,0.1388888888888889,0.08333333333333333,0.05555555555555555,PREGRADO
2018,F,ADMPUB,124,106.0,101.0,92.0,86.0,0.8548387096774194,0.8145161290322581,0.7419354838709677,0.6935483870967742,PREGRADO
2018,F,ARQ,34,33.0,31.0,31.0,30.0,0.9705882352941176,0.9117647058823529,0.9117647058823529,0.8823529411764706,PREGRADO
2018,F,BACHI,137,81.0,10.0,,,0.5912408759124088,0.072992700729927,,,PREGRADO
2018,F,CCIV,27,24.0,20.0,21.0,7.0,0.8888888888888888,0.7407407407407407,0.7777777777777778,0.25925925925925924,PREGRADO
2018,F,CONTA,175,152.0,136.0,133.0,125.0,0.8685714285714285,0.7771428571428571,0.76,0.7142857142857143,PREGRADO
2018,F,DERECHO,57,42.0,35.0,35.0,35.0,0.7368421052631579,0.6140350877192983,0.6140350877192983,0.6140350877192983,PREGRADO
2018,F,DIN,8,6.0,1.0,3.0,1.0,0.75,0.125,0.375,0.125,PREGRADO
2018,F,DIPAGR,6,,,,,,,,,DIPLOMADO
2018,F,DIPAN,8,,,,,,,,,DIPLOMADO
2018,F,DIPAOC,3,,,,,,,,,DIPLOMADO
2018,F,DIPAPGP,69,,,,,,,,,DIPLOMADO
2018,F,DIPAPR,36,,,,,,,,,DIPLOMADO
2018,F,DIPART,42,,,,,,,,,DIPLOMADO
2018,F,DIPCAIS,10,,,,,,,,,DIPLOMADO
2018,F,DIPCF,2,,,,,,,,,DIPLOMADO
2018,F,DIPCGAE,35,,,,,,,,,DIPLOMADO
2018,F,DIPCOM,4,,,,,,,,,DIPLOMADO
2018,F,DIPCOR,7,,,,,,,,,DIPLOMADO
2018,F,DIPCUI,3,,,,,,,,,DIPLOMADO
2018,F,DIPCYC,9,,,,,,,,,DIPLOMADO
2018,F,DIPDCBC,4,,,,,,,,,DIPLOMADO
2018,F,DIPDCOS,9,,,,,,,,,DIPLOMADO
2018,F,DIPDCPIG,1,,,,,,,,,DIPLOMADO
2018,F,DIPDELES,55,,,,,,,,,DIPLOMADO
2018,F,DIPDHG,28,,,,,,,,,DIPLOMADO
2018,F,DIPDIES,29,,,,,,,,,DIPLOMADO
2018,F,DIPDU,9,,,,,,,,,DIPLOMADO
2018,F,DIPEAI,14,,,,,,,,,DIPLOMADO
2018,F,DIPEAV,3,,,,,,,,,DIPLOMADO
2018,F,DIPEFI,3,,,,,,,,,DIPLOMADO
2018,F,DIPEG,2,,,,,,,,,DIPLOMADO
2018,F,DIPEGA,2,,,,,,,,,DIPLOMADO
2018,F,DIPEGC,37,,,,,,,,,DIPLOMADO
2018,F,DIPEGCO,6,,,,,,,,,DIPLOMADO
2018,F,DIPEGM,2,,,,,,,,,DIPLOMADO
2018,F,DIPEGR,8,,,,,,,,,DIPLOMADO
2018,F,DIPEIL,18,,,,,,,,,DIPLOMADO
2018,F,DIPELE,6,,,,,,,,,DIPLOMADO
2018,F,DIPFCC,4,,,,,,,,,DIPLOMADO
2018,F,DIPFPIT,2,,,,,,,,,DIPLOMADO
2018,F,DIPGA,11,,,,,,,,,DIPLOMADO
2018,F,DIPGEO,14,,,,,,,,,DIPLOMADO
2018,F,DIPGFIN,8,,,,,,,,,DIPLOMADO
2018,F,DIPGLI,5,,,,,,,,,DIPLOMADO
2018,F,DIPGLPD,11,,,,,,,,,DIPLOMADO
2018,F,DIPGPIS,38,,,,,,,,,DIPLOMADO
2018,F,DIPGR,2,,,,,,,,,DIPLOMADO
2018,F,DIPGRH,11,,,,,,,,,DIPLOMADO
2018,F,DIPGSA,37,,,,,,,,,DIPLOMADO
2018,F,DIPGT,23,,,,,,,,,DIPLOMADO
2018,F,DIPIEA,9,,,,,,,,,DIPLOMADO
2018,F,DIPIEDF,1,,,,,,,,,DIPLOMADO
2018,F,DIPITSO,5,,,,,,,,,DIPLOMADO
2018,F,DIPLI,15,,,,,,,,,DIPLOMADO
2018,F,DIPLIJ,15,,,,,,,,,DIPLOMADO
2018,F,DIPMAD,7,,,,,,,,,DIPLOMADO
2018,F,DIPMCOM,1,,,,,,,,,DIPLOMADO
2018,F,DIPMD,3,,,,,,,,,DIPLOMADO
2018,F,DIPMME,30,,1.0,,,,0.03333333333333333,,,DIPLOMADO
2018,F,DIPNAH,66,,,,,,,,,DIPLOMADO
2018,F,DIPNICP,6,,,,,,,,,DIPLOMADO
2018,F,DIPOTRC,3,,,,,,,,,DIPLOMADO
2018,F,DIPPD,2,,,,,,,,,DIPLOMADO
2018,F,DIPPED,4,,,,,,,,,DIPLOMADO
2018,F,DIPPM,3,,,,,,,,,DIPLOMADO
2018,F,DIPPRSEP,2,,,,,,,,,DIPLOMADO
2018,F,DIPRHDO,62,,,,,,,,,DIPLOMADO
2018,F,DIPROCN,2,,,,,,,,,DIPLOMADO
2018,F,DIPTI,1,,,,,,,,,DIPLOMADO
2018,F,DIPTMEH,6,,,,,,,,,DIPLOMADO
2018,F,DOCBIO,1,1.0,1.0,1.0,1.0,1.0,1.0,1.0,1.0,DOCTORADO
2018,F,DOCCSADM,2,2.0,2.0,1.0,2.0,1.0,1.0,0.5,1.0,DOCTORADO
2018,F,DOCCSALIM,2,2.0,2.0,2.0,2.0,1.0,1.0,1.0,1.0,DOCTORADO
2018,F,DOCCSFIS,1,1.0,1.0,,,1.0,1.0,,,DOCTORADO
2018,F,DOCCSING,3,2.0,2.0,2.0,2.0,0.6666666666666666,0.6666666666666666,0.6666666666666666,0.6666666666666666,DOCTORADO
2018,F,DOCESTAM,7,7.0,7.0,7.0,7.0,1.0,1.0,1.0,1.0,DOCTORADO
2018,F,DOCHIST,3,3.0,3.0,3.0,3.0,1.0,1.0,1.0,1.0,DOCTORADO
2018,F,DOCMICROBIO,1,1.0,1.0,1.0,1.0,1.0,1.0,1.0,1.0,DOCTORADO
2018,F,DOCNEUROC,2,2.0,2.0,2.0,1.0,1.0,1.0,1.0,0.5,DOCTORADO
2018,F,DOCQUIM,1,1.0,1.0,1.0,1.0,1.0,1.0,1.0,1.0,DOCTORADO
2018,F,ENF,49,37.0,33.0,34.0,33.0,0.7551020408163265,0.673469387755102,0.6938775510204082,0.673469387755102,PREGRADO
2018,F,HCS,17,13.0,8.0,7.0,8.0,0.7647058823529411,0.47058823529411764,0.4117647058823529,0.47058823529411764,PREGRADO
2018,F,ICELEC,10,8.0,6.0,6.0,5.0,0.8,0.6,0.6,0.5,PREGRADO
2018,F,ICGEOG,21,12.0,6.0,6.0,6.0,0.5714285714285714,0.2857142857142857,0.2857142857142857,0.2857142857142857,PREGRADO
2018,F,ICIND,80,63.0,56.0,46.0,38.0,0.7875,0.7,0.575,0.475,PREGRADO
2018,F,ICINF,20,16.0,12.0,10.0,9.0,0.8,0.6,0.5,0.45,PREGRADO
2018,F,ICMEC,21,17.0,14.0,14.0,11.0,0.8095238095238095,0.6666666666666666,0.6666666666666666,0.5238095238095238,PREGRADO
2018,F,ICMET,17,6.0,6.0,6.0,6.0,0.35294117647058826,0.35294117647058826,0.35294117647058826,0.35294117647058826,PREGRADO
2018,F,ICMIN,37,26.0,22.0,23.0,21.0,0.7027027027027027,0.5945945945945946,0.6216216216216216,0.5675675675675675,PREGRADO
2018,F,ICOBR,37,23.0,22.0,21.0,21.0,0.6216216216216216,0.5945945945945946,0.5675675675675675,0.5675675675675675,PREGRADO
2018,F,ICQUIM,40,30.0,21.0,22.0,22.0,0.75,0.525,0.55,0.55,PREGRADO
2018,F,IEAMB,7,3.0,2.0,2.0,,0.42857142857142855,0.2857142857142857,0.2857142857142857,,PREGRADO
2018,F,IECLIM,13,4.0,2.0,2.0,2.0,0.3076923076923077,0.15384615384615385,0.15384615384615385,0.15384615384615385,PREGRADO
2018,F,IEELEC,15,11.0,11.0,11.0,7.0,0.7333333333333333,0.7333333333333333,0.7333333333333333,0.4666666666666667,PREGRADO
2018,F,IEGEOM,24,13.0,14.0,11.0,11.0,0.5416666666666666,0.5833333333333334,0.4583333333333333,0.4583333333333333,PREGRADO
2018,F,IEIND,58,40.0,35.0,28.0,19.0,0.6896551724137931,0.603448275862069,0.4827586206896552,0.3275862068965517,PREGRADO
2018,F,IEINF,10,6.0,5.0,5.0,3.0,0.6,0.5,0.5,0.3,PREGRADO
2018,F,IEMEC,9,6.0,5.0,5.0,5.0,0.6666666666666666,0.5555555555555556,0.5555555555555556,0.5555555555555556,PREGRADO
2018,F,IEMET,10,10.0,8.0,8.0,7.0,1.0,0.8,0.8,0.7,PREGRADO
2018,F,IEMIN,21,15.0,13.0,13.0,13.0,0.7142857142857143,0.6190476190476191,0.6190476190476191,0.6190476190476191,PREGRADO
2018,F,IEQUIM,25,16.0,12.0,10.0,10.0,0.64,0.48,0.4,0.4,PREGRADO
2018,F,INGAGRO,25,21.0,18.0,18.0,17.0,0.84,0.72,0.72,0.68,PREGRADO
2018,F,INGAL,26,19.0,19.0,19.0,18.0,0.7307692307692307,0.7307692307692307,0.7307692307692307,0.6923076923076923,PREGRADO
2018,F,INGAMB,38,28.0,23.0,21.0,21.0,0.7368421052631579,0.6052631578947368,0.5526315789473685,0.5526315789473685,PREGRADO
2018,F,INGBIO,25,20.0,20.0,18.0,18.0,0.8,0.8,0.72,0.72,PREGRADO
2018,F,INGCO,217,183.0,174.0,163.0,136.0,0.8433179723502304,0.8018433179723502,0.7511520737327189,0.6267281105990783,PREGRADO
2018,F,INGEST,19,19.0,15.0,16.0,13.0,1.0,0.7894736842105263,0.8421052631578947,0.6842105263157895,PREGRADO
2018,F,INGFI,14,9.0,6.0,6.0,6.0,0.6428571428571429,0.42857142857142855,0.42857142857142855,0.42857142857142855,PREGRADO
2018,F,INGMA,20,10.0,3.0,3.0,3.0,0.5,0.15,0.15,0.15,PREGRADO
2018,F,KINE,16,12.0,12.0,12.0,12.0,0.75,0.75,0.75,0.75,PREGRADO
2018,F,LAT,32,29.0,28.0,26.0,25.0,0.90625,0.875,0.8125,0.78125,PREGRADO
2018,F,LCC,13,5.0,3.0,3.0,3.0,0.38461538461538464,0.23076923076923078,0.23076923076923078,0.23076923076923078,PREGRADO
2018,F,LEB,30,21.0,19.0,18.0,17.0,0.7,0.6333333333333333,0.6,0.5666666666666667,PREGRADO
2018,F,LEE,38,33.0,30.0,26.0,25.0,0.868421052631579,0.7894736842105263,0.6842105263157895,0.6578947368421053,PREGRADO
2018,F,LICAFENDEP,10,7.0,5.0,4.0,3.0,0.7,0.5,0.4,0.3,PREGRADO
2018,F,LICAFTERAP,13,10.0,9.0,9.0,8.0,0.7692307692307693,0.6923076923076923,0.6923076923076923,0.6153846153846154,PREGRADO
2018,F,LOG,2,2.0,,,,1.0,,,,PREGRADO
2018,F,LQC,26,19.0,15.0,14.0,14.0,0.7307692307692307,0.5769230769230769,0.5384615384615384,0.5384615384615384,PREGRADO
2018,F,MAGADE,28,28.0,10.0,3.0,,1.0,0.35714285714285715,0.10714285714285714,,MAGISTER
2018,F,MAGAP,9,7.0,1.0,,,0.7777777777777778,0.1111111111111111,,,MAGISTER
2018,F,MAGARH,5,5.0,2.0,1.0,3.0,1.0,0.4,0.2,0.6,MAGISTER
2018,F,MAGCAG,6,6.0,,,,1.0,,,,MAGISTER
2018,F,MAGCC,4,2.0,1.0,,,0.5,0.25,,,MAGISTER
2018,F,MAGCDI,8,7.0,6.0,,1.0,0.875,0.75,,0.125,MAGISTER
2018,F,MAGCE,2,1.0,1.0,1.0,,0.5,0.5,0.5,,MAGISTER
2018,F,MAGCM,2,1.0,,,,0.5,,,,MAGISTER
2018,F,MAGCS,7,6.0,4.0,2.0,1.0,0.8571428571428571,0.5714285714285714,0.2857142857142857,0.14285714285714285,MAGISTER
2018,F,MAGCSF,1,1.0,,,,1.0,,,,MAGISTER
2018,F,MAGEDU,29,23.0,12.0,2.0,,0.7931034482758621,0.41379310344827586,0.06896551724137931,,MAGISTER
2018,F,MAGEF,5,3.0,2.0,2.0,1.0,0.6,0.4,0.4,0.2,MAGISTER
2018,F,MAGEI,4,4.0,3.0,3.0,,1.0,0.75,0.75,,MAGISTER
2018,F,MAGEII,4,4.0,4.0,3.0,1.0,1.0,1.0,0.75,0.25,MAGISTER
2018,F,MAGFC,4,4.0,4.0,3.0,,1.0,1.0,0.75,,MAGISTER
2018,F,MAGFIN,6,5.0,3.0,2.0,,0.8333333333333334,0.5,0.3333333333333333,,MAGISTER
2018,F,MAGFP,1,1.0,,,,1.0,,,,MAGISTER
2018,F,MAGGP,16,11.0,2.0,,2.0,0.6875,0.125,,0.125,MAGISTER
2018,F,MAGGT,2,,1.0,,,,0.5,,,MAGISTER
2018,F,MAGHI,5,4.0,4.0,,,0.8,0.8,,,MAGISTER
2018,F,MAGII,2,2.0,1.0,,,1.0,0.5,,,MAGISTER
2018,F,MAGIT,3,3.0,1.0,1.0,,1.0,0.3333333333333333,0.3333333333333333,,MAGISTER
2018,F,MAGLG,6,4.0,2.0,1.0,,0.6666666666666666,0.3333333333333333,0.16666666666666666,,MAGISTER
2018,F,MAGLI,9,7.0,6.0,1.0,,0.7777777777777778,0.6666666666666666,0.1111111111111111,,MAGISTER
2018,F,MAGMA,12,12.0,2.0,1.0,,1.0,0.16666666666666666,0.08333333333333333,,MAGISTER
2018,F,MAGPED,4,4.0,,,,1.0,,,,MAGISTER
2018,F,MAGPGT,5,4.0,,,,0.8,,,,MAGISTER
2018,F,MAGPP,8,7.0,,,,0.875,,,,MAGISTER
2018,F,MAGQUI,4,4.0,3.0,1.0,1.0,1.0,0.75,0.25,0.25,MAGISTER
2018,F,MAGSGI,4,4.0,,2.0,,1.0,,0.5,,MAGISTER
2018,F,MAGTA,2,2.0,1.0,,,1.0,0.5,,,MAGISTER
2018,F,MED,56,52.0,48.0,47.0,46.0,0.9285714285714286,0.8571428571428571,0.8392857142857143,0.8214285714285714,PREGRADO
2018,F,MIDA,3,2.0,,,,0.6666666666666666,,,,MAGISTER
2018,F,OBP,59,55.0,51.0,49.0,46.0,0.9322033898305084,0.864406779661017,0.8305084745762712,0.7796610169491526,PREGRADO
2018,F,PEDCAST,40,34.0,28.0,25.0,24.0,0.85,0.7,0.625,0.6,PREGRADO
2018,F,PEDEDFIS,15,13.0,12.0,13.0,12.0,0.8666666666666667,0.8,0.8666666666666667,0.8,PREGRADO
2018,F,PEDEGB,35,30.0,29.0,27.0,26.0,0.8571428571428571,0.8285714285714286,0.7714285714285715,0.7428571428571429,PREGRADO
2018,F,PEDFILOS,8,4.0,4.0,4.0,4.0,0.5,0.5,0.5,0.5,PREGRADO
2018,F,PEDFISMAT,27,24.0,21.0,16.0,16.0,0.8888888888888888,0.7777777777777778,0.5925925925925926,0.5925925925925926,PREGRADO
2018,F,PEDHS,23,18.0,16.0,16.0,15.0,0.782608695652174,0.6956521739130435,0.6956521739130435,0.6521739130434783,PREGRADO
2018,F,PEDINGLES,37,32.0,30.0,26.0,27.0,0.8648648648648649,0.8108108108108109,0.7027027027027027,0.7297297297297297,PREGRADO
2018,F,PEDMATCOMP,32,29.0,27.0,27.0,25.0,0.90625,0.84375,0.84375,0.78125,PREGRADO
2018,F,PEDQUIMBIO,32,25.0,23.0,23.0,22.0,0.78125,0.71875,0.71875,0.6875,PREGRADO
2018,F,PEP,8,8.0,5.0,,1.0,1.0,0.625,,0.125,PREGRADO
2018,F,PER,36,27.0,23.0,24.0,22.0,0.75,0.6388888888888888,0.6666666666666666,0.6111111111111112,PREGRADO
2018,F,POSACU,23,,,,,,,,,POSTITUTLO
2018,F,POSAM,2,,,,,,,,,POSTITUTLO
2018,F,POSAN,5,5.0,5.0,,,1.0,1.0,,,POSTITUTLO
2018,F,POSAPA,1,1.0,1.0,,,1.0,1.0,,,POSTITUTLO
2018,F,POSCG,3,2.0,2.0,1.0,,0.6666666666666666,0.6666666666666666,0.3333333333333333,,POSTITUTLO
2018,F,POSCI,3,,,,,,,,,POSTITUTLO
2018,F,POSECP,2,2.0,2.0,,,1.0,1.0,,,POSTITUTLO
2018,F,POSEDV,3,3.0,3.0,,,1.0,1.0,,,POSTITUTLO
2018,F,POSEMI,7,7.0,6.0,,,1.0,0.8571428571428571,,,POSTITUTLO
2018,F,POSENP,1,1.0,1.0,,,1.0,1.0,,,POSTITUTLO
2018,F,POSEPI,10,9.0,9.0,2.0,1.0,0.9,0.9,0.2,0.1,POSTITUTLO
2018,F,POSGC,15,,,,,,,,,POSTITUTLO
2018,F,POSGER,4,4.0,4.0,4.0,2.0,1.0,1.0,1.0,0.5,POSTITUTLO
2018,F,POSGO,1,1.0,1.0,,,1.0,1.0,,,POSTITUTLO
2018,F,POSIMH,1,,,,,,,,,POSTITUTLO
2018,F,POSLTRI,6,,,,,,,,,POSTITUTLO
2018,F,POSMDAF,3,2.0,2.0,,,0.6666666666666666,0.6666666666666666,,,POSTITUTLO
2018,F,POSMF,4,4.0,4.0,,,1.0,1.0,,,POSTITUTLO
2018,F,POSMIIA,1,1.0,1.0,1.0,,1.0,1.0,1.0,,POSTITUTLO
2018,F,POSMU,1,1.0,1.0,1.0,,1.0,1.0,1.0,,POSTITUTLO
2018,F,POSNEU,1,1.0,1.0,,,1.0,1.0,,,POSTITUTLO
2018,F,POSNEUP,1,,,,,,,,,POSTITUTLO
2018,F,POSPA,9,8.0,8.0,,,0.8888888888888888,0.8888888888888888,,,POSTITUTLO
2018,F,POSPED,8,6.0,5.0,1.0,,0.75,0.625,0.125,,POSTITUTLO
2018,F,POSREI,1,1.0,1.0,1.0,,1.0,1.0,1.0,,POSTITUTLO
2018,F,POSTROR,8,5.0,5.0,2.0,,0.625,0.625,0.25,,POSTITUTLO
2018,F,POSURO,2,2.0,2.0,,,1.0,1.0,,,POSTITUTLO
2018,F,PRE,16,14.0,12.0,1.0,,0.875,0.75,0.0625,,PREGRADO
2018,F,PSI,64,50.0,48.0,47.0,45.0,0.78125,0.75,0.734375,0.703125,PREGRADO
2018,F,PUB,37,26.0,24.0,23.0,23.0,0.7027027027027027,0.6486486486486487,0.6216216216216216,0.6216216216216216,PREGRADO
2018,F,QYF,43,37.0,32.0,32.0,30.0,0.8604651162790697,0.7441860465116279,0.7441860465116279,0.6976744186046512,PREGRADO
2018,F,TAI,2,1.0,1.0,1.0,,0.5,0.5,0.5,,PREGRADO
2018,F,TAP,35,30.0,27.0,20.0,4.0,0.8571428571428571,0.7714285714285715,0.5714285714285714,0.11428571428571428,PREGRADO
2018,F,TCI,9,6.0,4.0,4.0,,0.6666666666666666,0.4444444444444444,0.4444444444444444,,PREGRADO
2018,F,TCO,8,6.0,5.0,5.0,1.0,0.75,0.625,0.625,0.125,PREGRADO
2018,F,TDI,10,8.0,7.0,7.0,1.0,0.8,0.7,0.7,0.1,PREGRADO
2018,F,TEA,24,16.0,10.0,9.0,4.0,0.6666666666666666,0.4166666666666667,0.375,0.16666666666666666,PREGRADO
2018,F,TEC,12,11.0,10.0,11.0,3.0,0.9166666666666666,0.8333333333333334,0.9166666666666666,0.25,PREGRADO
2018,F,TEO,37,35.0,35.0,34.0,32.0,0.9459459459459459,0.9459459459459459,0.918918918918919,0.8648648648648649,PREGRADO
2018,F,TQF,32,30.0,27.0,22.0,6.0,0.9375,0.84375,0.6875,0.1875,PREGRADO
2018,F,TRD,42,33.0,3.0,,,0.7857142857142857,0.07142857142857142,,,PREGRADO
2018,F,TUI,10,8.0,2.0,1.0,,0.8,0.2,0.1,,PREGRADO
2018,M,ADMPUB,71,61.0,58.0,53.0,48.0,0.8591549295774648,0.8169014084507042,0.7464788732394366,0.676056338028169,PREGRADO
2018,M,ARQ,38,30.0,32.0,30.0,29.0,0.7894736842105263,0.8421052631578947,0.7894736842105263,0.7631578947368421,PREGRADO
2018,M,BACHI,64,42.0,12.0,3.0,1.0,0.65625,0.1875,0.046875,0.015625,PREGRADO
2018,M,CCIV,103,85.0,65.0,49.0,25.0,0.8252427184466019,0.6310679611650486,0.47572815533980584,0.24271844660194175,PREGRADO
2018,M,CONTA,116,94.0,87.0,84.0,80.0,0.8103448275862069,0.75,0.7241379310344828,0.6896551724137931,PREGRADO
2018,M,DERECHO,28,24.0,20.0,19.0,19.0,0.8571428571428571,0.7142857142857143,0.6785714285714286,0.6785714285714286,PREGRADO
2018,M,DIN,5,5.0,3.0,,,1.0,0.6,,,PREGRADO
2018,M,DIPAGR,18,,,,,,,,,DIPLOMADO
2018,M,DIPAN,16,,,,,,,,,DIPLOMADO
2018,M,DIPAOC,18,,,,,,,,,DIPLOMADO
2018,M,DIPAPGP,20,,,,,,,,,DIPLOMADO
2018,M,DIPAPR,18,,,,,,,,,DIPLOMADO
2018,M,DIPART,31,,,,,,,,,DIPLOMADO
2018,M,DIPCAIS,1,,,,,,,,,DIPLOMADO
2018,M,DIPCF,7,,,,,,,,,DIPLOMADO
2018,M,DIPCGAE,31,,,,,,,,,DIPLOMADO
2018,M,DIPCOM,4,,,,,,,,,DIPLOMADO
2018,M,DIPCOR,3,,,,,,,,,DIPLOMADO
2018,M,DIPCSA,9,,,,,,,,,DIPLOMADO
2018,M,DIPCUI,2,,,,,,,,,DIPLOMADO
2018,M,DIPCYC,4,,,,,,,,,DIPLOMADO
2018,M,DIPDCBC,5,,,,,,,,,DIPLOMADO
2018,M,DIPDCOS,20,,,,,,,,,DIPLOMADO
2018,M,DIPDCPIG,12,,,,,,,,,DIPLOMADO
2018,M,DIPDELES,46,,,,,,,,,DIPLOMADO
2018,M,DIPDHG,68,,,,,,,,,DIPLOMADO
2018,M,DIPDIES,10,,,,,,,,,DIPLOMADO
2018,M,DIPDU,4,,,,,,,,,DIPLOMADO
2018,M,DIPEAI,16,,,,,,,,,DIPLOMADO
2018,M,DIPEAV,3,,,,,,,,,DIPLOMADO
2018,M,DIPEFI,2,,,,,,,,,DIPLOMADO
2018,M,DIPEGA,1,,,,,,,,,DIPLOMADO
2018,M,DIPEGC,17,,,,,,,,,DIPLOMADO
2018,M,DIPEGCO,4,,,,,,,,,DIPLOMADO
2018,M,DIPEGM,9,,,,,,,,,DIPLOMADO
2018,M,DIPEGR,13,,,,,,,,,DIPLOMADO
2018,M,DIPEIL,4,,,,,,,,,DIPLOMADO
2018,M,DIPELE,2,,,,,,,,,DIPLOMADO
2018,M,DIPFCC,1,,,,,,,,,DIPLOMADO
2018,M,DIPFPIT,16,,,,,,,,,DIPLOMADO
2018,M,DIPGA,27,,,,,,,,,DIPLOMADO
2018,M,DIPGEO,13,,,,,,,,,DIPLOMADO
2018,M,DIPGFIN,18,,,,,,,,,DIPLOMADO
2018,M,DIPGFM,1,,,,,,,,,DIPLOMADO
2018,M,DIPGLI,18,,,,,,,,,DIPLOMADO
2018,M,DIPGLPD,28,,,,,,,,,DIPLOMADO
2018,M,DIPGPIS,19,,,,,,,,,DIPLOMADO
2018,M,DIPGR,14,,,,,,,,,DIPLOMADO
2018,M,DIPGRH,4,,,,,,,,,DIPLOMADO
2018,M,DIPGSA,11,,,,,,,,,DIPLOMADO
2018,M,DIPGSSO,1,,,,,,,,,DIPLOMADO
2018,M,DIPGT,18,,,,,,,,,DIPLOMADO
2018,M,DIPIEA,15,,,,,,,,,DIPLOMADO
2018,M,DIPIEDF,8,,,,,,,,,DIPLOMADO
2018,M,DIPITSO,11,,,,,,,,,DIPLOMADO
2018,M,DIPLI,22,,,,,,,,,DIPLOMADO
2018,M,DIPLIJ,4,,,,,,,,,DIPLOMADO
2018,M,DIPMAD,10,,,,,,,,,DIPLOMADO
2018,M,DIPMCOM,17,,,,,,,,,DIPLOMADO
2018,M,DIPMD,11,,,,,,,,,DIPLOMADO
2018,M,DIPMME,16,,,,,,,,,DIPLOMADO
2018,M,DIPNAH,22,,,,,,,,,DIPLOMADO
2018,M,DIPNICP,15,,,,,,,,,DIPLOMADO
2018,M,DIPOTRC,7,,,,,,,,,DIPLOMADO
2018,M,DIPPD,6,,,,,,,,,DIPLOMADO
2018,M,DIPPED,3,,,,,,,,,DIPLOMADO
2018,M,DIPPINF,1,,,,,,,,,DIPLOMADO
2018,M,DIPPM,7,,,,,,,,,DIPLOMADO
2018,M,DIPPRSEP,22,,,,,,,,,DIPLOMADO
2018,M,DIPRHDO,28,,,,,,,,,DIPLOMADO
2018,M,DIPROCN,2,,,,,,,,,DIPLOMADO
2018,M,DIPTI,1,,,,,,,,,DIPLOMADO
2018,M,DIPTMEH,5,,,,,,,,,DIPLOMADO
2018,M,DOCBIO,2,1.0,1.0,1.0,1.0,0.5,0.5,0.5,0.5,DOCTORADO
2018,M,DOCCSADM,7,7.0,7.0,7.0,6.0,1.0,1.0,1.0,0.8571428571428571,DOCTORADO
2018,M,DOCCSALIM,2,2.0,2.0,2.0,2.0,1.0,1.0,1.0,1.0,DOCTORADO
2018,M,DOCCSFIS,3,3.0,2.0,2.0,1.0,1.0,0.6666666666666666,0.6666666666666666,0.3333333333333333,DOCTORADO
2018,M,DOCCSING,28,27.0,26.0,26.0,16.0,0.9642857142857143,0.9285714285714286,0.9285714285714286,0.5714285714285714,DOCTORADO
2018,M,DOCCSMAT,3,2.0,2.0,2.0,2.0,0.6666666666666666,0.6666666666666666,0.6666666666666666,0.6666666666666666,DOCTORADO
2018,M,DOCESTAM,7,7.0,7.0,7.0,6.0,1.0,1.0,1.0,0.8571428571428571,DOCTORADO
2018,M,DOCHIST,3,2.0,2.0,1.0,1.0,0.6666666666666666,0.6666666666666666,0.3333333333333333,0.3333333333333333,DOCTORADO
2018,M,DOCMICROBIO,3,2.0,2.0,2.0,2.0,0.6666666666666666,0.6666666666666666,0.6666666666666666,0.6666666666666666,DOCTORADO
2018,M,DOCQUIM,3,3.0,3.0,3.0,3.0,1.0,1.0,1.0,1.0,DOCTORADO
2018,M,ENF,15,12.0,12.0,11.0,11.0,0.8,0.8,0.7333333333333333,0.7333333333333333,PREGRADO
2018,M,HCS,13,9.0,8.0,7.0,7.0,0.6923076923076923,0.6153846153846154,0.5384615384615384,0.5384615384615384,PREGRADO
2018,M,ICELEC,136,104.0,86.0,86.0,72.0,0.7647058823529411,0.6323529411764706,0.6323529411764706,0.5294117647058824,PREGRADO
2018,M,ICGEOG,22,12.0,9.0,9.0,9.0,0.5454545454545454,0.4090909090909091,0.4090909090909091,0.4090909090909091,PREGRADO
2018,M,ICIND,119,93.0,81.0,72.0,58.0,0.7815126050420168,0.680672268907563,0.6050420168067226,0.48739495798319327,PREGRADO
2018,M,ICINF,98,74.0,61.0,57.0,52.0,0.7551020408163265,0.6224489795918368,0.5816326530612245,0.5306122448979592,PREGRADO
2018,M,ICMEC,125,99.0,77.0,72.0,63.0,0.792,0.616,0.576,0.504,PREGRADO
2018,M,ICMET,52,33.0,30.0,28.0,26.0,0.6346153846153846,0.5769230769230769,0.5384615384615384,0.5,PREGRADO
2018,M,ICMIN,93,69.0,56.0,53.0,43.0,0.7419354838709677,0.6021505376344086,0.5698924731182796,0.46236559139784944,PREGRADO
2018,M,ICOBR,81,62.0,58.0,56.0,46.0,0.7654320987654321,0.7160493827160493,0.691358024691358,0.5679012345679012,PREGRADO
2018,M,ICQUIM,33,23.0,21.0,21.0,18.0,0.696969696969697,0.6363636363636364,0.6363636363636364,0.5454545454545454,PREGRADO
2018,M,IEAMB,13,3.0,3.0,3.0,1.0,0.23076923076923078,0.23076923076923078,0.23076923076923078,0.07692307692307693,PREGRADO
2018,M,IECLIM,48,25.0,19.0,17.0,16.0,0.5208333333333334,0.3958333333333333,0.3541666666666667,0.3333333333333333,PREGRADO
2018,M,IEELEC,144,126.0,106.0,94.0,69.0,0.875,0.7361111111111112,0.6527777777777778,0.4791666666666667,PREGRADO
2018,M,IEGEOM,41,27.0,24.0,23.0,21.0,0.6585365853658537,0.5853658536585366,0.5609756097560976,0.5121951219512195,PREGRADO
2018,M,IEIND,121,93.0,87.0,80.0,51.0,0.768595041322314,0.71900826446281,0.6611570247933884,0.4214876033057851,PREGRADO
2018,M,IEINF,88,71.0,55.0,52.0,39.0,0.8068181818181818,0.625,0.5909090909090909,0.4431818181818182,PREGRADO
2018,M,IEMEC,79,59.0,46.0,42.0,33.0,0.7468354430379747,0.5822784810126582,0.5316455696202531,0.4177215189873418,PREGRADO
2018,M,IEMET,37,23.0,17.0,13.0,12.0,0.6216216216216216,0.4594594594594595,0.35135135135135137,0.32432432432432434,PREGRADO
2018,M,IEMIN,43,30.0,20.0,18.0,17.0,0.6976744186046512,0.46511627906976744,0.4186046511627907,0.3953488372093023,PREGRADO
2018,M,IEQUIM,38,24.0,19.0,16.0,14.0,0.631578947368421,0.5,0.42105263157894735,0.3684210526315789,PREGRADO
2018,M,INGAGRO,14,9.0,9.0,9.0,9.0,0.6428571428571429,0.6428571428571429,0.6428571428571429,0.6428571428571429,PREGRADO
2018,M,INGAL,14,12.0,11.0,12.0,12.0,0.8571428571428571,0.7857142857142857,0.8571428571428571,0.8571428571428571,PREGRADO
2018,M,INGAMB,16,13.0,11.0,9.0,9.0,0.8125,0.6875,0.5625,0.5625,PREGRADO
2018,M,INGBIO,24,17.0,15.0,14.0,13.0,0.7083333333333334,0.625,0.5833333333333334,0.5416666666666666,PREGRADO
2018,M,INGCO,202,166.0,158.0,141.0,116.0,0.8217821782178217,0.7821782178217822,0.698019801980198,0.5742574257425742,PREGRADO
2018,M,INGEST,31,28.0,21.0,21.0,20.0,0.9032258064516129,0.6774193548387096,0.6774193548387096,0.6451612903225806,PREGRADO
2018,M,INGFI,39,29.0,25.0,25.0,25.0,0.7435897435897436,0.6410256410256411,0.6410256410256411,0.6410256410256411,PREGRADO
2018,M,INGMA,48,37.0,21.0,20.0,21.0,0.7708333333333334,0.4375,0.4166666666666667,0.4375,PREGRADO
2018,M,KINE,15,14.0,13.0,13.0,12.0,0.9333333333333333,0.8666666666666667,0.8666666666666667,0.8,PREGRADO
2018,M,LAT,12,9.0,8.0,6.0,6.0,0.75,0.6666666666666666,0.5,0.5,PREGRADO
2018,M,LCC,51,34.0,30.0,27.0,24.0,0.6666666666666666,0.5882352941176471,0.5294117647058824,0.47058823529411764,PREGRADO
2018,M,LEB,19,14.0,13.0,13.0,11.0,0.7368421052631579,0.6842105263157895,0.6842105263157895,0.5789473684210527,PREGRADO
2018,M,LEE,16,9.0,9.0,7.0,7.0,0.5625,0.5625,0.4375,0.4375,PREGRADO
2018,M,LICAFENDEP,34,28.0,28.0,23.0,23.0,0.8235294117647058,0.8235294117647058,0.6764705882352942,0.6764705882352942,PREGRADO
2018,M,LICAFTERAP,17,12.0,10.0,10.0,10.0,0.7058823529411765,0.5882352941176471,0.5882352941176471,0.5882352941176471,PREGRADO
2018,M,LOG,3,3.0,1.0,,,1.0,0.3333333333333333,,,PREGRADO
2018,M,LQC,14,12.0,11.0,10.0,10.0,0.8571428571428571,0.7857142857142857,0.7142857142857143,0.7142857142857143,PREGRADO
2018,M,MAGADE,61,57.0,16.0,3.0,,0.9344262295081968,0.26229508196721313,0.04918032786885246,,MAGISTER
2018,M,MAGAP,8,6.0,,,,0.75,,,,MAGISTER
2018,M,MAGARH,3,3.0,2.0,,1.0,1.0,0.6666666666666666,,0.3333333333333333,MAGISTER
2018,M,MAGCAG,12,9.0,,,,0.75,,,,MAGISTER
2018,M,MAGCC,6,3.0,2.0,,,0.5,0.3333333333333333,,,MAGISTER
2018,M,MAGCDI,44,41.0,21.0,2.0,2.0,0.9318181818181818,0.4772727272727273,0.045454545454545456,0.045454545454545456,MAGISTER
2018,M,MAGCE,3,3.0,2.0,,,1.0,0.6666666666666666,,,MAGISTER
2018,M,MAGCM,8,5.0,1.0,,1.0,0.625,0.125,,0.125,MAGISTER
2018,M,MAGCS,5,5.0,2.0,3.0,2.0,1.0,0.4,0.6,0.4,MAGISTER
2018,M,MAGCSF,5,5.0,2.0,,,1.0,0.4,,,MAGISTER
2018,M,MAGEDU,11,7.0,3.0,,,0.6363636363636364,0.2727272727272727,,,MAGISTER
2018,M,MAGEF,15,12.0,8.0,8.0,2.0,0.8,0.5333333333333333,0.5333333333333333,0.13333333333333333,MAGISTER
2018,M,MAGEI,5,5.0,3.0,1.0,,1.0,0.6,0.2,,MAGISTER
2018,M,MAGEII,11,11.0,10.0,6.0,5.0,1.0,0.9090909090909091,0.5454545454545454,0.45454545454545453,MAGISTER
2018,M,MAGFC,8,8.0,8.0,,,1.0,1.0,,,MAGISTER
2018,M,MAGFIN,12,12.0,4.0,3.0,2.0,1.0,0.3333333333333333,0.25,0.16666666666666666,MAGISTER
2018,M,MAGFP,3,1.0,,,,0.3333333333333333,,,,MAGISTER
2018,M,MAGGP,21,11.0,4.0,3.0,,0.5238095238095238,0.19047619047619047,0.14285714285714285,,MAGISTER
2018,M,MAGGT,1,1.0,1.0,,,1.0,1.0,,,MAGISTER
2018,M,MAGHE,11,7.0,1.0,3.0,,0.6363636363636364,0.09090909090909091,0.2727272727272727,,MAGISTER
2018,M,MAGHI,8,8.0,5.0,,,1.0,0.625,,,MAGISTER
2018,M,MAGII,12,7.0,3.0,,1.0,0.5833333333333334,0.25,,0.08333333333333333,MAGISTER
2018,M,MAGIT,7,6.0,5.0,,,0.8571428571428571,0.7142857142857143,,,MAGISTER
2018,M,MAGLG,5,5.0,4.0,2.0,,1.0,0.8,0.4,,MAGISTER
2018,M,MAGMA,21,17.0,3.0,,,0.8095238095238095,0.14285714285714285,,,MAGISTER
2018,M,MAGPED,3,,,,,,,,,MAGISTER
2018,M,MAGPGT,13,11.0,2.0,2.0,1.0,0.8461538461538461,0.15384615384615385,0.15384615384615385,0.07692307692307693,MAGISTER
2018,M,MAGPP,9,8.0,,,,0.8888888888888888,,,,MAGISTER
2018,M,MAGQUI,5,3.0,1.0,,,0.6,0.2,,,MAGISTER
2018,M,MAGSGI,2,2.0,,2.0,1.0,1.0,,1.0,0.5,MAGISTER
2018,M,MAGSPA,5,5.0,1.0,,,1.0,0.2,,,MAGISTER
2018,M,MAGTCO,1,1.0,,,,1.0,,,,MAGISTER
2018,M,MED,22,19.0,18.0,18.0,18.0,0.8636363636363636,0.8181818181818182,0.8181818181818182,0.8181818181818182,PREGRADO
2018,M,MIDA,4,4.0,,,,1.0,,,,MAGISTER
2018,M,OBP,3,3.0,3.0,3.0,3.0,1.0,1.0,1.0,1.0,PREGRADO
2018,M,PEDCAST,10,7.0,6.0,5.0,4.0,0.7,0.6,0.5,0.4,PREGRADO
2018,M,PEDEDFIS,18,16.0,14.0,14.0,14.0,0.8888888888888888,0.7777777777777778,0.7777777777777778,0.7777777777777778,PREGRADO
2018,M,PEDEGB,5,4.0,3.0,3.0,3.0,0.8,0.6,0.6,0.6,PREGRADO
2018,M,PEDFILOS,14,8.0,8.0,8.0,7.0,0.5714285714285714,0.5714285714285714,0.5714285714285714,0.5,PREGRADO
2018,M,PEDFISMAT,22,18.0,14.0,14.0,13.0,0.8181818181818182,0.6363636363636364,0.6363636363636364,0.5909090909090909,PREGRADO
2018,M,PEDHS,25,21.0,20.0,18.0,18.0,0.84,0.8,0.72,0.72,PREGRADO
2018,M,PEDINGLES,20,16.0,16.0,14.0,14.0,0.8,0.8,0.7,0.7,PREGRADO
2018,M,PEDMATCOMP,15,13.0,13.0,12.0,10.0,0.8666666666666667,0.8666666666666667,0.8,0.6666666666666666,PREGRADO
2018,M,PEDQUIMBIO,6,5.0,5.0,5.0,5.0,0.8333333333333334,0.8333333333333334,0.8333333333333334,0.8333333333333334,PREGRADO
2018,M,PEP,3,3.0,1.0,,,1.0,0.3333333333333333,,,PREGRADO
2018,M,PER,47,36.0,19.0,18.0,19.0,0.7659574468085106,0.40425531914893614,0.3829787234042553,0.40425531914893614,PREGRADO
2018,M,POSACU,16,,,,,,,,,POSTITUTLO
2018,M,POSAM,5,,,,,,,,,POSTITUTLO
2018,M,POSAN,3,2.0,2.0,,,0.6666666666666666,0.6666666666666666,,,POSTITUTLO
2018,M,POSAPA,1,1.0,1.0,,,1.0,1.0,,,POSTITUTLO
2018,M,POSCG,12,11.0,11.0,2.0,,0.9166666666666666,0.9166666666666666,0.16666666666666666,,POSTITUTLO
2018,M,POSCI,2,,,,,,,,,POSTITUTLO
2018,M,POSEDV,4,4.0,4.0,,,1.0,1.0,,,POSTITUTLO
2018,M,POSEMI,18,13.0,13.0,3.0,,0.7222222222222222,0.7222222222222222,0.16666666666666666,,POSTITUTLO
2018,M,POSGC,9,,,,,,,,,POSTITUTLO
2018,M,POSGER,4,4.0,4.0,4.0,2.0,1.0,1.0,1.0,0.5,POSTITUTLO
2018,M,POSGO,2,1.0,2.0,,,0.5,1.0,,,POSTITUTLO
2018,M,POSIMGA,4,,,,,,,,,POSTITUTLO
2018,M,POSLTRI,14,,,,,,,,,POSTITUTLO
2018,M,POSMF,2,2.0,2.0,,,1.0,1.0,,,POSTITUTLO
2018,M,POSMIIA,2,2.0,2.0,2.0,1.0,1.0,1.0,1.0,0.5,POSTITUTLO
2018,M,POSMU,6,6.0,6.0,2.0,,1.0,1.0,0.3333333333333333,,POSTITUTLO
2018,M,POSNEU,5,4.0,4.0,,,0.8,0.8,,,POSTITUTLO
2018,M,POSNEUC,1,1.0,1.0,1.0,,1.0,1.0,1.0,,POSTITUTLO
2018,M,POSPA,9,8.0,8.0,,,0.8888888888888888,0.8888888888888888,,,POSTITUTLO
2018,M,POSPED,5,4.0,4.0,1.0,,0.8,0.8,0.2,,POSTITUTLO
2018,M,POSREI,4,4.0,4.0,,,1.0,1.0,,,POSTITUTLO
2018,M,POSTROR,13,12.0,11.0,,,0.9230769230769231,0.8461538461538461,,,POSTITUTLO
2018,M,POSTYR,1,,,,,,,,,POSTITUTLO
2018,M,POSURO,3,3.0,3.0,1.0,,1.0,1.0,0.3333333333333333,,POSTITUTLO
2018,M,PRE,22,19.0,17.0,1.0,1.0,0.8636363636363636,0.7727272727272727,0.045454545454545456,0.045454545454545456,PREGRADO
2018,M,PSI,30,29.0,28.0,26.0,25.0,0.9666666666666667,0.9333333333333333,0.8666666666666667,0.8333333333333334,PREGRADO
2018,M,PUB,17,14.0,11.0,12.0,12.0,0.8235294117647058,0.6470588235294118,0.7058823529411765,0.7058823529411765,PREGRADO
2018,M,QYF,21,19.0,18.0,18.0,17.0,0.9047619047619048,0.8571428571428571,0.8571428571428571,0.8095238095238095,PREGRADO
2018,M,TAI,34,30.0,25.0,24.0,2.0,0.8823529411764706,0.7352941176470589,0.7058823529411765,0.058823529411764705,PREGRADO
2018,M,TAP,13,12.0,11.0,9.0,2.0,0.9230769230769231,0.8461538461538461,0.6923076923076923,0.15384615384615385,PREGRADO
2018,M,TCI,33,23.0,18.0,12.0,1.0,0.696969696969697,0.5454545454545454,0.36363636363636365,0.030303030303030304,PREGRADO
2018,M,TCO,28,22.0,16.0,15.0,8.0,0.7857142857142857,0.5714285714285714,0.5357142857142857,0.2857142857142857,PREGRADO
2018,M,TDI,18,15.0,10.0,8.0,2.0,0.8333333333333334,0.5555555555555556,0.4444444444444444,0.1111111111111111,PREGRADO
2018,M,TEA,11,11.0,10.0,8.0,2.0,1.0,0.9090909090909091,0.7272727272727273,0.18181818181818182,PREGRADO
2018,M,TEC,49,39.0,33.0,25.0,13.0,0.7959183673469388,0.673469387755102,0.5102040816326531,0.2653061224489796,PREGRADO
2018,M,TEO,5,5.0,4.0,4.0,4.0,1.0,0.8,0.8,0.8,PREGRADO
2018,M,TMI,36,34.0,25.0,25.0,13.0,0.9444444444444444,0.6944444444444444,0.6944444444444444,0.3611111111111111,PREGRADO
2018,M,TQF,25,17.0,16.0,14.0,2.0,0.68,0.64,0.56,0.08,PREGRADO
2018,M,TRD,88,47.0,3.0,4.0,1.0,0.5340909090909091,0.03409090909090909,0.045454545454545456,0.011363636363636364,PREGRADO
2018,M,TUI,28,18.0,1.0,2.0,1.0,0.6428571428571429,0.03571428571428571,0.07142857142857142,0.03571428571428571,PREGRADO
2019,F,ADMPUB,116,101.0,97.0,88.0,82.0,0.8706896551724138,0.8362068965517241,0.7586206896551724,0.7068965517241379,PREGRADO
2019,F,ARQ,45,43.0,39.0,35.0,33.0,0.9555555555555556,0.8666666666666667,0.7777777777777778,0.7333333333333333,PREGRADO
2019,F,BACHI,132,82.0,9.0,,,0.6212121212121212,0.06818181818181818,,,PREGRADO
2019,F,CCIV,18,18.0,18.0,6.0,3.0,1.0,1.0,0.3333333333333333,0.16666666666666666,PREGRADO
2019,F,CONTA,171,140.0,137.0,127.0,122.0,0.8187134502923976,0.8011695906432749,0.7426900584795322,0.7134502923976608,PREGRADO
2019,F,DERECHO,58,45.0,45.0,44.0,40.0,0.7758620689655172,0.7758620689655172,0.7586206896551724,0.6896551724137931,PREGRADO
2019,F,DIN,7,5.0,4.0,1.0,,0.7142857142857143,0.5714285714285714,0.14285714285714285,,PREGRADO
2019,F,DIPAN,6,,,,,,,,,DIPLOMADO
2019,F,DIPANH,1,,,,,,,,,DIPLOMADO
2019,F,DIPAPR,13,1.0,,,,0.07692307692307693,,,,DIPLOMADO
2019,F,DIPBIM,2,,,,,,,,,DIPLOMADO
2019,F,DIPCAIS,9,,,,,,,,,DIPLOMADO
2019,F,DIPCGE,7,,,,,,,,,DIPLOMADO
2019,F,DIPCOM,7,,,,,,,,,DIPLOMADO
2019,F,DIPCOR,4,,,,,,,,,DIPLOMADO
2019,F,DIPCRD,2,,,,,,,,,DIPLOMADO
2019,F,DIPCYC,4,,,,,,,,,DIPLOMADO
2019,F,DIPDAP,2,,,,,,,,,DIPLOMADO
2019,F,DIPDCOS,12,,,,,,,,,DIPLOMADO
2019,F,DIPDEL,6,,,,,,,,,DIPLOMADO
2019,F,DIPDHG,20,,,,,,,,,DIPLOMADO
2019,F,DIPDIES,10,,,,,,,,,DIPLOMADO
2019,F,DIPDM,5,,,,,,,,,DIPLOMADO
2019,F,DIPDU,18,,,,,,,,,DIPLOMADO
2019,F,DIPEAI,17,,,,,,,,,DIPLOMADO
2019,F,DIPEFI,7,,,,,,,,,DIPLOMADO
2019,F,DIPEG,2,,,,,,,,,DIPLOMADO
2019,F,DIPEGA,2,,,,,,,,,DIPLOMADO
2019,F,DIPEGAM,8,,,,,,,,,DIPLOMADO
2019,F,DIPEGC,16,,,,,,,,,DIPLOMADO
2019,F,DIPEIL,11,,,,,,,,,DIPLOMADO
2019,F,DIPERNC,1,,,,,,,,,DIPLOMADO
2019,F,DIPESES,13,,,,,,,,,DIPLOMADO
2019,F,DIPEYDS,1,,,,,,,,,DIPLOMADO
2019,F,DIPFCD,8,,,,,,,,,DIPLOMADO
2019,F,DIPGA,9,,,,,,,,,DIPLOMADO
2019,F,DIPGCAC,5,,,,,,,,,DIPLOMADO
2019,F,DIPGCAS,2,,,,,,,,,DIPLOMADO
2019,F,DIPGCT,6,,,,,,,,,DIPLOMADO
2019,F,DIPGES,25,,,,,,,,,DIPLOMADO
2019,F,DIPGFIN,2,,,,,,,,,DIPLOMADO
2019,F,DIPGGR,92,,,,,,,,,DIPLOMADO
2019,F,DIPGIT,4,,,,,,,,,DIPLOMADO
2019,F,DIPGLI,2,,,,,,,,,DIPLOMADO
2019,F,DIPGLPD,6,,,,,,,,,DIPLOMADO
2019,F,DIPGR,1,,,,,,,,,DIPLOMADO
2019,F,DIPGRH,14,,,,,,,,,DIPLOMADO
2019,F,DIPGSA,9,,,,,,,,,DIPLOMADO
2019,F,DIPGSPP,26,,,,,,,,,DIPLOMADO
2019,F,DIPGSSO,3,,,,,,,,,DIPLOMADO
2019,F,DIPIEA,6,,,,,,,,,DIPLOMADO
2019,F,DIPIEDF,4,,,,,,,,,DIPLOMADO
2019,F,DIPIMGC,14,,,,,,,,,DIPLOMADO
2019,F,DIPIMPL,4,,,,,,,,,DIPLOMADO
2019,F,DIPITSO,1,,,,,,,,,DIPLOMADO
2019,F,DIPLI,8,,,,,,,,,DIPLOMADO
2019,F,DIPLIJ,19,,,,,,,,,DIPLOMADO
2019,F,DIPMAD,3,,,,,,,,,DIPLOMADO
2019,F,DIPMD,4,,,,,,,,,DIPLOMADO
2019,F,DIPMGCS,11,,,,,,,,,DIPLOMADO
2019,F,DIPMIG,9,,,,,,,,,DIPLOMADO
2019,F,DIPMME,11,,,,,,,,,DIPLOMADO
2019,F,DIPNAH,63,,,,,,,,,DIPLOMADO
2019,F,DIPNCSE,9,,,,,,,,,DIPLOMADO
2019,F,DIPNICP,17,,,,,,,,,DIPLOMADO
2019,F,DIPOSEP,1,,,,,,,,,DIPLOMADO
2019,F,DIPOTRC,3,,,,,,,,,DIPLOMADO
2019,F,DIPPCCD,8,,,,,,,,,DIPLOMADO
2019,F,DIPPGG,6,,,,,,,,,DIPLOMADO
2019,F,DIPPGT,11,,,,,,,,,DIPLOMADO
2019,F,DIPPIC,7,,,,,,,,,DIPLOMADO
2019,F,DIPPM,7,,,,,,,,,DIPLOMADO
2019,F,DIPPPUB,2,,,,,,,,,DIPLOMADO
2019,F,DIPPRSEP,4,,,,,,,,,DIPLOMADO
2019,F,DIPROCN,2,,,,,,,,,DIPLOMADO
2019,F,DIPTI,2,,,,,,,,,DIPLOMADO
2019,F,DIPTMEH,2,,,,,,,,,DIPLOMADO
2019,F,DIPVGRS,1,,,,,,,,,DIPLOMADO
2019,F,DOCBIO,4,4.0,2.0,2.0,1.0,1.0,0.5,0.5,0.25,DOCTORADO
2019,F,DOCCSADM,2,2.0,2.0,2.0,1.0,1.0,1.0,1.0,0.5,DOCTORADO
2019,F,DOCCSALIM,3,3.0,3.0,3.0,3.0,1.0,1.0,1.0,1.0,DOCTORADO
2019,F,DOCCSING,12,12.0,12.0,12.0,11.0,1.0,1.0,1.0,0.9166666666666666,DOCTORADO
2019,F,DOCCSMAT,1,1.0,1.0,1.0,1.0,1.0,1.0,1.0,1.0,DOCTORADO
2019,F,DOCESTAM,8,8.0,8.0,8.0,8.0,1.0,1.0,1.0,1.0,DOCTORADO
2019,F,DOCHIST,3,3.0,3.0,3.0,3.0,1.0,1.0,1.0,1.0,DOCTORADO
2019,F,DOCMICROBIO,1,1.0,1.0,,,1.0,1.0,,,DOCTORADO
2019,F,DOCNEUROC,3,2.0,3.0,3.0,3.0,0.6666666666666666,1.0,1.0,1.0,DOCTORADO
2019,F,DOCQUIM,5,4.0,4.0,4.0,4.0,0.8,0.8,0.8,0.8,DOCTORADO
2019,F,ENF,55,43.0,42.0,41.0,41.0,0.7818181818181819,0.7636363636363637,0.7454545454545455,0.7454545454545455,PREGRADO
2019,F,HCS,24,18.0,16.0,14.0,14.0,0.75,0.6666666666666666,0.5833333333333334,0.5833333333333334,PREGRADO
2019,F,ICELEC,16,14.0,15.0,13.0,10.0,0.875,0.9375,0.8125,0.625,PREGRADO
2019,F,ICGEOG,14,8.0,8.0,5.0,4.0,0.5714285714285714,0.5714285714285714,0.35714285714285715,0.2857142857142857,PREGRADO
2019,F,ICIND,66,57.0,54.0,48.0,40.0,0.8636363636363636,0.8181818181818182,0.7272727272727273,0.6060606060606061,PREGRADO
2019,F,ICINF,22,17.0,12.0,12.0,7.0,0.7727272727272727,0.5454545454545454,0.5454545454545454,0.3181818181818182,PREGRADO
2019,F,ICMEC,12,9.0,8.0,7.0,5.0,0.75,0.6666666666666666,0.5833333333333334,0.4166666666666667,PREGRADO
2019,F,ICMET,13,9.0,8.0,7.0,6.0,0.6923076923076923,0.6153846153846154,0.5384615384615384,0.46153846153846156,PREGRADO
2019,F,ICMIN,27,22.0,23.0,22.0,19.0,0.8148148148148148,0.8518518518518519,0.8148148148148148,0.7037037037037037,PREGRADO
2019,F,ICOBR,29,23.0,20.0,19.0,17.0,0.7931034482758621,0.6896551724137931,0.6551724137931034,0.5862068965517241,PREGRADO
2019,F,ICQUIM,35,27.0,25.0,24.0,21.0,0.7714285714285715,0.7142857142857143,0.6857142857142857,0.6,PREGRADO
2019,F,IEAMB,6,5.0,6.0,6.0,2.0,0.8333333333333334,1.0,1.0,0.3333333333333333,PREGRADO
2019,F,IECLIM,8,7.0,5.0,4.0,3.0,0.875,0.625,0.5,0.375,PREGRADO
2019,F,IEELEC,10,8.0,5.0,4.0,3.0,0.8,0.5,0.4,0.3,PREGRADO
2019,F,IEGEOM,22,17.0,16.0,16.0,12.0,0.7727272727272727,0.7272727272727273,0.7272727272727273,0.5454545454545454,PREGRADO
2019,F,IEIND,57,43.0,41.0,34.0,26.0,0.7543859649122807,0.7192982456140351,0.5964912280701754,0.45614035087719296,PREGRADO
2019,F,IEINF,11,9.0,8.0,9.0,6.0,0.8181818181818182,0.7272727272727273,0.8181818181818182,0.5454545454545454,PREGRADO
2019,F,IEMEC,8,6.0,5.0,4.0,2.0,0.75,0.625,0.5,0.25,PREGRADO
2019,F,IEMET,15,7.0,6.0,5.0,5.0,0.4666666666666667,0.4,0.3333333333333333,0.3333333333333333,PREGRADO
2019,F,IEMIN,22,15.0,15.0,13.0,12.0,0.6818181818181818,0.6818181818181818,0.5909090909090909,0.5454545454545454,PREGRADO
2019,F,IEQUIM,41,29.0,25.0,21.0,13.0,0.7073170731707317,0.6097560975609756,0.5121951219512195,0.3170731707317073,PREGRADO
2019,F,INGAGRO,15,10.0,10.0,10.0,10.0,0.6666666666666666,0.6666666666666666,0.6666666666666666,0.6666666666666666,PREGRADO
2019,F,INGAL,33,23.0,21.0,21.0,21.0,0.696969696969697,0.6363636363636364,0.6363636363636364,0.6363636363636364,PREGRADO
2019,F,INGAMB,34,25.0,24.0,21.0,21.0,0.7352941176470589,0.7058823529411765,0.6176470588235294,0.6176470588235294,PREGRADO
2019,F,INGBIO,29,22.0,22.0,20.0,17.0,0.7586206896551724,0.7586206896551724,0.6896551724137931,0.5862068965517241,PREGRADO
2019,F,INGCO,263,227.0,219.0,181.0,156.0,0.8631178707224335,0.8326996197718631,0.688212927756654,0.5931558935361216,PREGRADO
2019,F,INGEST,15,12.0,12.0,12.0,10.0,0.8,0.8,0.8,0.6666666666666666,PREGRADO
2019,F,INGFI,15,11.0,9.0,9.0,7.0,0.7333333333333333,0.6,0.6,0.4666666666666667,PREGRADO
2019,F,INGMA,12,6.0,5.0,5.0,5.0,0.5,0.4166666666666667,0.4166666666666667,0.4166666666666667,PREGRADO
2019,F,KINE,33,26.0,23.0,23.0,23.0,0.7878787878787878,0.696969696969697,0.696969696969697,0.696969696969697,PREGRADO
2019,F,LAT,33,27.0,26.0,26.0,26.0,0.8181818181818182,0.7878787878787878,0.7878787878787878,0.7878787878787878,PREGRADO
2019,F,LCC,7,3.0,3.0,1.0,1.0,0.42857142857142855,0.42857142857142855,0.14285714285714285,0.14285714285714285,PREGRADO
2019,F,LEB,37,27.0,25.0,23.0,22.0,0.7297297297297297,0.6756756756756757,0.6216216216216216,0.5945945945945946,PREGRADO
2019,F,LEE,44,37.0,33.0,34.0,33.0,0.8409090909090909,0.75,0.7727272727272727,0.75,PREGRADO
2019,F,LICAFENDEP,8,6.0,6.0,4.0,5.0,0.75,0.75,0.5,0.625,PREGRADO
2019,F,LICAFTERAP,13,11.0,9.0,8.0,8.0,0.8461538461538461,0.6923076923076923,0.6153846153846154,0.6153846153846154,PREGRADO
2019,F,LQC,22,11.0,8.0,7.0,7.0,0.5,0.36363636363636365,0.3181818181818182,0.3181818181818182,PREGRADO
2019,F,MAGADE,12,11.0,2.0,,,0.9166666666666666,0.16666666666666666,,,MAGISTER
2019,F,MAGAP,9,7.0,1.0,,,0.7777777777777778,0.1111111111111111,,,MAGISTER
2019,F,MAGARH,3,,2.0,2.0,2.0,,0.6666666666666666,0.6666666666666666,0.6666666666666666,MAGISTER
2019,F,MAGCAG,4,4.0,,2.0,1.0,1.0,,0.5,0.25,MAGISTER
2019,F,MAGCC,2,2.0,1.0,,,1.0,0.5,,,MAGISTER
2019,F,MAGCDI,6,6.0,2.0,,,1.0,0.3333333333333333,,,MAGISTER
2019,F,MAGCE,1,1.0,1.0,,,1.0,1.0,,,MAGISTER
2019,F,MAGCS,3,3.0,2.0,2.0,,1.0,0.6666666666666666,0.6666666666666666,,MAGISTER
2019,F,MAGCSF,1,1.0,,,,1.0,,,,MAGISTER
2019,F,MAGEDM,3,2.0,,1.0,,0.6666666666666666,,0.3333333333333333,,MAGISTER
2019,F,MAGEDU,24,20.0,,,,0.8333333333333334,,,,MAGISTER
2019,F,MAGEF,10,7.0,7.0,,,0.7,0.7,,,MAGISTER
2019,F,MAGEI,4,2.0,3.0,1.0,,0.5,0.75,0.25,,MAGISTER
2019,F,MAGEII,1,1.0,,,,1.0,,,,MAGISTER
2019,F,MAGFC,1,1.0,,,,1.0,,,,MAGISTER
2019,F,MAGFIN,2,2.0,2.0,,,1.0,1.0,,,MAGISTER
2019,F,MAGFP,1,1.0,1.0,,,1.0,1.0,,,MAGISTER
2019,F,MAGGP,14,9.0,4.0,1.0,,0.6428571428571429,0.2857142857142857,0.07142857142857142,,MAGISTER
2019,F,MAGHE,1,,,,1.0,,,,1.0,MAGISTER
2019,F,MAGHI,5,5.0,3.0,,,1.0,0.6,,,MAGISTER
2019,F,MAGII,1,1.0,,,,1.0,,,,MAGISTER
2019,F,MAGIT,3,3.0,2.0,,,1.0,0.6666666666666666,,,MAGISTER
2019,F,MAGLG,8,4.0,4.0,1.0,1.0,0.5,0.5,0.125,0.125,MAGISTER
2019,F,MAGLI,3,3.0,2.0,,,1.0,0.6666666666666666,,,MAGISTER
2019,F,MAGMA,16,14.0,13.0,1.0,,0.875,0.8125,0.0625,,MAGISTER
2019,F,MAGMARK,6,6.0,6.0,,,1.0,1.0,,,MAGISTER
2019,F,MAGPED,2,2.0,,,,1.0,,,,MAGISTER
2019,F,MAGPGT,5,3.0,3.0,1.0,,0.6,0.6,0.2,,MAGISTER
2019,F,MAGQUI,1,1.0,1.0,1.0,,1.0,1.0,1.0,,MAGISTER
2019,F,MAGSGI,2,2.0,,1.0,,1.0,,0.5,,MAGISTER
2019,F,MED,49,48.0,48.0,48.0,48.0,0.9795918367346939,0.9795918367346939,0.9795918367346939,0.9795918367346939,PREGRADO
2019,F,MIDA,3,3.0,,,,1.0,,,,MAGISTER
2019,F,OBP,57,52.0,50.0,50.0,49.0,0.9122807017543859,0.8771929824561403,0.8771929824561403,0.8596491228070176,PREGRADO
2019,F,PEDCAST,36,31.0,29.0,27.0,22.0,0.8611111111111112,0.8055555555555556,0.75,0.6111111111111112,PREGRADO
2019,F,PEDEDFIS,11,8.0,8.0,8.0,7.0,0.7272727272727273,0.7272727272727273,0.7272727272727273,0.6363636363636364,PREGRADO
2019,F,PEDEGB,29,27.0,26.0,26.0,25.0,0.9310344827586207,0.896551724137931,0.896551724137931,0.8620689655172413,PREGRADO
2019,F,PEDFILOS,12,8.0,7.0,6.0,6.0,0.6666666666666666,0.5833333333333334,0.5,0.5,PREGRADO
2019,F,PEDFISMAT,27,26.0,22.0,22.0,21.0,0.9629629629629629,0.8148148148148148,0.8148148148148148,0.7777777777777778,PREGRADO
2019,F,PEDHS,52,47.0,45.0,35.0,21.0,0.9038461538461539,0.8653846153846154,0.6730769230769231,0.40384615384615385,PREGRADO
2019,F,PEDINGLES,45,34.0,34.0,31.0,30.0,0.7555555555555555,0.7555555555555555,0.6888888888888889,0.6666666666666666,PREGRADO
2019,F,PEDMATCOMP,25,19.0,19.0,19.0,19.0,0.76,0.76,0.76,0.76,PREGRADO
2019,F,PEDQUIMBIO,28,23.0,22.0,21.0,21.0,0.8214285714285714,0.7857142857142857,0.75,0.75,PREGRADO
2019,F,PEP,6,6.0,,,,1.0,,,,PREGRADO
2019,F,PER,49,38.0,36.0,30.0,31.0,0.7755102040816326,0.7346938775510204,0.6122448979591837,0.6326530612244898,PREGRADO
2019,F,POSACU,27,,,,,,,,,POSTITUTLO
2019,F,POSAG,4,,,,,,,,,POSTITUTLO
2019,F,POSAM,1,,,,,,,,,POSTITUTLO
2019,F,POSAPA,1,1.0,1.0,,,1.0,1.0,,,POSTITUTLO
2019,F,POSCG,5,4.0,4.0,2.0,1.0,0.8,0.8,0.4,0.2,POSTITUTLO
2019,F,POSCI,1,,,,,,,,,POSTITUTLO
2019,F,POSDI,4,,,,,,,,,POSTITUTLO
2019,F,POSECP,4,4.0,4.0,,,1.0,1.0,,,POSTITUTLO
2019,F,POSEDV,3,2.0,2.0,1.0,,0.6666666666666666,0.6666666666666666,0.3333333333333333,,POSTITUTLO
2019,F,POSEMI,8,8.0,8.0,4.0,1.0,1.0,1.0,0.5,0.125,POSTITUTLO
2019,F,POSENP,2,2.0,2.0,,,1.0,1.0,,,POSTITUTLO
2019,F,POSEPI,8,7.0,7.0,1.0,,0.875,0.875,0.125,,POSTITUTLO
2019,F,POSGC,15,,,,,,,,,POSTITUTLO
2019,F,POSGER,4,4.0,4.0,4.0,3.0,1.0,1.0,1.0,0.75,POSTITUTLO
2019,F,POSGO,3,2.0,2.0,,,0.6666666666666666,0.6666666666666666,,,POSTITUTLO
2019,F,POSLCEB,26,,,,,,,,,POSTITUTLO
2019,F,POSMF,4,3.0,3.0,,,0.75,0.75,,,POSTITUTLO
2019,F,POSMIIA,1,,,,,,,,,POSTITUTLO
2019,F,POSMU,5,4.0,4.0,2.0,1.0,0.8,0.8,0.4,0.2,POSTITUTLO
2019,F,POSOFT,1,1.0,1.0,1.0,,1.0,1.0,1.0,,POSTITUTLO
2019,F,POSORTI,6,6.0,6.0,,,1.0,1.0,,,POSTITUTLO
2019,F,POSPA,10,10.0,10.0,2.0,,1.0,1.0,0.2,,POSTITUTLO
2019,F,POSPED,5,4.0,4.0,1.0,,0.8,0.8,0.2,,POSTITUTLO
2019,F,POSREI,3,3.0,3.0,,,1.0,1.0,,,POSTITUTLO
2019,F,POSRI,4,,,,,,,,,POSTITUTLO
2019,F,POSTGCP,3,,,,,,,,,POSTITUTLO
2019,F,POSTROR,1,,,,,,,,,POSTITUTLO
2019,F,PRE,17,16.0,16.0,3.0,,0.9411764705882353,0.9411764705882353,0.17647058823529413,,PREGRADO
2019,F,PSI,76,68.0,67.0,66.0,64.0,0.8947368421052632,0.881578947368421,0.868421052631579,0.8421052631578947,PREGRADO
2019,F,PUB,38,34.0,32.0,32.0,30.0,0.8947368421052632,0.8421052631578947,0.8421052631578947,0.7894736842105263,PREGRADO
2019,F,QYF,43,38.0,38.0,36.0,35.0,0.8837209302325582,0.8837209302325582,0.8372093023255814,0.813953488372093,PREGRADO
2019,F,TAI,3,3.0,3.0,1.0,,1.0,1.0,0.3333333333333333,,PREGRADO
2019,F,TAP,30,25.0,24.0,6.0,1.0,0.8333333333333334,0.8,0.2,0.03333333333333333,PREGRADO
2019,F,TCI,8,8.0,8.0,3.0,,1.0,1.0,0.375,,PREGRADO
2019,F,TCO,3,3.0,3.0,2.0,1.0,1.0,1.0,0.6666666666666666,0.3333333333333333,PREGRADO
2019,F,TDI,16,14.0,13.0,8.0,1.0,0.875,0.8125,0.5,0.0625,PREGRADO
2019,F,TEA,21,18.0,16.0,8.0,3.0,0.8571428571428571,0.7619047619047619,0.38095238095238093,0.14285714285714285,PREGRADO
2019,F,TEC,5,3.0,2.0,2.0,,0.6,0.4,0.4,,PREGRADO
2019,F,TEO,47,44.0,44.0,44.0,43.0,0.9361702127659575,0.9361702127659575,0.9361702127659575,0.9148936170212766,PREGRADO
2019,F,TMI,4,4.0,4.0,2.0,,1.0,1.0,0.5,,PREGRADO
2019,F,TQF,29,28.0,23.0,13.0,1.0,0.9655172413793104,0.7931034482758621,0.4482758620689655,0.034482758620689655,PREGRADO
2019,F,TRD,59,37.0,4.0,6.0,1.0,0.6271186440677966,0.06779661016949153,0.1016949152542373,0.01694915254237288,PREGRADO
2019,F,TUI,8,4.0,3.0,,,0.5,0.375,,,PREGRADO
2019,M,ADMPUB,70,61.0,62.0,57.0,51.0,0.8714285714285714,0.8857142857142857,0.8142857142857143,0.7285714285714285,PREGRADO
2019,M,ARQ,33,32.0,32.0,30.0,30.0,0.9696969696969697,0.9696969696969697,0.9090909090909091,0.9090909090909091,PREGRADO
2019,M,BACHI,71,36.0,4.0,2.0,,0.5070422535211268,0.056338028169014086,0.028169014084507043,,PREGRADO
2019,M,CCIV,77,49.0,48.0,34.0,13.0,0.6363636363636364,0.6233766233766234,0.44155844155844154,0.16883116883116883,PREGRADO
2019,M,CONTA,114,86.0,80.0,74.0,71.0,0.7543859649122807,0.7017543859649122,0.6491228070175439,0.6228070175438597,PREGRADO
2019,M,DERECHO,43,31.0,28.0,28.0,24.0,0.7209302325581395,0.6511627906976745,0.6511627906976745,0.5581395348837209,PREGRADO
2019,M,DIN,3,2.0,2.0,,,0.6666666666666666,0.6666666666666666,,,PREGRADO
2019,M,DIPAGR,11,,,,,,,,,DIPLOMADO
2019,M,DIPAN,6,,,,,,,,,DIPLOMADO
2019,M,DIPANH,1,,,,,,,,,DIPLOMADO
2019,M,DIPAOC,17,,,,,,,,,DIPLOMADO
2019,M,DIPAPR,7,,,,,,,,,DIPLOMADO
2019,M,DIPBIM,8,,,,,,,,,DIPLOMADO
2019,M,DIPCAIS,4,,,,,,,,,DIPLOMADO
2019,M,DIPCGE,8,,,,,,,,,DIPLOMADO
2019,M,DIPCOM,4,,,,,,,,,DIPLOMADO
2019,M,DIPCOR,6,,,,,,,,,DIPLOMADO
2019,M,DIPCP,2,,,,,,,,,DIPLOMADO
2019,M,DIPCRD,10,,,,,,,,,DIPLOMADO
2019,M,DIPCSA,5,,,,,,,,,DIPLOMADO
2019,M,DIPCYC,2,,,,,,,,,DIPLOMADO
2019,M,DIPDCOS,29,,,,,,,,,DIPLOMADO
2019,M,DIPDEL,170,,,,,,,,,DIPLOMADO
2019,M,DIPDHG,64,,,,,,,,,DIPLOMADO
2019,M,DIPDIES,4,,,,,,,,,DIPLOMADO
2019,M,DIPDM,18,,,,,,,,,DIPLOMADO
2019,M,DIPDU,10,,,,,,,,,DIPLOMADO
2019,M,DIPEAI,24,,,,,,,,,DIPLOMADO
2019,M,DIPEFI,3,,,,,,,,,DIPLOMADO
2019,M,DIPEG,2,,,,,,,,,DIPLOMADO
2019,M,DIPEGA,1,,,,,,,,,DIPLOMADO
2019,M,DIPEGAM,8,,,,,,,,,DIPLOMADO
2019,M,DIPEGC,14,,,,,,,,,DIPLOMADO
2019,M,DIPEIL,3,,,,,,,,,DIPLOMADO
2019,M,DIPERNC,11,,,,,,,,,DIPLOMADO
2019,M,DIPESES,17,,,,,,,,,DIPLOMADO
2019,M,DIPEYDS,7,,,,,,,,,DIPLOMADO
2019,M,DIPFCD,3,,,,,,,,,DIPLOMADO
2019,M,DIPGA,18,,,,,,,,,DIPLOMADO
2019,M,DIPGCAC,6,,,,,,,,,DIPLOMADO
2019,M,DIPGCT,1,,,,,,,,,DIPLOMADO
2019,M,DIPGES,10,,,,,,,,,DIPLOMADO
2019,M,DIPGFIN,12,,,,,,,,,DIPLOMADO
2019,M,DIPGGR,109,,,,,,,,,DIPLOMADO
2019,M,DIPGIT,9,,,,,,,,,DIPLOMADO
2019,M,DIPGLI,4,,,,,,,,,DIPLOMADO
2019,M,DIPGLPD,18,,,,,,,,,DIPLOMADO
2019,M,DIPGR,10,,,,,,,,,DIPLOMADO
2019,M,DIPGRH,4,,,,,,,,,DIPLOMADO
2019,M,DIPGSA,3,,,,,,,,,DIPLOMADO
2019,M,DIPGSPP,6,,,,,,,,,DIPLOMADO
2019,M,DIPGSSO,2,,,,,,,,,DIPLOMADO
2019,M,DIPIEA,9,,,,,,,,,DIPLOMADO
2019,M,DIPIEDF,18,,,,,,,,,DIPLOMADO
2019,M,DIPIMGC,1,,,,,,,,,DIPLOMADO
2019,M,DIPIMPL,5,,,,,,,,,DIPLOMADO
2019,M,DIPIRIA,14,,,,,,,,,DIPLOMADO
2019,M,DIPITSO,13,,,,,,,,,DIPLOMADO
2019,M,DIPLI,2,,,,,,,,,DIPLOMADO
2019,M,DIPLIJ,2,,,,,,,,,DIPLOMADO
2019,M,DIPMAD,15,,,,,,,,,DIPLOMADO
2019,M,DIPMCOM,14,,,,,,,,,DIPLOMADO
2019,M,DIPMD,6,,,,,,,,,DIPLOMADO
2019,M,DIPMEAP,13,,,,,,,,,DIPLOMADO
2019,M,DIPMIG,3,,,,,,,,,DIPLOMADO
2019,M,DIPMME,3,,,,,,,,,DIPLOMADO
2019,M,DIPNAH,13,,,,,,,,,DIPLOMADO
2019,M,DIPNCSE,8,,,,,,,,,DIPLOMADO
2019,M,DIPNICP,16,,,,,,,,,DIPLOMADO
2019,M,DIPOSEP,11,,,,,,,,,DIPLOMADO
2019,M,DIPOTRC,2,,,,,,,,,DIPLOMADO
2019,M,DIPPCCD,4,,,,,,,,,DIPLOMADO
2019,M,DIPPGG,4,,,,,,,,,DIPLOMADO
2019,M,DIPPGT,18,1.0,,,,0.05555555555555555,,,,DIPLOMADO
2019,M,DIPPIC,2,,,,,,,,,DIPLOMADO
2019,M,DIPPINF,2,,,,,,,,,DIPLOMADO
2019,M,DIPPM,2,,,,,,,,,DIPLOMADO
2019,M,DIPPRSEP,21,,,,,,,,,DIPLOMADO
2019,M,DIPROCN,5,,,,,,,,,DIPLOMADO
2019,M,DIPTI,7,,,,,,,,,DIPLOMADO
2019,M,DIPTMEH,6,,,,,,,,,DIPLOMADO
2019,M,DOCBIO,1,1.0,1.0,1.0,1.0,1.0,1.0,1.0,1.0,DOCTORADO
2019,M,DOCCSADM,5,5.0,5.0,4.0,4.0,1.0,1.0,0.8,0.8,DOCTORADO
2019,M,DOCCSALIM,3,2.0,2.0,2.0,2.0,0.6666666666666666,0.6666666666666666,0.6666666666666666,0.6666666666666666,DOCTORADO
2019,M,DOCCSFIS,3,3.0,3.0,2.0,2.0,1.0,1.0,0.6666666666666666,0.6666666666666666,DOCTORADO
2019,M,DOCCSING,20,18.0,17.0,17.0,10.0,0.9,0.85,0.85,0.5,DOCTORADO
2019,M,DOCCSMAT,4,4.0,4.0,4.0,4.0,1.0,1.0,1.0,1.0,DOCTORADO
2019,M,DOCESTAM,6,6.0,6.0,6.0,6.0,1.0,1.0,1.0,1.0,DOCTORADO
2019,M,DOCHIST,4,4.0,4.0,3.0,4.0,1.0,1.0,0.75,1.0,DOCTORADO
2019,M,DOCQUIM,9,9.0,9.0,9.0,6.0,1.0,1.0,1.0,0.6666666666666666,DOCTORADO
2019,M,ENF,14,12.0,10.0,10.0,12.0,0.8571428571428571,0.7142857142857143,0.7142857142857143,0.8571428571428571,PREGRADO
2019,M,HCS,14,9.0,9.0,7.0,4.0,0.6428571428571429,0.6428571428571429,0.5,0.2857142857142857,PREGRADO
2019,M,ICELEC,134,113.0,105.0,83.0,61.0,0.8432835820895522,0.7835820895522388,0.6194029850746269,0.4552238805970149,PREGRADO
2019,M,ICGEOG,28,26.0,22.0,20.0,15.0,0.9285714285714286,0.7857142857142857,0.7142857142857143,0.5357142857142857,PREGRADO
2019,M,ICIND,129,102.0,99.0,76.0,63.0,0.7906976744186046,0.7674418604651163,0.5891472868217055,0.4883720930232558,PREGRADO
2019,M,ICINF,101,85.0,73.0,64.0,36.0,0.8415841584158416,0.7227722772277227,0.6336633663366337,0.3564356435643564,PREGRADO
2019,M,ICMEC,114,90.0,81.0,73.0,55.0,0.7894736842105263,0.7105263157894737,0.6403508771929824,0.4824561403508772,PREGRADO
2019,M,ICMET,52,38.0,33.0,32.0,23.0,0.7307692307692307,0.6346153846153846,0.6153846153846154,0.4423076923076923,PREGRADO
2019,M,ICMIN,96,81.0,73.0,63.0,48.0,0.84375,0.7604166666666666,0.65625,0.5,PREGRADO
2019,M,ICOBR,73,61.0,57.0,46.0,37.0,0.8356164383561644,0.7808219178082192,0.6301369863013698,0.5068493150684932,PREGRADO
2019,M,ICQUIM,38,30.0,31.0,30.0,25.0,0.7894736842105263,0.8157894736842105,0.7894736842105263,0.6578947368421053,PREGRADO
2019,M,IEAMB,3,3.0,3.0,3.0,2.0,1.0,1.0,1.0,0.6666666666666666,PREGRADO
2019,M,IECLIM,21,14.0,13.0,11.0,11.0,0.6666666666666666,0.6190476190476191,0.5238095238095238,0.5238095238095238,PREGRADO
2019,M,IEELEC,179,126.0,128.0,103.0,76.0,0.7039106145251397,0.7150837988826816,0.5754189944134078,0.4245810055865922,PREGRADO
2019,M,IEESTRUC,1,,,,,,,,,PREGRADO
2019,M,IEGEOM,47,31.0,28.0,24.0,18.0,0.6595744680851063,0.5957446808510638,0.5106382978723404,0.3829787234042553,PREGRADO
2019,M,IEIND,106,79.0,84.0,70.0,36.0,0.7452830188679245,0.7924528301886793,0.660377358490566,0.33962264150943394,PREGRADO
2019,M,IEINF,76,55.0,48.0,42.0,28.0,0.7236842105263158,0.631578947368421,0.5526315789473685,0.3684210526315789,PREGRADO
2019,M,IEMEC,103,73.0,63.0,45.0,39.0,0.7087378640776699,0.6116504854368932,0.4368932038834951,0.3786407766990291,PREGRADO
2019,M,IEMET,13,9.0,5.0,4.0,5.0,0.6923076923076923,0.38461538461538464,0.3076923076923077,0.38461538461538464,PREGRADO
2019,M,IEMIN,45,32.0,32.0,29.0,26.0,0.7111111111111111,0.7111111111111111,0.6444444444444445,0.5777777777777777,PREGRADO
2019,M,IEQUIM,39,33.0,32.0,28.0,20.0,0.8461538461538461,0.8205128205128205,0.717948717948718,0.5128205128205128,PREGRADO
2019,M,INGAGRO,11,6.0,5.0,4.0,3.0,0.5454545454545454,0.45454545454545453,0.36363636363636365,0.2727272727272727,PREGRADO
2019,M,INGAL,9,8.0,8.0,7.0,7.0,0.8888888888888888,0.8888888888888888,0.7777777777777778,0.7777777777777778,PREGRADO
2019,M,INGAMB,28,23.0,22.0,22.0,20.0,0.8214285714285714,0.7857142857142857,0.7857142857142857,0.7142857142857143,PREGRADO
2019,M,INGBIO,28,20.0,20.0,18.0,16.0,0.7142857142857143,0.7142857142857143,0.6428571428571429,0.5714285714285714,PREGRADO
2019,M,INGCO,199,168.0,162.0,134.0,106.0,0.8442211055276382,0.8140703517587939,0.6733668341708543,0.5326633165829145,PREGRADO
2019,M,INGEST,32,25.0,25.0,22.0,17.0,0.78125,0.78125,0.6875,0.53125,PREGRADO
2019,M,INGFI,48,37.0,35.0,33.0,29.0,0.7708333333333334,0.7291666666666666,0.6875,0.6041666666666666,PREGRADO
2019,M,INGMA,33,23.0,22.0,17.0,12.0,0.696969696969697,0.6666666666666666,0.5151515151515151,0.36363636363636365,PREGRADO
2019,M,KINE,14,12.0,12.0,12.0,12.0,0.8571428571428571,0.8571428571428571,0.8571428571428571,0.8571428571428571,PREGRADO
2019,M,LAT,11,9.0,7.0,7.0,7.0,0.8181818181818182,0.6363636363636364,0.6363636363636364,0.6363636363636364,PREGRADO
2019,M,LCC,47,30.0,27.0,20.0,21.0,0.6382978723404256,0.574468085106383,0.425531914893617,0.44680851063829785,PREGRADO
2019,M,LEB,18,13.0,10.0,8.0,7.0,0.7222222222222222,0.5555555555555556,0.4444444444444444,0.3888888888888889,PREGRADO
2019,M,LEE,16,12.0,11.0,10.0,10.0,0.75,0.6875,0.625,0.625,PREGRADO
2019,M,LICAFENDEP,29,25.0,24.0,23.0,21.0,0.8620689655172413,0.8275862068965517,0.7931034482758621,0.7241379310344828,PREGRADO
2019,M,LICAFTERAP,11,8.0,6.0,6.0,6.0,0.7272727272727273,0.5454545454545454,0.5454545454545454,0.5454545454545454,PREGRADO
2019,M,LQC,14,10.0,11.0,10.0,9.0,0.7142857142857143,0.7857142857142857,0.7142857142857143,0.6428571428571429,PREGRADO
2019,M,MAGADE,40,40.0,5.0,3.0,,1.0,0.125,0.075,,MAGISTER
2019,M,MAGAP,7,5.0,2.0,,1.0,0.7142857142857143,0.2857142857142857,,0.14285714285714285,MAGISTER
2019,M,MAGARH,10,7.0,7.0,2.0,3.0,0.7,0.7,0.2,0.3,MAGISTER
2019,M,MAGCAG,9,8.0,,2.0,,0.8888888888888888,,0.2222222222222222,,MAGISTER
2019,M,MAGCC,5,4.0,1.0,,,0.8,0.2,,,MAGISTER
2019,M,MAGCDI,30,30.0,12.0,2.0,1.0,1.0,0.4,0.06666666666666667,0.03333333333333333,MAGISTER
2019,M,MAGCE,2,1.0,1.0,,,0.5,0.5,,,MAGISTER
2019,M,MAGCM,2,1.0,1.0,,,0.5,0.5,,,MAGISTER
2019,M,MAGCS,5,5.0,2.0,1.0,,1.0,0.4,0.2,,MAGISTER
2019,M,MAGCSF,2,2.0,,,,1.0,,,,MAGISTER
2019,M,MAGEDM,4,3.0,,2.0,,0.75,,0.5,,MAGISTER
2019,M,MAGEDU,15,11.0,1.0,,,0.7333333333333333,0.06666666666666667,,,MAGISTER
2019,M,MAGEF,14,7.0,6.0,1.0,,0.5,0.42857142857142855,0.07142857142857142,,MAGISTER
2019,M,MAGEI,1,1.0,1.0,,,1.0,1.0,,,MAGISTER
2019,M,MAGEII,6,6.0,4.0,4.0,1.0,1.0,0.6666666666666666,0.6666666666666666,0.16666666666666666,MAGISTER
2019,M,MAGFC,8,7.0,5.0,,1.0,0.875,0.625,,0.125,MAGISTER
2019,M,MAGFIN,11,8.0,6.0,2.0,1.0,0.7272727272727273,0.5454545454545454,0.18181818181818182,0.09090909090909091,MAGISTER
2019,M,MAGFP,1,1.0,1.0,,,1.0,1.0,,,MAGISTER
2019,M,MAGGP,8,7.0,4.0,2.0,2.0,0.875,0.5,0.25,0.25,MAGISTER
2019,M,MAGHE,5,2.0,2.0,1.0,1.0,0.4,0.4,0.2,0.2,MAGISTER
2019,M,MAGHI,5,5.0,5.0,,,1.0,1.0,,,MAGISTER
2019,M,MAGIE,5,5.0,2.0,,,1.0,0.4,,,MAGISTER
2019,M,MAGII,8,7.0,7.0,2.0,,0.875,0.875,0.25,,MAGISTER
2019,M,MAGIT,7,6.0,4.0,,,0.8571428571428571,0.5714285714285714,,,MAGISTER
2019,M,MAGLG,5,3.0,3.0,1.0,2.0,0.6,0.6,0.2,0.4,MAGISTER
2019,M,MAGLI,2,1.0,1.0,,,0.5,0.5,,,MAGISTER
2019,M,MAGMA,21,17.0,12.0,2.0,,0.8095238095238095,0.5714285714285714,0.09523809523809523,,MAGISTER
2019,M,MAGMARK,5,5.0,5.0,,,1.0,1.0,,,MAGISTER
2019,M,MAGPED,1,1.0,,,,1.0,,,,MAGISTER
2019,M,MAGPGT,16,10.0,10.0,3.0,,0.625,0.625,0.1875,,MAGISTER
2019,M,MAGQUI,1,1.0,1.0,,,1.0,1.0,,,MAGISTER
2019,M,MAGSGI,5,5.0,2.0,1.0,,1.0,0.4,0.2,,MAGISTER
2019,M,MAGSPA,7,6.0,2.0,,,0.8571428571428571,0.2857142857142857,,,MAGISTER
2019,M,MAGTA,1,1.0,1.0,,,1.0,1.0,,,MAGISTER
2019,M,MED,22,18.0,18.0,17.0,17.0,0.8181818181818182,0.8181818181818182,0.7727272727272727,0.7727272727272727,PREGRADO
2019,M,MIDA,2,1.0,,,,0.5,,,,MAGISTER
2019,M,OBP,2,2.0,2.0,2.0,2.0,1.0,1.0,1.0,1.0,PREGRADO
2019,M,PEDCAST,23,21.0,19.0,18.0,18.0,0.9130434782608695,0.8260869565217391,0.782608695652174,0.782608695652174,PREGRADO
2019,M,PEDEDFIS,23,18.0,17.0,16.0,16.0,0.782608695652174,0.7391304347826086,0.6956521739130435,0.6956521739130435,PREGRADO
2019,M,PEDEGB,6,6.0,6.0,6.0,6.0,1.0,1.0,1.0,1.0,PREGRADO
2019,M,PEDFILOS,12,7.0,6.0,6.0,6.0,0.5833333333333334,0.5,0.5,0.5,PREGRADO
2019,M,PEDFISMAT,19,17.0,16.0,16.0,16.0,0.8947368421052632,0.8421052631578947,0.8421052631578947,0.8421052631578947,PREGRADO
2019,M,PEDHS,53,44.0,40.0,28.0,18.0,0.8301886792452831,0.7547169811320755,0.5283018867924528,0.33962264150943394,PREGRADO
2019,M,PEDINGLES,16,13.0,13.0,12.0,12.0,0.8125,0.8125,0.75,0.75,PREGRADO
2019,M,PEDMATCOMP,21,16.0,16.0,15.0,15.0,0.7619047619047619,0.7619047619047619,0.7142857142857143,0.7142857142857143,PREGRADO
2019,M,PEDQUIMBIO,15,13.0,13.0,9.0,8.0,0.8666666666666667,0.8666666666666667,0.6,0.5333333333333333,PREGRADO
2019,M,PEP,4,4.0,1.0,,,1.0,0.25,,,PREGRADO
2019,M,PER,34,25.0,23.0,18.0,17.0,0.7352941176470589,0.6764705882352942,0.5294117647058824,0.5,PREGRADO
2019,M,POSACU,10,,,,,,,,,POSTITUTLO
2019,M,POSAG,3,,,,,,,,,POSTITUTLO
2019,M,POSAM,4,,,,,,,,,POSTITUTLO
2019,M,POSAN,8,6.0,6.0,,,0.75,0.75,,,POSTITUTLO
2019,M,POSAPA,1,1.0,1.0,,,1.0,1.0,,,POSTITUTLO
2019,M,POSCG,11,9.0,8.0,1.0,,0.8181818181818182,0.7272727272727273,0.09090909090909091,,POSTITUTLO
2019,M,POSCI,3,,,,,,,,,POSTITUTLO
2019,M,POSDI,1,,,,,,,,,POSTITUTLO
2019,M,POSEBP,1,1.0,,,,1.0,,,,POSTITUTLO
2019,M,POSEDV,4,4.0,4.0,1.0,,1.0,1.0,0.25,,POSTITUTLO
2019,M,POSEMI,10,9.0,9.0,4.0,,0.9,0.9,0.4,,POSTITUTLO
2019,M,POSENP,2,2.0,2.0,1.0,,1.0,1.0,0.5,,POSTITUTLO
2019,M,POSEPI,2,1.0,1.0,,,0.5,0.5,,,POSTITUTLO
2019,M,POSGC,13,,,,,,,,,POSTITUTLO
2019,M,POSGER,1,1.0,1.0,1.0,,1.0,1.0,1.0,,POSTITUTLO
2019,M,POSGO,1,1.0,1.0,1.0,,1.0,1.0,1.0,,POSTITUTLO
2019,M,POSIA,1,,,,,,,,,POSTITUTLO
2019,M,POSIMH,1,,,,,,,,,POSTITUTLO
2019,M,POSLCEB,4,,,,,,,,,POSTITUTLO
2019,M,POSMDAF,3,3.0,3.0,,,1.0,1.0,,,POSTITUTLO
2019,M,POSMF,4,3.0,3.0,,,0.75,0.75,,,POSTITUTLO
2019,M,POSMIIA,2,1.0,1.0,1.0,1.0,0.5,0.5,0.5,0.5,POSTITUTLO
2019,M,POSMU,8,7.0,7.0,1.0,1.0,0.875,0.875,0.125,0.125,POSTITUTLO
2019,M,POSNEU,5,5.0,5.0,,,1.0,1.0,,,POSTITUTLO
2019,M,POSNEUC,3,3.0,3.0,1.0,,1.0,1.0,0.3333333333333333,,POSTITUTLO
2019,M,POSOFT,1,1.0,1.0,,,1.0,1.0,,,POSTITUTLO
2019,M,POSORTI,3,3.0,3.0,,,1.0,1.0,,,POSTITUTLO
2019,M,POSPA,11,11.0,11.0,,,1.0,1.0,,,POSTITUTLO
2019,M,POSPED,4,4.0,4.0,2.0,,1.0,1.0,0.5,,POSTITUTLO
2019,M,POSREI,2,2.0,2.0,1.0,,1.0,1.0,0.5,,POSTITUTLO
2019,M,POSRI,6,,,,,,,,,POSTITUTLO
2019,M,POSTGCP,3,,,,,,,,,POSTITUTLO
2019,M,POSTROR,15,12.0,13.0,3.0,1.0,0.8,0.8666666666666667,0.2,0.06666666666666667,POSTITUTLO
2019,M,POSTYR,7,,,,,,,,,POSTITUTLO
2019,M,POSURO,5,5.0,5.0,1.0,,1.0,1.0,0.2,,POSTITUTLO
2019,M,PRE,21,17.0,17.0,2.0,,0.8095238095238095,0.8095238095238095,0.09523809523809523,,PREGRADO
2019,M,PSI,24,18.0,17.0,16.0,15.0,0.75,0.7083333333333334,0.6666666666666666,0.625,PREGRADO
2019,M,PUB,21,19.0,18.0,18.0,18.0,0.9047619047619048,0.8571428571428571,0.8571428571428571,0.8571428571428571,PREGRADO
2019,M,QYF,20,20.0,20.0,20.0,20.0,1.0,1.0,1.0,1.0,PREGRADO
2019,M,TAI,49,43.0,37.0,26.0,14.0,0.8775510204081632,0.7551020408163265,0.5306122448979592,0.2857142857142857,PREGRADO
2019,M,TAP,17,14.0,13.0,9.0,2.0,0.8235294117647058,0.7647058823529411,0.5294117647058824,0.11764705882352941,PREGRADO
2019,M,TCI,29,26.0,25.0,8.0,,0.896551724137931,0.8620689655172413,0.27586206896551724,,PREGRADO
2019,M,TCO,47,37.0,34.0,19.0,10.0,0.7872340425531915,0.723404255319149,0.40425531914893614,0.2127659574468085,PREGRADO
2019,M,TDI,41,35.0,30.0,23.0,10.0,0.8536585365853658,0.7317073170731707,0.5609756097560976,0.24390243902439024,PREGRADO
2019,M,TEA,13,9.0,8.0,7.0,4.0,0.6923076923076923,0.6153846153846154,0.5384615384615384,0.3076923076923077,PREGRADO
2019,M,TEC,44,25.0,26.0,16.0,7.0,0.5681818181818182,0.5909090909090909,0.36363636363636365,0.1590909090909091,PREGRADO
2019,M,TEO,3,3.0,2.0,2.0,2.0,1.0,0.6666666666666666,0.6666666666666666,0.6666666666666666,PREGRADO
2019,M,TMI,32,22.0,20.0,15.0,3.0,0.6875,0.625,0.46875,0.09375,PREGRADO
2019,M,TQF,25,22.0,20.0,5.0,,0.88,0.8,0.2,,PREGRADO
2019,M,TRD,63,29.0,6.0,,1.0,0.4603174603174603,0.09523809523809523,,0.015873015873015872,PREGRADO
2019,M,TUI,24,14.0,14.0,2.0,1.0,0.5833333333333334,0.5833333333333334,0.08333333333333333,0.041666666666666664,PREGRADO
2020,F,ADMPUB,108,96.0,94.0,83.0,81.0,0.8888888888888888,0.8703703703703703,0.7685185185185185,0.75,PREGRADO
2020,F,ARQ,58,54.0,49.0,45.0,43.0,0.9310344827586207,0.8448275862068966,0.7758620689655172,0.7413793103448276,PREGRADO
2020,F,BACHI,128,75.0,9.0,,,0.5859375,0.0703125,,,PREGRADO
2020,F,CCIV,12,10.0,9.0,6.0,3.0,0.8333333333333334,0.75,0.5,0.25,PREGRADO
2020,F,CONTA,164,149.0,138.0,127.0,117.0,0.9085365853658537,0.8414634146341463,0.774390243902439,0.7134146341463414,PREGRADO
2020,F,DCOMV,39,35.0,33.0,30.0,30.0,0.8974358974358975,0.8461538461538461,0.7692307692307693,0.7692307692307693,PREGRADO
2020,F,DERECHO,120,109.0,102.0,87.0,77.0,0.9083333333333333,0.85,0.725,0.6416666666666667,PREGRADO
2020,F,DIPAFSP,55,,,,,,,,,DIPLOMADO
2020,F,DIPAGR,4,,,,,,,,,DIPLOMADO
2020,F,DIPAN,3,,,,,,,,,DIPLOMADO
2020,F,DIPAPR,82,,,,,,,,,DIPLOMADO
2020,F,DIPCAIS,7,,,,,,,,,DIPLOMADO
2020,F,DIPCGE,6,,,,,,,,,DIPLOMADO
2020,F,DIPCOM,7,,,,,,,,,DIPLOMADO
2020,F,DIPCOR,3,,,,,,,,,DIPLOMADO
2020,F,DIPDCOS,9,,,,,,,,,DIPLOMADO
2020,F,DIPDE,1,,,,,,,,,DIPLOMADO
2020,F,DIPDEL,75,,,,,,,,,DIPLOMADO
2020,F,DIPDHG,5,,,,,,,,,DIPLOMADO
2020,F,DIPDIES,26,,,,,,,,,DIPLOMADO
2020,F,DIPDU,3,,,,,,,,,DIPLOMADO
2020,F,DIPEAI,16,,,,,,,,,DIPLOMADO
2020,F,DIPEDSC,2,,,,,,,,,DIPLOMADO
2020,F,DIPEG,8,,,,,,,,,DIPLOMADO
2020,F,DIPEGAM,23,,,,,,,,,DIPLOMADO
2020,F,DIPEGCO,2,,,,,,,,,DIPLOMADO
2020,F,DIPEHID,2,,,,,,,,,DIPLOMADO
2020,F,DIPENAF,13,,,,,,,,,DIPLOMADO
2020,F,DIPEPR,3,,,,,,,,,DIPLOMADO
2020,F,DIPERGE,19,,,,,,,,,DIPLOMADO
2020,F,DIPESES,10,,,,,,,,,DIPLOMADO
2020,F,DIPETPM,6,,,,,,,,,DIPLOMADO
2020,F,DIPFCD,5,,,,,,,,,DIPLOMADO
2020,F,DIPFCMF,10,,,,,,,,,DIPLOMADO
2020,F,DIPFTO,6,,,,,,,,,DIPLOMADO
2020,F,DIPGA,6,,,,,,,,,DIPLOMADO
2020,F,DIPGCAC,13,,,,,,,,,DIPLOMADO
2020,F,DIPGF,20,,,,,,,,,DIPLOMADO
2020,F,DIPGFIN,4,,,,,,,,,DIPLOMADO
2020,F,DIPGLGM,8,,,,,,,,,DIPLOMADO
2020,F,DIPGLPD,5,,,,,,,,,DIPLOMADO
2020,F,DIPGRH,4,,,,,,,,,DIPLOMADO
2020,F,DIPGSA,18,,,,,,,,,DIPLOMADO
2020,F,DIPGSSO,2,,,,,,,,,DIPLOMADO
2020,F,DIPIEA,21,,,,,,,,,DIPLOMADO
2020,F,DIPIEDF,2,,,,,,,,,DIPLOMADO
2020,F,DIPIMF,2,,,,,,,,,DIPLOMADO
2020,F,DIPISGD,127,,,,,,,,,DIPLOMADO
2020,F,DIPITSO,4,,,,,,,,,DIPLOMADO
2020,F,DIPLI,12,,,,,,,,,DIPLOMADO
2020,F,DIPLIJ,14,,,,,,,,,DIPLOMADO
2020,F,DIPMAD,1,,,,,,,,,DIPLOMADO
2020,F,DIPMGCS,6,,,,,,,,,DIPLOMADO
2020,F,DIPMIG,11,,,,,,,,,DIPLOMADO
2020,F,DIPMME,6,,,,,,,,,DIPLOMADO
2020,F,DIPNAH,90,,,,,,,,,DIPLOMADO
2020,F,DIPNICP,19,,,,,,,,,DIPLOMADO
2020,F,DIPOSEP,2,,,,,,,,,DIPLOMADO
2020,F,DIPOTRC,12,,,,,,,,,DIPLOMADO
2020,F,DIPPCCD,8,,,,,,,,,DIPLOMADO
2020,F,DIPPDT,11,,,,,,,,,DIPLOMADO
2020,F,DIPPGG,5,,,,,,,,,DIPLOMADO
2020,F,DIPPGT,17,,,,,,,,,DIPLOMADO
2020,F,DIPPM,2,,,,,,,,,DIPLOMADO
2020,F,DIPRMEE,2,,,,,,,,,DIPLOMADO
2020,F,DIPSMPM,34,,,,,,,,,DIPLOMADO
2020,F,DIPTMEH,4,,,,,,,,,DIPLOMADO
2020,F,DOCBIO,6,6.0,6.0,6.0,6.0,1.0,1.0,1.0,1.0,DOCTORADO
2020,F,DOCCSALIM,5,5.0,5.0,5.0,4.0,1.0,1.0,1.0,0.8,DOCTORADO
2020,F,DOCCSFIS,1,1.0,1.0,1.0,1.0,1.0,1.0,1.0,1.0,DOCTORADO
2020,F,DOCCSING,4,4.0,3.0,3.0,3.0,1.0,0.75,0.75,0.75,DOCTORADO
2020,F,DOCCSMAT,1,1.0,1.0,1.0,1.0,1.0,1.0,1.0,1.0,DOCTORADO
2020,F,DOCESTAM,6,6.0,6.0,6.0,5.0,1.0,1.0,1.0,0.8333333333333334,DOCTORADO
2020,F,DOCMICROBIO,3,3.0,3.0,3.0,3.0,1.0,1.0,1.0,1.0,DOCTORADO
2020,F,DOCNEUROC,1,1.0,1.0,1.0,1.0,1.0,1.0,1.0,1.0,DOCTORADO
2020,F,DOCQUIM,3,3.0,3.0,3.0,3.0,1.0,1.0,1.0,1.0,DOCTORADO
2020,F,ENF,63,59.0,58.0,57.0,56.0,0.9365079365079365,0.9206349206349206,0.9047619047619048,0.8888888888888888,PREGRADO
2020,F,HCS,17,13.0,8.0,8.0,4.0,0.7647058823529411,0.47058823529411764,0.47058823529411764,0.23529411764705882,PREGRADO
2020,F,ICAMB,44,40.0,39.0,33.0,30.0,0.9090909090909091,0.8863636363636364,0.75,0.6818181818181818,PREGRADO
2020,F,ICBIO,40,25.0,19.0,12.0,10.0,0.625,0.475,0.3,0.25,PREGRADO
2020,F,ICBIOM,39,35.0,31.0,22.0,20.0,0.8974358974358975,0.7948717948717948,0.5641025641025641,0.5128205128205128,PREGRADO
2020,F,ICELEC,23,19.0,19.0,13.0,9.0,0.8260869565217391,0.8260869565217391,0.5652173913043478,0.391304347826087,PREGRADO
2020,F,ICGEOG,12,9.0,8.0,4.0,2.0,0.75,0.6666666666666666,0.3333333333333333,0.16666666666666666,PREGRADO
2020,F,ICIND,93,85.0,80.0,68.0,56.0,0.9139784946236559,0.8602150537634409,0.7311827956989247,0.6021505376344086,PREGRADO
2020,F,ICINF,15,14.0,10.0,9.0,8.0,0.9333333333333333,0.6666666666666666,0.6,0.5333333333333333,PREGRADO
2020,F,ICMEC,20,18.0,17.0,16.0,12.0,0.9,0.85,0.8,0.6,PREGRADO
2020,F,ICMECAT,13,12.0,9.0,7.0,5.0,0.9230769230769231,0.6923076923076923,0.5384615384615384,0.38461538461538464,PREGRADO
2020,F,ICMET,13,9.0,8.0,7.0,6.0,0.6923076923076923,0.6153846153846154,0.5384615384615384,0.46153846153846156,PREGRADO
2020,F,ICMIN,40,34.0,31.0,21.0,17.0,0.85,0.775,0.525,0.425,PREGRADO
2020,F,ICOBR,30,26.0,24.0,15.0,14.0,0.8666666666666667,0.8,0.5,0.4666666666666667,PREGRADO
2020,F,ICQUIM,29,28.0,23.0,16.0,13.0,0.9655172413793104,0.7931034482758621,0.5517241379310345,0.4482758620689655,PREGRADO
2020,F,ICTEL,12,8.0,6.0,5.0,3.0,0.6666666666666666,0.5,0.4166666666666667,0.25,PREGRADO
2020,F,IEAMB,5,5.0,5.0,3.0,,1.0,1.0,0.6,,PREGRADO
2020,F,IEELEC,15,12.0,7.0,5.0,4.0,0.8,0.4666666666666667,0.3333333333333333,0.26666666666666666,PREGRADO
2020,F,IEGEOM,8,6.0,4.0,4.0,3.0,0.75,0.5,0.5,0.375,PREGRADO
2020,F,IEIND,42,30.0,24.0,22.0,11.0,0.7142857142857143,0.5714285714285714,0.5238095238095238,0.2619047619047619,PREGRADO
2020,F,IEINF,9,9.0,6.0,4.0,4.0,1.0,0.6666666666666666,0.4444444444444444,0.4444444444444444,PREGRADO
2020,F,IEMEC,11,11.0,8.0,5.0,4.0,1.0,0.7272727272727273,0.45454545454545453,0.36363636363636365,PREGRADO
2020,F,IEMET,4,3.0,1.0,1.0,,0.75,0.25,0.25,,PREGRADO
2020,F,IEMIN,11,8.0,8.0,5.0,3.0,0.7272727272727273,0.7272727272727273,0.45454545454545453,0.2727272727272727,PREGRADO
2020,F,IEQUIM,36,26.0,17.0,15.0,11.0,0.7222222222222222,0.4722222222222222,0.4166666666666667,0.3055555555555556,PREGRADO
2020,F,INGAGRO,20,16.0,14.0,10.0,10.0,0.8,0.7,0.5,0.5,PREGRADO
2020,F,INGAL,36,33.0,27.0,23.0,19.0,0.9166666666666666,0.75,0.6388888888888888,0.5277777777777778,PREGRADO
2020,F,INGAMB,1,1.0,1.0,1.0,1.0,1.0,1.0,1.0,1.0,PREGRADO
2020,F,INGCO,263,236.0,223.0,182.0,166.0,0.8973384030418251,0.8479087452471483,0.6920152091254753,0.6311787072243346,PREGRADO
2020,F,INGEST,21,18.0,17.0,16.0,14.0,0.8571428571428571,0.8095238095238095,0.7619047619047619,0.6666666666666666,PREGRADO
2020,F,INGFI,20,20.0,18.0,13.0,12.0,1.0,0.9,0.65,0.6,PREGRADO
2020,F,INGMA,16,15.0,13.0,12.0,7.0,0.9375,0.8125,0.75,0.4375,PREGRADO
2020,F,KINE,45,37.0,34.0,33.0,33.0,0.8222222222222222,0.7555555555555555,0.7333333333333333,0.7333333333333333,PREGRADO
2020,F,LAT,37,31.0,29.0,24.0,22.0,0.8378378378378378,0.7837837837837838,0.6486486486486487,0.5945945945945946,PREGRADO
2020,F,LCC,7,7.0,7.0,7.0,7.0,1.0,1.0,1.0,1.0,PREGRADO
2020,F,LEB,32,27.0,24.0,22.0,21.0,0.84375,0.75,0.6875,0.65625,PREGRADO
2020,F,LEE,45,40.0,36.0,36.0,35.0,0.8888888888888888,0.8,0.8,0.7777777777777778,PREGRADO
2020,F,LICAFENDEP,6,5.0,5.0,3.0,3.0,0.8333333333333334,0.8333333333333334,0.5,0.5,PREGRADO
2020,F,LICAFTERAP,15,13.0,12.0,10.0,8.0,0.8666666666666667,0.8,0.6666666666666666,0.5333333333333333,PREGRADO
2020,F,LQC,23,18.0,17.0,15.0,13.0,0.782608695652174,0.7391304347826086,0.6521739130434783,0.5652173913043478,PREGRADO
2020,F,MAGADE,39,38.0,20.0,2.0,1.0,0.9743589743589743,0.5128205128205128,0.05128205128205128,0.02564102564102564,MAGISTER
2020,F,MAGAP,12,11.0,7.0,1.0,,0.9166666666666666,0.5833333333333334,0.08333333333333333,,MAGISTER
2020,F,MAGARH,4,4.0,4.0,2.0,1.0,1.0,1.0,0.5,0.25,MAGISTER
2020,F,MAGCA,1,1.0,,,,1.0,,,,MAGISTER
2020,F,MAGCC,4,3.0,2.0,1.0,,0.75,0.5,0.25,,MAGISTER
2020,F,MAGCDI,6,6.0,4.0,,,1.0,0.6666666666666666,,,MAGISTER
2020,F,MAGCE,1,1.0,1.0,,,1.0,1.0,,,MAGISTER
2020,F,MAGCM,1,,,,,,,,,MAGISTER
2020,F,MAGCS,5,5.0,3.0,2.0,,1.0,0.6,0.4,,MAGISTER
2020,F,MAGEDM,2,1.0,1.0,1.0,1.0,0.5,0.5,0.5,0.5,MAGISTER
2020,F,MAGEDU,9,9.0,1.0,,1.0,1.0,0.1111111111111111,,0.1111111111111111,MAGISTER
2020,F,MAGEF,7,5.0,5.0,4.0,2.0,0.7142857142857143,0.7142857142857143,0.5714285714285714,0.2857142857142857,MAGISTER
2020,F,MAGEI,1,,,,,,,,,MAGISTER
2020,F,MAGEII,3,3.0,2.0,1.0,,1.0,0.6666666666666666,0.3333333333333333,,MAGISTER
2020,F,MAGFC,1,1.0,,,,1.0,,,,MAGISTER
2020,F,MAGFIN,1,1.0,1.0,1.0,,1.0,1.0,1.0,,MAGISTER
2020,F,MAGGP,4,4.0,3.0,2.0,,1.0,0.75,0.5,,MAGISTER
2020,F,MAGHI,3,3.0,3.0,,,1.0,1.0,,,MAGISTER
2020,F,MAGII,2,2.0,,,,1.0,,,,MAGISTER
2020,F,MAGIT,3,3.0,3.0,,,1.0,1.0,,,MAGISTER
2020,F,MAGLG,5,4.0,4.0,,1.0,0.8,0.8,,0.2,MAGISTER
2020,F,MAGLI,2,2.0,2.0,,1.0,1.0,1.0,,0.5,MAGISTER
2020,F,MAGMA,4,3.0,1.0,,,0.75,0.25,,,MAGISTER
2020,F,MAGMARK,20,18.0,16.0,,,0.9,0.8,,,MAGISTER
2020,F,MAGPED,3,3.0,,,,1.0,,,,MAGISTER
2020,F,MAGPGT,3,3.0,3.0,2.0,1.0,1.0,1.0,0.6666666666666666,0.3333333333333333,MAGISTER
2020,F,MAGQUI,2,2.0,1.0,1.0,,1.0,0.5,0.5,,MAGISTER
2020,F,MAGSGI,1,1.0,1.0,,,1.0,1.0,,,MAGISTER
2020,F,MAGTA,1,1.0,1.0,,,1.0,1.0,,,MAGISTER
2020,F,MED,49,43.0,43.0,41.0,39.0,0.8775510204081632,0.8775510204081632,0.8367346938775511,0.7959183673469388,PREGRADO
2020,F,MIDA,5,5.0,,,,1.0,,,,MAGISTER
2020,F,OBP,61,55.0,49.0,49.0,44.0,0.9016393442622951,0.8032786885245902,0.8032786885245902,0.7213114754098361,PREGRADO
2020,F,PEDCAST,47,40.0,37.0,36.0,34.0,0.851063829787234,0.7872340425531915,0.7659574468085106,0.723404255319149,PREGRADO
2020,F,PEDEDFIS,12,11.0,8.0,8.0,7.0,0.9166666666666666,0.6666666666666666,0.6666666666666666,0.5833333333333334,PREGRADO
2020,F,PEDEGB,35,31.0,29.0,27.0,27.0,0.8857142857142857,0.8285714285714286,0.7714285714285715,0.7714285714285715,PREGRADO
2020,F,PEDFILOS,12,8.0,6.0,4.0,3.0,0.6666666666666666,0.5,0.3333333333333333,0.25,PREGRADO
2020,F,PEDFISMAT,27,26.0,21.0,22.0,22.0,0.9629629629629629,0.7777777777777778,0.8148148148148148,0.8148148148148148,PREGRADO
2020,F,PEDHS,31,28.0,28.0,26.0,24.0,0.9032258064516129,0.9032258064516129,0.8387096774193549,0.7741935483870968,PREGRADO
2020,F,PEDINGLES,51,45.0,45.0,41.0,40.0,0.8823529411764706,0.8823529411764706,0.803921568627451,0.7843137254901961,PREGRADO
2020,F,PEDMATCOMP,29,23.0,19.0,19.0,17.0,0.7931034482758621,0.6551724137931034,0.6551724137931034,0.5862068965517241,PREGRADO
2020,F,PEDQUIMBIO,25,17.0,14.0,14.0,12.0,0.68,0.56,0.56,0.48,PREGRADO
2020,F,PEP,7,7.0,,,,1.0,,,,PREGRADO
2020,F,PER,68,60.0,56.0,49.0,45.0,0.8823529411764706,0.8235294117647058,0.7205882352941176,0.6617647058823529,PREGRADO
2020,F,POSAN,2,2.0,2.0,,,1.0,1.0,,,POSTITUTLO
2020,F,POSCG,5,4.0,4.0,1.0,,0.8,0.8,0.2,,POSTITUTLO
2020,F,POSECP,2,2.0,2.0,,,1.0,1.0,,,POSTITUTLO
2020,F,POSEDV,3,3.0,3.0,1.0,,1.0,1.0,0.3333333333333333,,POSTITUTLO
2020,F,POSEMI,8,7.0,7.0,3.0,,0.875,0.875,0.375,,POSTITUTLO
2020,F,POSENP,2,2.0,2.0,1.0,,1.0,1.0,0.5,,POSTITUTLO
2020,F,POSEPI,7,7.0,7.0,1.0,,1.0,1.0,0.14285714285714285,,POSTITUTLO
2020,F,POSGER,6,6.0,6.0,6.0,1.0,1.0,1.0,1.0,0.16666666666666666,POSTITUTLO
2020,F,POSGO,3,3.0,3.0,,,1.0,1.0,,,POSTITUTLO
2020,F,POSIMH,1,,,,,,,,,POSTITUTLO
2020,F,POSMDAF,1,1.0,1.0,,,1.0,1.0,,,POSTITUTLO
2020,F,POSMIIA,1,1.0,1.0,1.0,,1.0,1.0,1.0,,POSTITUTLO
2020,F,POSMU,6,3.0,3.0,,,0.5,0.5,,,POSTITUTLO
2020,F,POSNEU,3,1.0,1.0,1.0,,0.3333333333333333,0.3333333333333333,0.3333333333333333,,POSTITUTLO
2020,F,POSNEUC,2,2.0,2.0,2.0,,1.0,1.0,1.0,,POSTITUTLO
2020,F,POSOPT,1,,,,,,,,,POSTITUTLO
2020,F,POSORTI,5,5.0,4.0,,,1.0,0.8,,,POSTITUTLO
2020,F,POSPA,10,10.0,9.0,,,1.0,0.9,,,POSTITUTLO
2020,F,POSPED,5,5.0,4.0,,,1.0,0.8,,,POSTITUTLO
2020,F,POSREI,3,3.0,3.0,,,1.0,1.0,,,POSTITUTLO
2020,F,POSTROR,1,1.0,1.0,1.0,,1.0,1.0,1.0,,POSTITUTLO
2020,F,PRE,14,14.0,14.0,,,1.0,1.0,,,PREGRADO
2020,F,PSI,89,77.0,77.0,77.0,75.0,0.8651685393258427,0.8651685393258427,0.8651685393258427,0.8426966292134831,PREGRADO
2020,F,PUB,44,42.0,40.0,35.0,35.0,0.9545454545454546,0.9090909090909091,0.7954545454545454,0.7954545454545454,PREGRADO
2020,F,QYF,45,42.0,38.0,36.0,35.0,0.9333333333333333,0.8444444444444444,0.8,0.7777777777777778,PREGRADO
2020,F,TAI,6,5.0,4.0,3.0,,0.8333333333333334,0.6666666666666666,0.5,,PREGRADO
2020,F,TAP,22,18.0,15.0,7.0,2.0,0.8181818181818182,0.6818181818181818,0.3181818181818182,0.09090909090909091,PREGRADO
2020,F,TCI,8,5.0,4.0,,,0.625,0.5,,,PREGRADO
2020,F,TCO,2,,,,,,,,,PREGRADO
2020,F,TDI,9,7.0,7.0,3.0,,0.7777777777777778,0.7777777777777778,0.3333333333333333,,PREGRADO
2020,F,TEA,12,11.0,8.0,7.0,1.0,0.9166666666666666,0.6666666666666666,0.5833333333333334,0.08333333333333333,PREGRADO
2020,F,TEC,3,3.0,2.0,,,1.0,0.6666666666666666,,,PREGRADO
2020,F,TEO,46,44.0,40.0,40.0,40.0,0.9565217391304348,0.8695652173913043,0.8695652173913043,0.8695652173913043,PREGRADO
2020,F,TMI,1,1.0,1.0,1.0,,1.0,1.0,1.0,,PREGRADO
2020,F,TQF,32,26.0,22.0,6.0,3.0,0.8125,0.6875,0.1875,0.09375,PREGRADO
2020,F,TRD,35,32.0,1.0,,,0.9142857142857143,0.02857142857142857,,,PREGRADO
2020,F,TUI,6,5.0,,,,0.8333333333333334,,,,PREGRADO
2020,M,ADMPUB,66,61.0,61.0,57.0,56.0,0.9242424242424242,0.9242424242424242,0.8636363636363636,0.8484848484848485,PREGRADO
2020,M,ARQ,47,44.0,41.0,40.0,38.0,0.9361702127659575,0.8723404255319149,0.851063829787234,0.8085106382978723,PREGRADO
2020,M,BACHI,65,43.0,6.0,2.0,,0.6615384615384615,0.09230769230769231,0.03076923076923077,,PREGRADO
2020,M,CCIV,33,26.0,23.0,18.0,6.0,0.7878787878787878,0.696969696969697,0.5454545454545454,0.18181818181818182,PREGRADO
2020,M,CONTA,112,100.0,94.0,90.0,83.0,0.8928571428571429,0.8392857142857143,0.8035714285714286,0.7410714285714286,PREGRADO
2020,M,DCOMV,15,13.0,9.0,9.0,8.0,0.8666666666666667,0.6,0.6,0.5333333333333333,PREGRADO
2020,M,DERECHO,61,52.0,45.0,40.0,31.0,0.8524590163934426,0.7377049180327869,0.6557377049180327,0.5081967213114754,PREGRADO
2020,M,DIPAFSP,34,,,,,,,,,DIPLOMADO
2020,M,DIPAGR,9,,,,,,,,,DIPLOMADO
2020,M,DIPAN,4,,,,,,,,,DIPLOMADO
2020,M,DIPAOC,8,,,,,,,,,DIPLOMADO
2020,M,DIPAPR,43,,,,,,,,,DIPLOMADO
2020,M,DIPCAIS,2,,,,,,,,,DIPLOMADO
2020,M,DIPCGE,8,,,,,,,,,DIPLOMADO
2020,M,DIPCOM,2,,,,,,,,,DIPLOMADO
2020,M,DIPCOR,4,,,,,,,,,DIPLOMADO
2020,M,DIPCSE,1,,,,,,,,,DIPLOMADO
2020,M,DIPDCOS,32,,,,,,,,,DIPLOMADO
2020,M,DIPDE,8,,,,,,,,,DIPLOMADO
2020,M,DIPDEL,73,,,,,,,,,DIPLOMADO
2020,M,DIPDHG,75,,,,,,,,,DIPLOMADO
2020,M,DIPDIES,11,,,,,,,,,DIPLOMADO
2020,M,DIPDU,3,,,,,,,,,DIPLOMADO
2020,M,DIPEAI,15,,,,,,,,,DIPLOMADO
2020,M,DIPEDSC,12,,,,,,,,,DIPLOMADO
2020,M,DIPEESCL,6,,,,,,,,,DIPLOMADO
2020,M,DIPEG,3,,,,,,,,,DIPLOMADO
2020,M,DIPEGAM,14,,,,,,,,,DIPLOMADO
2020,M,DIPEGCO,3,,,,,,,,,DIPLOMADO
2020,M,DIPEHID,16,,,,,,,,,DIPLOMADO
2020,M,DIPENAF,9,,,,,,,,,DIPLOMADO
2020,M,DIPEPR,1,,,,,,,,,DIPLOMADO
2020,M,DIPERGE,32,,,,,,,,,DIPLOMADO
2020,M,DIPESES,13,,,,,,,,,DIPLOMADO
2020,M,DIPETPM,23,,,,,,,,,DIPLOMADO
2020,M,DIPFCD,10,,,,,,,,,DIPLOMADO
2020,M,DIPFCMF,9,,,,,,,,,DIPLOMADO
2020,M,DIPFTO,1,,,,,,,,,DIPLOMADO
2020,M,DIPGA,10,,,,,,,,,DIPLOMADO
2020,M,DIPGCAC,13,,,,,,,,,DIPLOMADO
2020,M,DIPGF,10,,,,,,,,,DIPLOMADO
2020,M,DIPGFIN,8,,,,,,,,,DIPLOMADO
2020,M,DIPGLGM,3,,,,,,,,,DIPLOMADO
2020,M,DIPGLPD,10,,,,,,,,,DIPLOMADO
2020,M,DIPGRH,2,,,,,,,,,DIPLOMADO
2020,M,DIPGSA,3,,,,,,,,,DIPLOMADO
2020,M,DIPGSSO,3,,,,,,,,,DIPLOMADO
2020,M,DIPIEA,14,,,,,,,,,DIPLOMADO
2020,M,DIPIEDF,15,,,,,,,,,DIPLOMADO
2020,M,DIPIMF,8,,,,,,,,,DIPLOMADO
2020,M,DIPISGD,29,,,,,,,,,DIPLOMADO
2020,M,DIPITSO,16,,,,,,,,,DIPLOMADO
2020,M,DIPLI,11,,,,,,,,,DIPLOMADO
2020,M,DIPLIJ,3,,,,,,,,,DIPLOMADO
2020,M,DIPMAD,5,,,,,,,,,DIPLOMADO
2020,M,DIPMCOM,14,,,,,,,,,DIPLOMADO
2020,M,DIPMGCS,1,,,,,,,,,DIPLOMADO
2020,M,DIPMIG,7,,,,,,,,,DIPLOMADO
2020,M,DIPMME,1,,,,,,,,,DIPLOMADO
2020,M,DIPNAH,22,,,,,,,,,DIPLOMADO
2020,M,DIPNICP,29,,,,,,,,,DIPLOMADO
2020,M,DIPOSEP,34,,,,,,,,,DIPLOMADO
2020,M,DIPOTRC,8,,,,,,,,,DIPLOMADO
2020,M,DIPPCCD,10,,,,,,,,,DIPLOMADO
2020,M,DIPPDT,16,,,,,,,,,DIPLOMADO
2020,M,DIPPGG,8,,,,,,,,,DIPLOMADO
2020,M,DIPPGT,23,,,,,,,,,DIPLOMADO
2020,M,DIPPM,7,,,,,,,,,DIPLOMADO
2020,M,DIPRMEE,22,,,,,,,,,DIPLOMADO
2020,M,DIPSMPM,8,,,,,,,,,DIPLOMADO
2020,M,DIPTMEH,6,,,,,,,,,DIPLOMADO
2020,M,DIPVGRS,1,,,,,,,,,DIPLOMADO
2020,M,DOCBIO,6,5.0,4.0,4.0,4.0,0.8333333333333334,0.6666666666666666,0.6666666666666666,0.6666666666666666,DOCTORADO
2020,M,DOCCSALIM,2,1.0,1.0,1.0,1.0,0.5,0.5,0.5,0.5,DOCTORADO
2020,M,DOCCSFIS,3,3.0,3.0,3.0,2.0,1.0,1.0,1.0,0.6666666666666666,DOCTORADO
2020,M,DOCCSING,11,10.0,9.0,9.0,8.0,0.9090909090909091,0.8181818181818182,0.8181818181818182,0.7272727272727273,DOCTORADO
2020,M,DOCCSMAT,2,2.0,1.0,1.0,1.0,1.0,0.5,0.5,0.5,DOCTORADO
2020,M,DOCESTAM,8,8.0,8.0,8.0,5.0,1.0,1.0,1.0,0.625,DOCTORADO
2020,M,DOCHIST,3,3.0,3.0,3.0,3.0,1.0,1.0,1.0,1.0,DOCTORADO
2020,M,DOCMICROBIO,2,2.0,2.0,2.0,2.0,1.0,1.0,1.0,1.0,DOCTORADO
2020,M,DOCNEUROC,3,3.0,3.0,3.0,3.0,1.0,1.0,1.0,1.0,DOCTORADO
2020,M,DOCQUIM,3,3.0,3.0,3.0,2.0,1.0,1.0,1.0,0.6666666666666666,DOCTORADO
2020,M,ENF,13,11.0,10.0,10.0,10.0,0.8461538461538461,0.7692307692307693,0.7692307692307693,0.7692307692307693,PREGRADO
2020,M,HCS,15,7.0,6.0,5.0,3.0,0.4666666666666667,0.4,0.3333333333333333,0.2,PREGRADO
2020,M,ICAMB,22,17.0,16.0,14.0,13.0,0.7727272727272727,0.7272727272727273,0.6363636363636364,0.5909090909090909,PREGRADO
2020,M,ICBIO,28,21.0,18.0,12.0,11.0,0.75,0.6428571428571429,0.42857142857142855,0.39285714285714285,PREGRADO
2020,M,ICBIOM,24,22.0,19.0,19.0,17.0,0.9166666666666666,0.7916666666666666,0.7916666666666666,0.7083333333333334,PREGRADO
2020,M,ICELEC,163,150.0,130.0,92.0,69.0,0.9202453987730062,0.7975460122699386,0.5644171779141104,0.4233128834355828,PREGRADO
2020,M,ICGEOG,20,17.0,14.0,10.0,7.0,0.85,0.7,0.5,0.35,PREGRADO
2020,M,ICIND,153,138.0,118.0,92.0,76.0,0.9019607843137255,0.7712418300653595,0.6013071895424836,0.49673202614379086,PREGRADO
2020,M,ICINF,101,90.0,72.0,46.0,30.0,0.8910891089108911,0.7128712871287128,0.45544554455445546,0.297029702970297,PREGRADO
2020,M,ICMEC,99,85.0,71.0,52.0,36.0,0.8585858585858586,0.7171717171717171,0.5252525252525253,0.36363636363636365,PREGRADO
2020,M,ICMECAT,57,54.0,48.0,34.0,30.0,0.9473684210526315,0.8421052631578947,0.5964912280701754,0.5263157894736842,PREGRADO
2020,M,ICMET,58,47.0,40.0,27.0,19.0,0.8103448275862069,0.6896551724137931,0.46551724137931033,0.3275862068965517,PREGRADO
2020,M,ICMIN,75,71.0,64.0,49.0,32.0,0.9466666666666667,0.8533333333333334,0.6533333333333333,0.4266666666666667,PREGRADO
2020,M,ICOBR,96,83.0,76.0,63.0,42.0,0.8645833333333334,0.7916666666666666,0.65625,0.4375,PREGRADO
2020,M,ICQUIM,38,35.0,34.0,22.0,21.0,0.9210526315789473,0.8947368421052632,0.5789473684210527,0.5526315789473685,PREGRADO
2020,M,ICTEL,29,24.0,20.0,12.0,10.0,0.8275862068965517,0.6896551724137931,0.41379310344827586,0.3448275862068966,PREGRADO
2020,M,IEAMB,7,5.0,5.0,3.0,1.0,0.7142857142857143,0.7142857142857143,0.42857142857142855,0.14285714285714285,PREGRADO
2020,M,IECLIM,6,4.0,4.0,4.0,4.0,0.6666666666666666,0.6666666666666666,0.6666666666666666,0.6666666666666666,PREGRADO
2020,M,IEELEC,172,149.0,97.0,85.0,58.0,0.8662790697674418,0.563953488372093,0.4941860465116279,0.3372093023255814,PREGRADO
2020,M,IEGEOM,20,14.0,12.0,9.0,5.0,0.7,0.6,0.45,0.25,PREGRADO
2020,M,IEIND,97,83.0,70.0,58.0,21.0,0.8556701030927835,0.7216494845360825,0.5979381443298969,0.21649484536082475,PREGRADO
2020,M,IEINF,72,63.0,50.0,35.0,28.0,0.875,0.6944444444444444,0.4861111111111111,0.3888888888888889,PREGRADO
2020,M,IEMEC,63,52.0,44.0,32.0,19.0,0.8253968253968254,0.6984126984126984,0.5079365079365079,0.30158730158730157,PREGRADO
2020,M,IEMET,15,8.0,7.0,5.0,4.0,0.5333333333333333,0.4666666666666667,0.3333333333333333,0.26666666666666666,PREGRADO
2020,M,IEMIN,37,29.0,22.0,14.0,11.0,0.7837837837837838,0.5945945945945946,0.3783783783783784,0.2972972972972973,PREGRADO
2020,M,IEQUIM,29,25.0,19.0,15.0,13.0,0.8620689655172413,0.6551724137931034,0.5172413793103449,0.4482758620689655,PREGRADO
2020,M,INGAGRO,20,15.0,15.0,15.0,15.0,0.75,0.75,0.75,0.75,PREGRADO
2020,M,INGAL,11,10.0,9.0,9.0,8.0,0.9090909090909091,0.8181818181818182,0.8181818181818182,0.7272727272727273,PREGRADO
2020,M,INGCO,240,216.0,197.0,173.0,153.0,0.9,0.8208333333333333,0.7208333333333333,0.6375,PREGRADO
2020,M,INGEST,24,17.0,15.0,11.0,8.0,0.7083333333333334,0.625,0.4583333333333333,0.3333333333333333,PREGRADO
2020,M,INGFI,39,33.0,30.0,23.0,18.0,0.8461538461538461,0.7692307692307693,0.5897435897435898,0.46153846153846156,PREGRADO
2020,M,INGMA,36,30.0,26.0,21.0,18.0,0.8333333333333334,0.7222222222222222,0.5833333333333334,0.5,PREGRADO
2020,M,KINE,17,15.0,13.0,13.0,13.0,0.8823529411764706,0.7647058823529411,0.7647058823529411,0.7647058823529411,PREGRADO
2020,M,LAT,13,12.0,10.0,9.0,7.0,0.9230769230769231,0.7692307692307693,0.6923076923076923,0.5384615384615384,PREGRADO
2020,M,LCC,33,29.0,24.0,22.0,22.0,0.8787878787878788,0.7272727272727273,0.6666666666666666,0.6666666666666666,PREGRADO
2020,M,LEB,22,19.0,15.0,14.0,14.0,0.8636363636363636,0.6818181818181818,0.6363636363636364,0.6363636363636364,PREGRADO
2020,M,LEE,13,12.0,12.0,12.0,12.0,0.9230769230769231,0.9230769230769231,0.9230769230769231,0.9230769230769231,PREGRADO
2020,M,LICAFENDEP,27,22.0,19.0,18.0,17.0,0.8148148148148148,0.7037037037037037,0.6666666666666666,0.6296296296296297,PREGRADO
2020,M,LICAFTERAP,13,9.0,7.0,7.0,7.0,0.6923076923076923,0.5384615384615384,0.5384615384615384,0.5384615384615384,PREGRADO
2020,M,LQC,15,13.0,12.0,12.0,9.0,0.8666666666666667,0.8,0.8,0.6,PREGRADO
2020,M,MAGADE,78,78.0,42.0,9.0,6.0,1.0,0.5384615384615384,0.11538461538461539,0.07692307692307693,MAGISTER
2020,M,MAGAP,4,4.0,3.0,,,1.0,0.75,,,MAGISTER
2020,M,MAGARH,1,1.0,1.0,1.0,,1.0,1.0,1.0,,MAGISTER
2020,M,MAGCA,7,5.0,,1.0,1.0,0.7142857142857143,,0.14285714285714285,0.14285714285714285,MAGISTER
2020,M,MAGCC,5,4.0,1.0,,,0.8,0.2,,,MAGISTER
2020,M,MAGCDI,44,41.0,24.0,7.0,1.0,0.9318181818181818,0.5454545454545454,0.1590909090909091,0.022727272727272728,MAGISTER
2020,M,MAGCE,5,4.0,2.0,1.0,,0.8,0.4,0.2,,MAGISTER
2020,M,MAGCM,4,2.0,2.0,,,0.5,0.5,,,MAGISTER
2020,M,MAGCS,2,2.0,2.0,1.0,,1.0,1.0,0.5,,MAGISTER
2020,M,MAGCSF,4,4.0,2.0,1.0,,1.0,0.5,0.25,,MAGISTER
2020,M,MAGEDM,3,2.0,1.0,1.0,1.0,0.6666666666666666,0.3333333333333333,0.3333333333333333,0.3333333333333333,MAGISTER
2020,M,MAGEDU,6,6.0,,,,1.0,,,,MAGISTER
2020,M,MAGEF,26,20.0,7.0,1.0,,0.7692307692307693,0.2692307692307692,0.038461538461538464,,MAGISTER
2020,M,MAGEI,6,5.0,5.0,,,0.8333333333333334,0.8333333333333334,,,MAGISTER
2020,M,MAGEII,11,11.0,10.0,2.0,2.0,1.0,0.9090909090909091,0.18181818181818182,0.18181818181818182,MAGISTER
2020,M,MAGFC,6,6.0,5.0,2.0,,1.0,0.8333333333333334,0.3333333333333333,,MAGISTER
2020,M,MAGFIN,3,3.0,2.0,2.0,,1.0,0.6666666666666666,0.6666666666666666,,MAGISTER
2020,M,MAGGP,20,16.0,8.0,1.0,1.0,0.8,0.4,0.05,0.05,MAGISTER
2020,M,MAGHE,1,1.0,1.0,,,1.0,1.0,,,MAGISTER
2020,M,MAGHI,11,11.0,11.0,,,1.0,1.0,,,MAGISTER
2020,M,MAGIE,4,3.0,2.0,,,0.75,0.5,,,MAGISTER
2020,M,MAGII,8,6.0,1.0,,1.0,0.75,0.125,,0.125,MAGISTER
2020,M,MAGIT,8,7.0,2.0,,,0.875,0.25,,,MAGISTER
2020,M,MAGLG,4,2.0,1.0,,,0.5,0.25,,,MAGISTER
2020,M,MAGLI,1,1.0,,1.0,,1.0,,1.0,,MAGISTER
2020,M,MAGMA,2,2.0,,,,1.0,,,,MAGISTER
2020,M,MAGMARK,18,15.0,12.0,,,0.8333333333333334,0.6666666666666666,,,MAGISTER
2020,M,MAGPED,2,2.0,,1.0,,1.0,,0.5,,MAGISTER
2020,M,MAGPGT,4,4.0,4.0,2.0,1.0,1.0,1.0,0.5,0.25,MAGISTER
2020,M,MAGQUI,6,5.0,4.0,1.0,,0.8333333333333334,0.6666666666666666,0.16666666666666666,,MAGISTER
2020,M,MAGSGI,1,1.0,1.0,1.0,,1.0,1.0,1.0,,MAGISTER
2020,M,MAGTA,1,1.0,1.0,,,1.0,1.0,,,MAGISTER
2020,M,MED,24,22.0,21.0,21.0,20.0,0.9166666666666666,0.875,0.875,0.8333333333333334,PREGRADO
2020,M,MIDA,4,4.0,,1.0,,1.0,,0.25,,MAGISTER
2020,M,OBP,2,2.0,2.0,2.0,2.0,1.0,1.0,1.0,1.0,PREGRADO
2020,M,PEDCAST,14,14.0,12.0,12.0,12.0,1.0,0.8571428571428571,0.8571428571428571,0.8571428571428571,PREGRADO
2020,M,PEDEDFIS,15,13.0,13.0,13.0,13.0,0.8666666666666667,0.8666666666666667,0.8666666666666667,0.8666666666666667,PREGRADO
2020,M,PEDEGB,2,1.0,1.0,1.0,1.0,0.5,0.5,0.5,0.5,PREGRADO
2020,M,PEDFILOS,10,8.0,6.0,6.0,6.0,0.8,0.6,0.6,0.6,PREGRADO
2020,M,PEDFISMAT,27,16.0,14.0,14.0,14.0,0.5925925925925926,0.5185185185185185,0.5185185185185185,0.5185185185185185,PREGRADO
2020,M,PEDHS,28,24.0,21.0,19.0,17.0,0.8571428571428571,0.75,0.6785714285714286,0.6071428571428571,PREGRADO
2020,M,PEDINGLES,11,8.0,8.0,7.0,6.0,0.7272727272727273,0.7272727272727273,0.6363636363636364,0.5454545454545454,PREGRADO
2020,M,PEDMATCOMP,34,28.0,25.0,24.0,22.0,0.8235294117647058,0.7352941176470589,0.7058823529411765,0.6470588235294118,PREGRADO
2020,M,PEDQUIMBIO,17,13.0,13.0,12.0,10.0,0.7647058823529411,0.7647058823529411,0.7058823529411765,0.5882352941176471,PREGRADO
2020,M,PEP,9,7.0,,1.0,,0.7777777777777778,,0.1111111111111111,,PREGRADO
2020,M,PER,38,34.0,25.0,17.0,15.0,0.8947368421052632,0.6578947368421053,0.4473684210526316,0.39473684210526316,PREGRADO
2020,M,POSAN,6,4.0,4.0,,,0.6666666666666666,0.6666666666666666,,,POSTITUTLO
2020,M,POSAPA,2,2.0,2.0,,,1.0,1.0,,,POSTITUTLO
2020,M,POSCG,12,11.0,9.0,3.0,,0.9166666666666666,0.75,0.25,,POSTITUTLO
2020,M,POSECP,2,2.0,2.0,,,1.0,1.0,,,POSTITUTLO
2020,M,POSEDV,1,1.0,1.0,,,1.0,1.0,,,POSTITUTLO
2020,M,POSEMI,11,10.0,9.0,5.0,,0.9090909090909091,0.8181818181818182,0.45454545454545453,,POSTITUTLO
2020,M,POSENP,2,2.0,2.0,1.0,,1.0,1.0,0.5,,POSTITUTLO
2020,M,POSEPI,2,2.0,2.0,,,1.0,1.0,,,POSTITUTLO
2020,M,POSGER,2,1.0,1.0,1.0,,0.5,0.5,0.5,,POSTITUTLO
2020,M,POSGO,2,2.0,1.0,,,1.0,0.5,,,POSTITUTLO
2020,M,POSIA,1,1.0,,,,1.0,,,,POSTITUTLO
2020,M,POSIMH,4,,,,,,,,,POSTITUTLO
2020,M,POSMDAF,3,3.0,3.0,,,1.0,1.0,,,POSTITUTLO
2020,M,POSMF,2,2.0,2.0,1.0,,1.0,1.0,0.5,,POSTITUTLO
2020,M,POSMIIA,4,2.0,2.0,2.0,,0.5,0.5,0.5,,POSTITUTLO
2020,M,POSMU,4,2.0,2.0,,,0.5,0.5,,,POSTITUTLO
2020,M,POSNEU,4,4.0,4.0,,,1.0,1.0,,,POSTITUTLO
2020,M,POSNEUC,1,1.0,1.0,1.0,,1.0,1.0,1.0,,POSTITUTLO
2020,M,POSOFT,2,2.0,2.0,,,1.0,1.0,,,POSTITUTLO
2020,M,POSOPT,2,,,,,,,,,POSTITUTLO
2020,M,POSORTI,4,4.0,3.0,,,1.0,0.75,,,POSTITUTLO
2020,M,POSPA,11,11.0,11.0,,,1.0,1.0,,,POSTITUTLO
2020,M,POSPED,3,2.0,2.0,1.0,,0.6666666666666666,0.6666666666666666,0.3333333333333333,,POSTITUTLO
2020,M,POSREI,2,2.0,2.0,,,1.0,1.0,,,POSTITUTLO
2020,M,POSTROR,13,11.0,10.0,2.0,,0.8461538461538461,0.7692307692307693,0.15384615384615385,,POSTITUTLO
2020,M,POSURO,5,5.0,5.0,1.0,,1.0,1.0,0.2,,POSTITUTLO
2020,M,PRE,19,19.0,18.0,,,1.0,0.9473684210526315,,,PREGRADO
2020,M,PSI,30,26.0,26.0,24.0,23.0,0.8666666666666667,0.8666666666666667,0.8,0.7666666666666667,PREGRADO
2020,M,PUB,36,31.0,31.0,30.0,30.0,0.8611111111111112,0.8611111111111112,0.8333333333333334,0.8333333333333334,PREGRADO
2020,M,QYF,33,32.0,30.0,27.0,25.0,0.9696969696969697,0.9090909090909091,0.8181818181818182,0.7575757575757576,PREGRADO
2020,M,TAI,38,31.0,23.0,10.0,4.0,0.8157894736842105,0.6052631578947368,0.2631578947368421,0.10526315789473684,PREGRADO
2020,M,TAP,7,6.0,5.0,4.0,1.0,0.8571428571428571,0.7142857142857143,0.5714285714285714,0.14285714285714285,PREGRADO
2020,M,TCI,18,12.0,12.0,2.0,1.0,0.6666666666666666,0.6666666666666666,0.1111111111111111,0.05555555555555555,PREGRADO
2020,M,TCO,28,22.0,18.0,9.0,2.0,0.7857142857142857,0.6428571428571429,0.32142857142857145,0.07142857142857142,PREGRADO
2020,M,TDI,14,10.0,11.0,4.0,,0.7142857142857143,0.7857142857142857,0.2857142857142857,,PREGRADO
2020,M,TEA,10,7.0,7.0,6.0,3.0,0.7,0.7,0.6,0.3,PREGRADO
2020,M,TEC,33,25.0,24.0,11.0,3.0,0.7575757575757576,0.7272727272727273,0.3333333333333333,0.09090909090909091,PREGRADO
2020,M,TEO,9,8.0,8.0,7.0,7.0,0.8888888888888888,0.8888888888888888,0.7777777777777778,0.7777777777777778,PREGRADO
2020,M,TMI,20,14.0,14.0,12.0,2.0,0.7,0.7,0.6,0.1,PREGRADO
2020,M,TQF,12,12.0,10.0,5.0,2.0,1.0,0.8333333333333334,0.4166666666666667,0.16666666666666666,PREGRADO
2020,M,TRD,34,25.0,,,,0.7352941176470589,,,,PREGRADO
2020,M,TUI,21,15.0,7.0,2.0,1.0,0.7142857142857143,0.3333333333333333,0.09523809523809523,0.047619047619047616,PREGRADO
2020,N,PSI,1,1.0,1.0,1.0,1.0,1.0,1.0,1.0,1.0,PREGRADO
2021,F,ADMPUB,56,50.0,48.0,41.0,39.0,0.8928571428571429,0.8571428571428571,0.7321428571428571,0.6964285714285714,PREGRADO
2021,F,ARQ,59,51.0,51.0,50.0,44.0,0.864406779661017,0.864406779661017,0.847457627118644,0.7457627118644068,PREGRADO
2021,F,BACHI,128,76.0,7.0,1.0,,0.59375,0.0546875,0.0078125,,PREGRADO
2021,F,CCIV,32,30.0,27.0,17.0,5.0,0.9375,0.84375,0.53125,0.15625,PREGRADO
2021,F,CONTA,165,142.0,128.0,119.0,114.0,0.8606060606060606,0.7757575757575758,0.7212121212121212,0.6909090909090909,PREGRADO
2021,F,DCOMV,38,36.0,36.0,32.0,31.0,0.9473684210526315,0.9473684210526315,0.8421052631578947,0.8157894736842105,PREGRADO
2021,F,DERECHO,120,93.0,81.0,67.0,63.0,0.775,0.675,0.5583333333333333,0.525,PREGRADO
2021,F,DIN,7,7.0,,1.0,,1.0,,0.14285714285714285,,PREGRADO
2021,F,DIPAFSP,25,,,,,,,,,DIPLOMADO
2021,F,DIPAGR,3,,,,,,,,,DIPLOMADO
2021,F,DIPAN,3,,,,,,,,,DIPLOMADO
2021,F,DIPANH,2,,,,,,,,,DIPLOMADO
2021,F,DIPAOC,1,,,,,,,,,DIPLOMADO
2021,F,DIPAPGP,98,,,,,,,,,DIPLOMADO
2021,F,DIPAPR,90,,,,,,,,,DIPLOMADO
2021,F,DIPAPSF,25,,,,,,,,,DIPLOMADO
2021,F,DIPART,66,,,,,,,,,DIPLOMADO
2021,F,DIPBRMA,13,,,,,,,,,DIPLOMADO
2021,F,DIPCAIS,14,,,,,,,,,DIPLOMADO
2021,F,DIPCCOA,24,,,,,,,,,DIPLOMADO
2021,F,DIPCGAE,36,,,,,,,,,DIPLOMADO
2021,F,DIPCGE,16,,,,,,,,,DIPLOMADO
2021,F,DIPCOM,4,,,,,,,,,DIPLOMADO
2021,F,DIPCPLO,6,,,,,,,,,DIPLOMADO
2021,F,DIPCSE,2,,,,,,,,,DIPLOMADO
2021,F,DIPDCOS,11,,,,,,,,,DIPLOMADO
2021,F,DIPDE,1,,,,,,,,,DIPLOMADO
2021,F,DIPDEL,65,,,,,,,,,DIPLOMADO
2021,F,DIPDHG,2,,,,,,,,,DIPLOMADO
2021,F,DIPDIES,11,,,,,,,,,DIPLOMADO
2021,F,DIPDU,48,,,,,,,,,DIPLOMADO
2021,F,DIPDUA,40,,,,,,,,,DIPLOMADO
2021,F,DIPEAI,34,,,,,,,,,DIPLOMADO
2021,F,DIPEDEP,5,,,,,,,,,DIPLOMADO
2021,F,DIPEDSC,17,,,,,,,,,DIPLOMADO
2021,F,DIPEEC,5,,,,,,,,,DIPLOMADO
2021,F,DIPEG,1,,,,,,,,,DIPLOMADO
2021,F,DIPEGAM,24,,,,,,,,,DIPLOMADO
2021,F,DIPEHID,5,,,,,,,,,DIPLOMADO
2021,F,DIPEIL,17,,,,,,,,,DIPLOMADO
2021,F,DIPENAF,19,,,,,,,,,DIPLOMADO
2021,F,DIPEOGM,23,,,,,,,,,DIPLOMADO
2021,F,DIPEPR,3,,,,,,,,,DIPLOMADO
2021,F,DIPERNC,1,,,,,,,,,DIPLOMADO
2021,F,DIPESM,6,,,,,,,,,DIPLOMADO
2021,F,DIPETPM,2,,,,,,,,,DIPLOMADO
2021,F,DIPEYFE,6,,,,,,,,,DIPLOMADO
2021,F,DIPFCD,11,,,,,,,,,DIPLOMADO
2021,F,DIPFCMF,6,,,,,,,,,DIPLOMADO
2021,F,DIPGCAC,6,,,,,,,,,DIPLOMADO
2021,F,DIPGEO,16,,,,,,,,,DIPLOMADO
2021,F,DIPGFIN,4,,,,,,,,,DIPLOMADO
2021,F,DIPGGR,6,,,,,,,,,DIPLOMADO
2021,F,DIPGMDIA,10,,,,,,,,,DIPLOMADO
2021,F,DIPGPIS,46,,,,,,,,,DIPLOMADO
2021,F,DIPGRDO,2,,,,,,,,,DIPLOMADO
2021,F,DIPGRH,33,,,,,,,,,DIPLOMADO
2021,F,DIPGSA,32,,,,,,,,,DIPLOMADO
2021,F,DIPGSSO,3,,,,,,,,,DIPLOMADO
2021,F,DIPGYDP,17,,,,,,,,,DIPLOMADO
2021,F,DIPIDM,15,,,,,,,,,DIPLOMADO
2021,F,DIPIEA,11,,,,,,,,,DIPLOMADO
2021,F,DIPIEDF,4,,,,,,,,,DIPLOMADO
2021,F,DIPIEYE,17,,,,,,,,,DIPLOMADO
2021,F,DIPIMF,3,,,,,,,,,DIPLOMADO
2021,F,DIPITSO,1,,,,,,,,,DIPLOMADO
2021,F,DIPLI,14,,,,,,,,,DIPLOMADO
2021,F,DIPLIEA,9,,,,,,,,,DIPLOMADO
2021,F,DIPLIEAL,4,,,,,,,,,DIPLOMADO
2021,F,DIPLIEO,3,,,,,,,,,DIPLOMADO
2021,F,DIPLIJ,33,,,,,,,,,DIPLOMADO
2021,F,DIPMAD,2,,,,,,,,,DIPLOMADO
2021,F,DIPMCOM,1,,,,,,,,,DIPLOMADO
2021,F,DIPMD,2,,,,,,,,,DIPLOMADO
2021,F,DIPMDYS,2,,,,,,,,,DIPLOMADO
2021,F,DIPMGCS,28,,,,,,,,,DIPLOMADO
2021,F,DIPMICC,5,,,,,,,,,DIPLOMADO
2021,F,DIPMIG,14,,,,,,,,,DIPLOMADO
2021,F,DIPMINE,2,,,,,,,,,DIPLOMADO
2021,F,DIPMME,7,,,,,,,,,DIPLOMADO
2021,F,DIPNAH,67,,,,,,,,,DIPLOMADO
2021,F,DIPNCSE,8,,,,,,,,,DIPLOMADO
2021,F,DIPNICI,12,,,,,,,,,DIPLOMADO
2021,F,DIPNICP,23,,,,,,,,,DIPLOMADO
2021,F,DIPNSCI,2,,,,,,,,,DIPLOMADO
2021,F,DIPOSEP,4,,,,,,,,,DIPLOMADO
2021,F,DIPOTRC,2,,,,,,,,,DIPLOMADO
2021,F,DIPPCCD,8,,,,,,,,,DIPLOMADO
2021,F,DIPPDT,13,,,,,,,,,DIPLOMADO
2021,F,DIPPGT,29,1.0,,,,0.034482758620689655,,,,DIPLOMADO
2021,F,DIPPIC,4,,,,,,,,,DIPLOMADO
2021,F,DIPPM,2,,,,,,,,,DIPLOMADO
2021,F,DIPPPAG,2,,,,,,,,,DIPLOMADO
2021,F,DIPPTG,8,,,,,,,,,DIPLOMADO
2021,F,DIPRHDO,53,,,,,,,,,DIPLOMADO
2021,F,DIPRMEE,1,,,,,,,,,DIPLOMADO
2021,F,DIPROCN,3,,,,,,,,,DIPLOMADO
2021,F,DIPSMPM,5,,,,,,,,,DIPLOMADO
2021,F,DIPSSREE,3,,,,,,,,,DIPLOMADO
2021,F,DOCBIO,4,4.0,4.0,4.0,4.0,1.0,1.0,1.0,1.0,DOCTORADO
2021,F,DOCCSALIM,3,3.0,3.0,2.0,2.0,1.0,1.0,0.6666666666666666,0.6666666666666666,DOCTORADO
2021,F,DOCCSFIS,2,2.0,2.0,1.0,1.0,1.0,1.0,0.5,0.5,DOCTORADO
2021,F,DOCCSING,5,4.0,4.0,4.0,2.0,0.8,0.8,0.8,0.4,DOCTORADO
2021,F,DOCESTAM,6,6.0,6.0,6.0,6.0,1.0,1.0,1.0,1.0,DOCTORADO
2021,F,DOCHIST,3,3.0,3.0,3.0,3.0,1.0,1.0,1.0,1.0,DOCTORADO
2021,F,DOCMICROBIO,3,2.0,,,,0.6666666666666666,,,,DOCTORADO
2021,F,DOCNEUROC,1,1.0,1.0,1.0,1.0,1.0,1.0,1.0,1.0,DOCTORADO
2021,F,DOCQUIM,3,3.0,3.0,3.0,2.0,1.0,1.0,1.0,0.6666666666666666,DOCTORADO
2021,F,ENF,50,42.0,40.0,39.0,37.0,0.84,0.8,0.78,0.74,PREGRADO
2021,F,HCS,8,6.0,6.0,6.0,4.0,0.75,0.75,0.75,0.5,PREGRADO
2021,F,ICAMB,37,32.0,25.0,16.0,15.0,0.8648648648648649,0.6756756756756757,0.43243243243243246,0.40540540540540543,PREGRADO
2021,F,ICBIO,22,21.0,19.0,14.0,12.0,0.9545454545454546,0.8636363636363636,0.6363636363636364,0.5454545454545454,PREGRADO
2021,F,ICBIOM,45,34.0,29.0,21.0,18.0,0.7555555555555555,0.6444444444444445,0.4666666666666667,0.4,PREGRADO
2021,F,ICELEC,19,17.0,12.0,10.0,10.0,0.8947368421052632,0.631578947368421,0.5263157894736842,0.5263157894736842,PREGRADO
2021,F,ICGEOG,4,2.0,2.0,,,0.5,0.5,,,PREGRADO
2021,F,ICIND,107,91.0,72.0,55.0,46.0,0.8504672897196262,0.6728971962616822,0.514018691588785,0.42990654205607476,PREGRADO
2021,F,ICINF,27,21.0,15.0,8.0,6.0,0.7777777777777778,0.5555555555555556,0.2962962962962963,0.2222222222222222,PREGRADO
2021,F,ICMEC,22,16.0,14.0,10.0,8.0,0.7272727272727273,0.6363636363636364,0.45454545454545453,0.36363636363636365,PREGRADO
2021,F,ICMECAT,15,8.0,3.0,2.0,,0.5333333333333333,0.2,0.13333333333333333,,PREGRADO
2021,F,ICMET,14,12.0,9.0,6.0,3.0,0.8571428571428571,0.6428571428571429,0.42857142857142855,0.21428571428571427,PREGRADO
2021,F,ICMIN,38,33.0,27.0,19.0,15.0,0.868421052631579,0.7105263157894737,0.5,0.39473684210526316,PREGRADO
2021,F,ICOBR,47,35.0,29.0,18.0,17.0,0.7446808510638298,0.6170212765957447,0.3829787234042553,0.3617021276595745,PREGRADO
2021,F,ICQUIM,28,21.0,14.0,11.0,11.0,0.75,0.5,0.39285714285714285,0.39285714285714285,PREGRADO
2021,F,ICTEL,4,2.0,,,,0.5,,,,PREGRADO
2021,F,IEAMB,7,7.0,7.0,7.0,1.0,1.0,1.0,1.0,0.14285714285714285,PREGRADO
2021,F,IECLIM,1,1.0,1.0,,,1.0,1.0,,,PREGRADO
2021,F,IEELEC,12,9.0,5.0,4.0,2.0,0.75,0.4166666666666667,0.3333333333333333,0.16666666666666666,PREGRADO
2021,F,IEGEOM,7,6.0,4.0,1.0,1.0,0.8571428571428571,0.5714285714285714,0.14285714285714285,0.14285714285714285,PREGRADO
2021,F,IEIND,62,50.0,43.0,30.0,18.0,0.8064516129032258,0.6935483870967742,0.4838709677419355,0.2903225806451613,PREGRADO
2021,F,IEINF,16,14.0,10.0,6.0,4.0,0.875,0.625,0.375,0.25,PREGRADO
2021,F,IEMEC,3,2.0,2.0,2.0,2.0,0.6666666666666666,0.6666666666666666,0.6666666666666666,0.6666666666666666,PREGRADO
2021,F,IEMET,6,2.0,1.0,1.0,1.0,0.3333333333333333,0.16666666666666666,0.16666666666666666,0.16666666666666666,PREGRADO
2021,F,IEMIN,10,9.0,9.0,7.0,7.0,0.9,0.9,0.7,0.7,PREGRADO
2021,F,IEQUIM,26,21.0,16.0,12.0,4.0,0.8076923076923077,0.6153846153846154,0.46153846153846156,0.15384615384615385,PREGRADO
2021,F,INGAGRO,11,4.0,2.0,2.0,2.0,0.36363636363636365,0.18181818181818182,0.18181818181818182,0.18181818181818182,PREGRADO
2021,F,INGAL,17,15.0,14.0,14.0,13.0,0.8823529411764706,0.8235294117647058,0.8235294117647058,0.7647058823529411,PREGRADO
2021,F,INGCO,265,222.0,200.0,171.0,155.0,0.8377358490566038,0.7547169811320755,0.6452830188679245,0.5849056603773585,PREGRADO
2021,F,INGEST,15,12.0,10.0,8.0,8.0,0.8,0.6666666666666666,0.5333333333333333,0.5333333333333333,PREGRADO
2021,F,INGFI,21,14.0,14.0,10.0,8.0,0.6666666666666666,0.6666666666666666,0.47619047619047616,0.38095238095238093,PREGRADO
2021,F,INGMA,20,11.0,7.0,3.0,2.0,0.55,0.35,0.15,0.1,PREGRADO
2021,F,KINE,37,31.0,29.0,29.0,28.0,0.8378378378378378,0.7837837837837838,0.7837837837837838,0.7567567567567568,PREGRADO
2021,F,LAT,32,30.0,26.0,24.0,24.0,0.9375,0.8125,0.75,0.75,PREGRADO
2021,F,LCC,4,4.0,3.0,3.0,2.0,1.0,0.75,0.75,0.5,PREGRADO
2021,F,LEB,38,33.0,31.0,29.0,28.0,0.868421052631579,0.8157894736842105,0.7631578947368421,0.7368421052631579,PREGRADO
2021,F,LEE,46,41.0,34.0,33.0,33.0,0.8913043478260869,0.7391304347826086,0.717391304347826,0.717391304347826,PREGRADO
2021,F,LICAFENDEP,11,10.0,9.0,8.0,8.0,0.9090909090909091,0.8181818181818182,0.7272727272727273,0.7272727272727273,PREGRADO
2021,F,LICAFTERAP,3,3.0,2.0,1.0,,1.0,0.6666666666666666,0.3333333333333333,,PREGRADO
2021,F,LQC,15,12.0,6.0,4.0,4.0,0.8,0.4,0.26666666666666666,0.26666666666666666,PREGRADO
2021,F,MAGADE,21,19.0,10.0,4.0,3.0,0.9047619047619048,0.47619047619047616,0.19047619047619047,0.14285714285714285,MAGISTER
2021,F,MAGAP,12,12.0,4.0,1.0,,1.0,0.3333333333333333,0.08333333333333333,,MAGISTER
2021,F,MAGARH,12,11.0,10.0,4.0,,0.9166666666666666,0.8333333333333334,0.3333333333333333,,MAGISTER
2021,F,MAGCA,6,5.0,,,,0.8333333333333334,,,,MAGISTER
2021,F,MAGCC,6,4.0,1.0,,,0.6666666666666666,0.16666666666666666,,,MAGISTER
2021,F,MAGCDI,11,11.0,1.0,,,1.0,0.09090909090909091,,,MAGISTER
2021,F,MAGCE,3,2.0,1.0,,,0.6666666666666666,0.3333333333333333,,,MAGISTER
2021,F,MAGCIME,1,1.0,1.0,,,1.0,1.0,,,MAGISTER
2021,F,MAGCS,4,3.0,4.0,2.0,1.0,0.75,1.0,0.5,0.25,MAGISTER
2021,F,MAGCSF,1,1.0,,,,1.0,,,,MAGISTER
2021,F,MAGEDM,6,3.0,3.0,2.0,,0.5,0.5,0.3333333333333333,,MAGISTER
2021,F,MAGEDU,17,16.0,3.0,,,0.9411764705882353,0.17647058823529413,,,MAGISTER
2021,F,MAGEF,8,7.0,3.0,,,0.875,0.375,,,MAGISTER
2021,F,MAGEII,3,3.0,1.0,1.0,,1.0,0.3333333333333333,0.3333333333333333,,MAGISTER
2021,F,MAGFC,2,2.0,1.0,,,1.0,0.5,,,MAGISTER
2021,F,MAGFIN,1,1.0,,,,1.0,,,,MAGISTER
2021,F,MAGGP,15,13.0,5.0,1.0,,0.8666666666666667,0.3333333333333333,0.06666666666666667,,MAGISTER
2021,F,MAGHI,3,3.0,2.0,,,1.0,0.6666666666666666,,,MAGISTER
2021,F,MAGII,3,3.0,2.0,,,1.0,0.6666666666666666,,,MAGISTER
2021,F,MAGIT,1,,,,,,,,,MAGISTER
2021,F,MAGLG,5,3.0,2.0,,,0.6,0.4,,,MAGISTER
2021,F,MAGLI,7,6.0,1.0,,,0.8571428571428571,0.14285714285714285,,,MAGISTER
2021,F,MAGMA,21,17.0,4.0,,,0.8095238095238095,0.19047619047619047,,,MAGISTER
2021,F,MAGMARK,30,27.0,12.0,1.0,,0.9,0.4,0.03333333333333333,,MAGISTER
2021,F,MAGPED,6,5.0,1.0,,,0.8333333333333334,0.16666666666666666,,,MAGISTER
2021,F,MAGPGT,10,10.0,4.0,1.0,,1.0,0.4,0.1,,MAGISTER
2021,F,MAGQUI,4,3.0,,,,0.75,,,,MAGISTER
2021,F,MAGSGI,6,6.0,,,,1.0,,,,MAGISTER
2021,F,MAGSP,8,8.0,,,1.0,1.0,,,0.125,MAGISTER
2021,F,MAGTA,3,3.0,3.0,,,1.0,1.0,,,MAGISTER
2021,F,MED,48,44.0,44.0,43.0,43.0,0.9166666666666666,0.9166666666666666,0.8958333333333334,0.8958333333333334,PREGRADO
2021,F,MIDA,9,7.0,,,,0.7777777777777778,,,,MAGISTER
2021,F,OBP,54,46.0,43.0,42.0,41.0,0.8518518518518519,0.7962962962962963,0.7777777777777778,0.7592592592592593,PREGRADO
2021,F,PEDCAST,41,38.0,36.0,34.0,33.0,0.926829268292683,0.8780487804878049,0.8292682926829268,0.8048780487804879,PREGRADO
2021,F,PEDEDFIS,11,10.0,9.0,9.0,9.0,0.9090909090909091,0.8181818181818182,0.8181818181818182,0.8181818181818182,PREGRADO
2021,F,PEDEGB,32,30.0,29.0,26.0,26.0,0.9375,0.90625,0.8125,0.8125,PREGRADO
2021,F,PEDFILOS,8,6.0,6.0,6.0,6.0,0.75,0.75,0.75,0.75,PREGRADO
2021,F,PEDFISMAT,16,13.0,11.0,11.0,10.0,0.8125,0.6875,0.6875,0.625,PREGRADO
2021,F,PEDHS,31,30.0,28.0,26.0,25.0,0.967741935483871,0.9032258064516129,0.8387096774193549,0.8064516129032258,PREGRADO
2021,F,PEDINGLES,50,42.0,38.0,32.0,32.0,0.84,0.76,0.64,0.64,PREGRADO
2021,F,PEDMATCOMP,30,22.0,21.0,20.0,20.0,0.7333333333333333,0.7,0.6666666666666666,0.6666666666666666,PREGRADO
2021,F,PEDQUIMBIO,11,8.0,6.0,6.0,5.0,0.7272727272727273,0.5454545454545454,0.5454545454545454,0.45454545454545453,PREGRADO
2021,F,PEP,5,5.0,2.0,1.0,,1.0,0.4,0.2,,PREGRADO
2021,F,PER,43,35.0,34.0,30.0,28.0,0.813953488372093,0.7906976744186046,0.6976744186046512,0.6511627906976745,PREGRADO
2021,F,PFMEI,3,3.0,3.0,,,1.0,1.0,,,PREGRADO
2021,F,PFMENA,4,4.0,4.0,2.0,,1.0,1.0,0.5,,PREGRADO
2021,F,POSAN,3,3.0,3.0,1.0,,1.0,1.0,0.3333333333333333,,POSTITUTLO
2021,F,POSAPA,3,3.0,3.0,1.0,,1.0,1.0,0.3333333333333333,,POSTITUTLO
2021,F,POSCG,4,4.0,4.0,2.0,,1.0,1.0,0.5,,POSTITUTLO
2021,F,POSEDV,3,3.0,3.0,,,1.0,1.0,,,POSTITUTLO
2021,F,POSEMI,14,12.0,10.0,7.0,,0.8571428571428571,0.7142857142857143,0.5,,POSTITUTLO
2021,F,POSENP,2,1.0,1.0,1.0,,0.5,0.5,0.5,,POSTITUTLO
2021,F,POSEPI,8,7.0,7.0,2.0,,0.875,0.875,0.25,,POSTITUTLO
2021,F,POSGER,8,7.0,7.0,6.0,1.0,0.875,0.875,0.75,0.125,POSTITUTLO
2021,F,POSGO,2,2.0,2.0,2.0,,1.0,1.0,1.0,,POSTITUTLO
2021,F,POSIA,2,2.0,1.0,,,1.0,0.5,,,POSTITUTLO
2021,F,POSIMH,3,,,,,,,,,POSTITUTLO
2021,F,POSMF,3,2.0,2.0,,,0.6666666666666666,0.6666666666666666,,,POSTITUTLO
2021,F,POSMIIA,1,1.0,1.0,1.0,,1.0,1.0,1.0,,POSTITUTLO
2021,F,POSMU,1,1.0,1.0,,,1.0,1.0,,,POSTITUTLO
2021,F,POSNEUC,1,,,,,,,,,POSTITUTLO
2021,F,POSNEUP,1,1.0,,,,1.0,,,,POSTITUTLO
2021,F,POSOFT,1,1.0,1.0,,,1.0,1.0,,,POSTITUTLO
2021,F,POSOPT,1,,,,,,,,,POSTITUTLO
2021,F,POSORTI,6,6.0,6.0,3.0,,1.0,1.0,0.5,,POSTITUTLO
2021,F,POSPA,9,8.0,8.0,2.0,,0.8888888888888888,0.8888888888888888,0.2222222222222222,,POSTITUTLO
2021,F,POSPED,5,4.0,3.0,1.0,,0.8,0.6,0.2,,POSTITUTLO
2021,F,POSTGCP,5,,,,,,,,,POSTITUTLO
2021,F,POSURO,2,2.0,2.0,1.0,,1.0,1.0,0.5,,POSTITUTLO
2021,F,PRE,20,18.0,18.0,,,0.9,0.9,,,PREGRADO
2021,F,PSI,90,82.0,81.0,76.0,77.0,0.9111111111111111,0.9,0.8444444444444444,0.8555555555555555,PREGRADO
2021,F,PUB,45,37.0,34.0,33.0,33.0,0.8222222222222222,0.7555555555555555,0.7333333333333333,0.7333333333333333,PREGRADO
2021,F,QYF,60,54.0,50.0,48.0,47.0,0.9,0.8333333333333334,0.8,0.7833333333333333,PREGRADO
2021,F,TAI,6,4.0,3.0,3.0,1.0,0.6666666666666666,0.5,0.5,0.16666666666666666,PREGRADO
2021,F,TAP,19,13.0,12.0,7.0,,0.6842105263157895,0.631578947368421,0.3684210526315789,,PREGRADO
2021,F,TCI,4,4.0,3.0,1.0,,1.0,0.75,0.25,,PREGRADO
2021,F,TCO,4,4.0,3.0,,,1.0,0.75,,,PREGRADO
2021,F,TDI,4,3.0,3.0,,,0.75,0.75,,,PREGRADO
2021,F,TEA,8,8.0,8.0,5.0,3.0,1.0,1.0,0.625,0.375,PREGRADO
2021,F,TEC,6,4.0,4.0,,,0.6666666666666666,0.6666666666666666,,,PREGRADO
2021,F,TEO,49,46.0,42.0,41.0,40.0,0.9387755102040817,0.8571428571428571,0.8367346938775511,0.8163265306122449,PREGRADO
2021,F,TMI,2,2.0,2.0,1.0,1.0,1.0,1.0,0.5,0.5,PREGRADO
2021,F,TQF,15,14.0,11.0,2.0,,0.9333333333333333,0.7333333333333333,0.13333333333333333,,PREGRADO
2021,F,TRD,31,24.0,1.0,1.0,,0.7741935483870968,0.03225806451612903,0.03225806451612903,,PREGRADO
2021,F,TUI,12,9.0,,,,0.75,,,,PREGRADO
2021,M,ADMPUB,37,35.0,34.0,29.0,28.0,0.9459459459459459,0.918918918918919,0.7837837837837838,0.7567567567567568,PREGRADO
2021,M,ARQ,42,40.0,36.0,31.0,30.0,0.9523809523809523,0.8571428571428571,0.7380952380952381,0.7142857142857143,PREGRADO
2021,M,BACHI,41,28.0,8.0,1.0,,0.6829268292682927,0.1951219512195122,0.024390243902439025,,PREGRADO
2021,M,CCIV,99,87.0,67.0,41.0,12.0,0.8787878787878788,0.6767676767676768,0.41414141414141414,0.12121212121212122,PREGRADO
2021,M,CONTA,109,92.0,86.0,83.0,77.0,0.8440366972477065,0.7889908256880734,0.7614678899082569,0.7064220183486238,PREGRADO
2021,M,DCOMV,14,12.0,9.0,7.0,7.0,0.8571428571428571,0.6428571428571429,0.5,0.5,PREGRADO
2021,M,DERECHO,67,57.0,50.0,46.0,45.0,0.8507462686567164,0.746268656716418,0.6865671641791045,0.6716417910447762,PREGRADO
2021,M,DIN,3,3.0,,,,1.0,,,,PREGRADO
2021,M,DIPAFSP,19,,,,,,,,,DIPLOMADO
2021,M,DIPAGR,5,,,,,,,,,DIPLOMADO
2021,M,DIPAN,9,,,,,,,,,DIPLOMADO
2021,M,DIPANH,3,,,,,,,,,DIPLOMADO
2021,M,DIPAOC,19,,,,,,,,,DIPLOMADO
2021,M,DIPAPGP,27,,,,,,,,,DIPLOMADO
2021,M,DIPAPR,48,,,,,,,,,DIPLOMADO
2021,M,DIPAPSF,10,,,,,,,,,DIPLOMADO
2021,M,DIPART,47,,,,,,,,,DIPLOMADO
2021,M,DIPBRMA,5,,,,,,,,,DIPLOMADO
2021,M,DIPCAIS,2,,,,,,,,,DIPLOMADO
2021,M,DIPCCOA,43,,,,,,,,,DIPLOMADO
2021,M,DIPCDA,4,,,,,,,,,DIPLOMADO
2021,M,DIPCGAE,35,,,,,,,,,DIPLOMADO
2021,M,DIPCGE,24,,,,,,,,,DIPLOMADO
2021,M,DIPCOM,7,,,,,,,,,DIPLOMADO
2021,M,DIPCPLO,5,,,,,,,,,DIPLOMADO
2021,M,DIPCRD,22,,,,,,,,,DIPLOMADO
2021,M,DIPCSE,6,,,,,,,,,DIPLOMADO
2021,M,DIPDCOS,50,,,,,,,,,DIPLOMADO
2021,M,DIPDCSU,1,,,,,,,,,DIPLOMADO
2021,M,DIPDE,14,,,,,,,,,DIPLOMADO
2021,M,DIPDEL,70,,,,,,,,,DIPLOMADO
2021,M,DIPDHG,9,,,,,,,,,DIPLOMADO
2021,M,DIPDIES,5,,,,,,,,,DIPLOMADO
2021,M,DIPDU,45,,,,,,,,,DIPLOMADO
2021,M,DIPDUA,27,,,,,,,,,DIPLOMADO
2021,M,DIPEAI,30,,,,,,,,,DIPLOMADO
2021,M,DIPEDEP,28,,,,,,,,,DIPLOMADO
2021,M,DIPEDSC,39,,1.0,,,,0.02564102564102564,,,DIPLOMADO
2021,M,DIPEEC,9,,,,,,,,,DIPLOMADO
2021,M,DIPEESCL,9,,,,,,,,,DIPLOMADO
2021,M,DIPEG,1,,,,,,,,,DIPLOMADO
2021,M,DIPEGAM,25,,,,,,,,,DIPLOMADO
2021,M,DIPEHID,14,,,,,,,,,DIPLOMADO
2021,M,DIPEIL,6,,,,,,,,,DIPLOMADO
2021,M,DIPENAF,11,,,,,,,,,DIPLOMADO
2021,M,DIPEOGM,2,,,,,,,,,DIPLOMADO
2021,M,DIPEPR,1,,,,,,,,,DIPLOMADO
2021,M,DIPERNC,13,,,,,,,,,DIPLOMADO
2021,M,DIPESM,3,,,,,,,,,DIPLOMADO
2021,M,DIPETPM,45,,,,,,,,,DIPLOMADO
2021,M,DIPEYFE,12,,,,,,,,,DIPLOMADO
2021,M,DIPFCD,5,,,,,,,,,DIPLOMADO
2021,M,DIPFCMF,4,,,,,,,,,DIPLOMADO
2021,M,DIPGCAC,8,,,,,,,,,DIPLOMADO
2021,M,DIPGEO,20,,,,,,,,,DIPLOMADO
2021,M,DIPGFIN,5,,,,,,,,,DIPLOMADO
2021,M,DIPGGR,5,,,,,,,,,DIPLOMADO
2021,M,DIPGMDIA,11,,,,,,,,,DIPLOMADO
2021,M,DIPGPIS,22,,,,,,,,,DIPLOMADO
2021,M,DIPGRDO,11,,,,,,,,,DIPLOMADO
2021,M,DIPGRH,12,,,,,,,,,DIPLOMADO
2021,M,DIPGSA,16,,,,,,,,,DIPLOMADO
2021,M,DIPGSSO,3,,,,,,,,,DIPLOMADO
2021,M,DIPGYDP,2,,,,,,,,,DIPLOMADO
2021,M,DIPIDM,6,,,,,,,,,DIPLOMADO
2021,M,DIPIEA,12,,,,,,,,,DIPLOMADO
2021,M,DIPIEDF,26,,,,,,,,,DIPLOMADO
2021,M,DIPIEYE,5,,,,,,,,,DIPLOMADO
2021,M,DIPIMF,1,,,,,,,,,DIPLOMADO
2021,M,DIPITSO,27,,,,,,,,,DIPLOMADO
2021,M,DIPLI,7,,,,,,,,,DIPLOMADO
2021,M,DIPLIEA,18,,,,,,,,,DIPLOMADO
2021,M,DIPLIEAL,16,,,,,,,,,DIPLOMADO
2021,M,DIPLIEO,15,,,,,,,,,DIPLOMADO
2021,M,DIPLIJ,8,,,,,,,,,DIPLOMADO
2021,M,DIPMAD,11,,,,,,,,,DIPLOMADO
2021,M,DIPMCOM,12,,,,,,,,,DIPLOMADO
2021,M,DIPMD,5,,,,,,,,,DIPLOMADO
2021,M,DIPMDYS,4,,,,,,,,,DIPLOMADO
2021,M,DIPMGCS,14,,,,,,,,,DIPLOMADO
2021,M,DIPMICC,5,,,,,,,,,DIPLOMADO
2021,M,DIPMIG,8,,,,,,,,,DIPLOMADO
2021,M,DIPMINE,14,,,,,,,,,DIPLOMADO
2021,M,DIPNAH,23,,,,,,,,,DIPLOMADO
2021,M,DIPNCSE,1,,,,,,,,,DIPLOMADO
2021,M,DIPNICI,7,1.0,,,,0.14285714285714285,,,,DIPLOMADO
2021,M,DIPNICP,28,,,,,,,,,DIPLOMADO
2021,M,DIPNSCI,3,,,,,,,,,DIPLOMADO
2021,M,DIPOSEP,41,,,,,,,,,DIPLOMADO
2021,M,DIPOTRC,6,,,,,,,,,DIPLOMADO
2021,M,DIPPCCD,3,,,,,,,,,DIPLOMADO
2021,M,DIPPDT,11,,,,,,,,,DIPLOMADO
2021,M,DIPPGT,17,,,,,,,,,DIPLOMADO
2021,M,DIPPIC,7,,,,,,,,,DIPLOMADO
2021,M,DIPPM,8,,,,,,,,,DIPLOMADO
2021,M,DIPPPAG,3,,,,,,,,,DIPLOMADO
2021,M,DIPPTG,7,,,,,,,,,DIPLOMADO
2021,M,DIPRHDO,22,,,,,,,,,DIPLOMADO
2021,M,DIPRMEE,20,,,,,,,,,DIPLOMADO
2021,M,DIPROCN,3,,,,,,,,,DIPLOMADO
2021,M,DIPSMPM,1,,,,,,,,,DIPLOMADO
2021,M,DIPSSREE,7,,,,,,,,,DIPLOMADO
2021,M,DOCBIO,1,1.0,1.0,1.0,1.0,1.0,1.0,1.0,1.0,DOCTORADO
2021,M,DOCCSALIM,1,1.0,1.0,1.0,,1.0,1.0,1.0,,DOCTORADO
2021,M,DOCCSFIS,2,2.0,2.0,2.0,2.0,1.0,1.0,1.0,1.0,DOCTORADO
2021,M,DOCCSING,18,16.0,13.0,12.0,4.0,0.8888888888888888,0.7222222222222222,0.6666666666666666,0.2222222222222222,DOCTORADO
2021,M,DOCCSMAT,3,3.0,3.0,3.0,3.0,1.0,1.0,1.0,1.0,DOCTORADO
2021,M,DOCESTAM,5,5.0,5.0,5.0,4.0,1.0,1.0,1.0,0.8,DOCTORADO
2021,M,DOCHIST,3,3.0,3.0,3.0,2.0,1.0,1.0,1.0,0.6666666666666666,DOCTORADO
2021,M,DOCMICROBIO,4,4.0,3.0,3.0,3.0,1.0,0.75,0.75,0.75,DOCTORADO
2021,M,DOCNEUROC,1,1.0,1.0,1.0,1.0,1.0,1.0,1.0,1.0,DOCTORADO
2021,M,DOCQUIM,5,5.0,4.0,4.0,4.0,1.0,0.8,0.8,0.8,DOCTORADO
2021,M,ENF,12,12.0,11.0,11.0,10.0,1.0,0.9166666666666666,0.9166666666666666,0.8333333333333334,PREGRADO
2021,M,HCS,11,9.0,9.0,8.0,3.0,0.8181818181818182,0.8181818181818182,0.7272727272727273,0.2727272727272727,PREGRADO
2021,M,ICAMB,22,17.0,14.0,14.0,13.0,0.7727272727272727,0.6363636363636364,0.6363636363636364,0.5909090909090909,PREGRADO
2021,M,ICBIO,39,30.0,24.0,18.0,16.0,0.7692307692307693,0.6153846153846154,0.46153846153846156,0.41025641025641024,PREGRADO
2021,M,ICBIOM,27,19.0,16.0,14.0,13.0,0.7037037037037037,0.5925925925925926,0.5185185185185185,0.48148148148148145,PREGRADO
2021,M,ICELEC,160,133.0,102.0,76.0,58.0,0.83125,0.6375,0.475,0.3625,PREGRADO
2021,M,ICGEOG,2,2.0,2.0,1.0,1.0,1.0,1.0,0.5,0.5,PREGRADO
2021,M,ICIND,206,170.0,149.0,96.0,58.0,0.8252427184466019,0.7233009708737864,0.46601941747572817,0.2815533980582524,PREGRADO
2021,M,ICINF,105,84.0,65.0,48.0,42.0,0.8,0.6190476190476191,0.45714285714285713,0.4,PREGRADO
2021,M,ICMEC,105,86.0,63.0,47.0,35.0,0.819047619047619,0.6,0.44761904761904764,0.3333333333333333,PREGRADO
2021,M,ICMECAT,61,47.0,33.0,23.0,19.0,0.7704918032786885,0.5409836065573771,0.3770491803278688,0.3114754098360656,PREGRADO
2021,M,ICMET,52,38.0,27.0,18.0,15.0,0.7307692307692307,0.5192307692307693,0.34615384615384615,0.28846153846153844,PREGRADO
2021,M,ICMIN,91,73.0,54.0,38.0,31.0,0.8021978021978022,0.5934065934065934,0.4175824175824176,0.34065934065934067,PREGRADO
2021,M,ICOBR,82,65.0,53.0,39.0,31.0,0.7926829268292683,0.6463414634146342,0.47560975609756095,0.3780487804878049,PREGRADO
2021,M,ICQUIM,47,40.0,22.0,13.0,12.0,0.851063829787234,0.46808510638297873,0.2765957446808511,0.2553191489361702,PREGRADO
2021,M,ICTEL,20,14.0,10.0,5.0,5.0,0.7,0.5,0.25,0.25,PREGRADO
2021,M,IEAMB,3,2.0,2.0,,,0.6666666666666666,0.6666666666666666,,,PREGRADO
2021,M,IECLIM,9,7.0,4.0,1.0,1.0,0.7777777777777778,0.4444444444444444,0.1111111111111111,0.1111111111111111,PREGRADO
2021,M,IEELEC,200,155.0,113.0,64.0,33.0,0.775,0.565,0.32,0.165,PREGRADO
2021,M,IEGEOM,19,12.0,7.0,4.0,3.0,0.631578947368421,0.3684210526315789,0.21052631578947367,0.15789473684210525,PREGRADO
2021,M,IEIND,125,98.0,80.0,61.0,31.0,0.784,0.64,0.488,0.248,PREGRADO
2021,M,IEINF,82,66.0,42.0,29.0,20.0,0.8048780487804879,0.5121951219512195,0.35365853658536583,0.24390243902439024,PREGRADO
2021,M,IEMEC,44,35.0,24.0,13.0,10.0,0.7954545454545454,0.5454545454545454,0.29545454545454547,0.22727272727272727,PREGRADO
2021,M,IEMET,8,3.0,2.0,1.0,1.0,0.375,0.25,0.125,0.125,PREGRADO
2021,M,IEMIN,44,34.0,25.0,16.0,15.0,0.7727272727272727,0.5681818181818182,0.36363636363636365,0.3409090909090909,PREGRADO
2021,M,IEQUIM,19,15.0,11.0,9.0,6.0,0.7894736842105263,0.5789473684210527,0.47368421052631576,0.3157894736842105,PREGRADO
2021,M,INGAGRO,13,9.0,5.0,4.0,4.0,0.6923076923076923,0.38461538461538464,0.3076923076923077,0.3076923076923077,PREGRADO
2021,M,INGAL,10,7.0,6.0,6.0,6.0,0.7,0.6,0.6,0.6,PREGRADO
2021,M,INGCO,267,222.0,203.0,171.0,148.0,0.8314606741573034,0.7602996254681648,0.6404494382022472,0.5543071161048689,PREGRADO
2021,M,INGEST,23,17.0,14.0,13.0,13.0,0.7391304347826086,0.6086956521739131,0.5652173913043478,0.5652173913043478,PREGRADO
2021,M,INGFI,43,31.0,23.0,16.0,14.0,0.7209302325581395,0.5348837209302325,0.37209302325581395,0.32558139534883723,PREGRADO
2021,M,INGMA,25,17.0,15.0,13.0,12.0,0.68,0.6,0.52,0.48,PREGRADO
2021,M,KINE,26,21.0,20.0,20.0,18.0,0.8076923076923077,0.7692307692307693,0.7692307692307693,0.6923076923076923,PREGRADO
2021,M,LAT,23,20.0,18.0,14.0,14.0,0.8695652173913043,0.782608695652174,0.6086956521739131,0.6086956521739131,PREGRADO
2021,M,LCC,35,28.0,24.0,20.0,16.0,0.8,0.6857142857142857,0.5714285714285714,0.45714285714285713,PREGRADO
2021,M,LEB,19,15.0,12.0,12.0,13.0,0.7894736842105263,0.631578947368421,0.631578947368421,0.6842105263157895,PREGRADO
2021,M,LEE,16,13.0,13.0,12.0,12.0,0.8125,0.8125,0.75,0.75,PREGRADO
2021,M,LICAFENDEP,30,23.0,23.0,22.0,21.0,0.7666666666666667,0.7666666666666667,0.7333333333333333,0.7,PREGRADO
2021,M,LICAFTERAP,20,14.0,10.0,9.0,8.0,0.7,0.5,0.45,0.4,PREGRADO
2021,M,LQC,12,10.0,7.0,7.0,7.0,0.8333333333333334,0.5833333333333334,0.5833333333333334,0.5833333333333334,PREGRADO
2021,M,MAGADE,66,62.0,35.0,15.0,4.0,0.9393939393939394,0.5303030303030303,0.22727272727272727,0.06060606060606061,MAGISTER
2021,M,MAGAP,5,5.0,1.0,,,1.0,0.2,,,MAGISTER
2021,M,MAGARH,13,9.0,5.0,2.0,,0.6923076923076923,0.38461538461538464,0.15384615384615385,,MAGISTER
2021,M,MAGCA,9,7.0,1.0,,,0.7777777777777778,0.1111111111111111,,,MAGISTER
2021,M,MAGCC,1,1.0,,,,1.0,,,,MAGISTER
2021,M,MAGCDI,27,27.0,9.0,2.0,2.0,1.0,0.3333333333333333,0.07407407407407407,0.07407407407407407,MAGISTER
2021,M,MAGCE,2,2.0,,,,1.0,,,,MAGISTER
2021,M,MAGCIME,2,2.0,1.0,,,1.0,0.5,,,MAGISTER
2021,M,MAGCM,7,7.0,6.0,,,1.0,0.8571428571428571,,,MAGISTER
2021,M,MAGCS,4,3.0,3.0,1.0,,0.75,0.75,0.25,,MAGISTER
2021,M,MAGCSF,5,5.0,2.0,1.0,,1.0,0.4,0.2,,MAGISTER
2021,M,MAGEDM,7,5.0,3.0,2.0,1.0,0.7142857142857143,0.42857142857142855,0.2857142857142857,0.14285714285714285,MAGISTER
2021,M,MAGEDU,8,7.0,,1.0,,0.875,,0.125,,MAGISTER
2021,M,MAGEF,27,22.0,19.0,6.0,3.0,0.8148148148148148,0.7037037037037037,0.2222222222222222,0.1111111111111111,MAGISTER
2021,M,MAGEI,3,2.0,,,,0.6666666666666666,,,,MAGISTER
2021,M,MAGEII,11,11.0,4.0,2.0,1.0,1.0,0.36363636363636365,0.18181818181818182,0.09090909090909091,MAGISTER
2021,M,MAGFC,8,8.0,6.0,,,1.0,0.75,,,MAGISTER
2021,M,MAGFIN,1,,,,,,,,,MAGISTER
2021,M,MAGGP,25,20.0,6.0,1.0,,0.8,0.24,0.04,,MAGISTER
2021,M,MAGHE,9,7.0,2.0,,,0.7777777777777778,0.2222222222222222,,,MAGISTER
2021,M,MAGHI,10,9.0,7.0,1.0,,0.9,0.7,0.1,,MAGISTER
2021,M,MAGIE,5,4.0,2.0,,,0.8,0.4,,,MAGISTER
2021,M,MAGII,17,15.0,7.0,4.0,,0.8823529411764706,0.4117647058823529,0.23529411764705882,,MAGISTER
2021,M,MAGIT,10,9.0,3.0,,,0.9,0.3,,,MAGISTER
2021,M,MAGLG,6,4.0,3.0,2.0,,0.6666666666666666,0.5,0.3333333333333333,,MAGISTER
2021,M,MAGLI,4,3.0,,,,0.75,,,,MAGISTER
2021,M,MAGMA,18,16.0,8.0,3.0,,0.8888888888888888,0.4444444444444444,0.16666666666666666,,MAGISTER
2021,M,MAGMARK,33,31.0,12.0,1.0,,0.9393939393939394,0.36363636363636365,0.030303030303030304,,MAGISTER
2021,M,MAGPED,8,6.0,,,,0.75,,,,MAGISTER
2021,M,MAGPGT,9,8.0,5.0,1.0,,0.8888888888888888,0.5555555555555556,0.1111111111111111,,MAGISTER
2021,M,MAGQUI,2,2.0,1.0,,,1.0,0.5,,,MAGISTER
2021,M,MAGSGI,2,2.0,,,,1.0,,,,MAGISTER
2021,M,MAGSP,22,21.0,1.0,,2.0,0.9545454545454546,0.045454545454545456,,0.09090909090909091,MAGISTER
2021,M,MAGTA,2,2.0,,,,1.0,,,,MAGISTER
2021,M,MED,18,16.0,16.0,16.0,16.0,0.8888888888888888,0.8888888888888888,0.8888888888888888,0.8888888888888888,PREGRADO
2021,M,MIDA,3,2.0,,,,0.6666666666666666,,,,MAGISTER
2021,M,OBP,2,2.0,1.0,1.0,1.0,1.0,0.5,0.5,0.5,PREGRADO
2021,M,PEDCAST,15,12.0,9.0,9.0,9.0,0.8,0.6,0.6,0.6,PREGRADO
2021,M,PEDEDFIS,25,23.0,21.0,21.0,20.0,0.92,0.84,0.84,0.8,PREGRADO
2021,M,PEDEGB,4,3.0,2.0,2.0,2.0,0.75,0.5,0.5,0.5,PREGRADO
2021,M,PEDFILOS,6,6.0,5.0,4.0,4.0,1.0,0.8333333333333334,0.6666666666666666,0.6666666666666666,PREGRADO
2021,M,PEDFISMAT,18,17.0,15.0,15.0,13.0,0.9444444444444444,0.8333333333333334,0.8333333333333334,0.7222222222222222,PREGRADO
2021,M,PEDHS,29,27.0,26.0,24.0,22.0,0.9310344827586207,0.896551724137931,0.8275862068965517,0.7586206896551724,PREGRADO
2021,M,PEDINGLES,16,13.0,12.0,7.0,7.0,0.8125,0.75,0.4375,0.4375,PREGRADO
2021,M,PEDMATCOMP,27,25.0,22.0,21.0,21.0,0.9259259259259259,0.8148148148148148,0.7777777777777778,0.7777777777777778,PREGRADO
2021,M,PEDQUIMBIO,9,8.0,8.0,7.0,7.0,0.8888888888888888,0.8888888888888888,0.7777777777777778,0.7777777777777778,PREGRADO
2021,M,PEP,3,2.0,2.0,,,0.6666666666666666,0.6666666666666666,,,PREGRADO
2021,M,PER,39,37.0,36.0,31.0,28.0,0.9487179487179487,0.9230769230769231,0.7948717948717948,0.717948717948718,PREGRADO
2021,M,PFMEI,2,2.0,2.0,1.0,,1.0,1.0,0.5,,PREGRADO
2021,M,PFMENA,3,3.0,3.0,,,1.0,1.0,,,PREGRADO
2021,M,POSAN,5,5.0,5.0,1.0,,1.0,1.0,0.2,,POSTITUTLO
2021,M,POSAPA,3,2.0,2.0,1.0,,0.6666666666666666,0.6666666666666666,0.3333333333333333,,POSTITUTLO
2021,M,POSCG,12,11.0,9.0,3.0,,0.9166666666666666,0.75,0.25,,POSTITUTLO
2021,M,POSEDV,4,4.0,4.0,,,1.0,1.0,,,POSTITUTLO
2021,M,POSEMI,12,10.0,10.0,4.0,,0.8333333333333334,0.8333333333333334,0.3333333333333333,,POSTITUTLO
2021,M,POSENP,2,2.0,2.0,1.0,,1.0,1.0,0.5,,POSTITUTLO
2021,M,POSEPI,2,2.0,2.0,,,1.0,1.0,,,POSTITUTLO
2021,M,POSGER,3,3.0,3.0,2.0,,1.0,1.0,0.6666666666666666,,POSTITUTLO
2021,M,POSGO,2,1.0,,,,0.5,,,,POSTITUTLO
2021,M,POSIA,1,1.0,,,,1.0,,,,POSTITUTLO
2021,M,POSIMH,16,,,,,,,,,POSTITUTLO
2021,M,POSMDAF,4,4.0,4.0,3.0,,1.0,1.0,0.75,,POSTITUTLO
2021,M,POSMF,5,4.0,4.0,,,0.8,0.8,,,POSTITUTLO
2021,M,POSMU,2,1.0,1.0,,,0.5,0.5,,,POSTITUTLO
2021,M,POSNEUC,4,3.0,3.0,2.0,1.0,0.75,0.75,0.5,0.25,POSTITUTLO
2021,M,POSOFT,1,1.0,1.0,,,1.0,1.0,,,POSTITUTLO
2021,M,POSOPT,1,,,,,,,,,POSTITUTLO
2021,M,POSORTI,3,2.0,2.0,1.0,,0.6666666666666666,0.6666666666666666,0.3333333333333333,,POSTITUTLO
2021,M,POSPA,10,9.0,9.0,,,0.9,0.9,,,POSTITUTLO
2021,M,POSPED,3,1.0,1.0,,,0.3333333333333333,0.3333333333333333,,,POSTITUTLO
2021,M,POSTGCP,1,,,,,,,,,POSTITUTLO
2021,M,POSTROR,16,16.0,16.0,4.0,,1.0,1.0,0.25,,POSTITUTLO
2021,M,POSTYR,6,,,,,,,,,POSTITUTLO
2021,M,POSURO,3,3.0,3.0,,,1.0,1.0,,,POSTITUTLO
2021,M,PRE,20,15.0,15.0,1.0,,0.75,0.75,0.05,,PREGRADO
2021,M,PSI,26,23.0,22.0,22.0,21.0,0.8846153846153846,0.8461538461538461,0.8461538461538461,0.8076923076923077,PREGRADO
2021,M,PUB,29,27.0,27.0,26.0,26.0,0.9310344827586207,0.9310344827586207,0.896551724137931,0.896551724137931,PREGRADO
2021,M,QYF,25,21.0,18.0,15.0,15.0,0.84,0.72,0.6,0.6,PREGRADO
2021,M,TAI,33,26.0,20.0,15.0,6.0,0.7878787878787878,0.6060606060606061,0.45454545454545453,0.18181818181818182,PREGRADO
2021,M,TAP,17,13.0,12.0,5.0,1.0,0.7647058823529411,0.7058823529411765,0.29411764705882354,0.058823529411764705,PREGRADO
2021,M,TCI,12,7.0,6.0,,,0.5833333333333334,0.5,,,PREGRADO
2021,M,TCO,31,20.0,15.0,8.0,1.0,0.6451612903225806,0.4838709677419355,0.25806451612903225,0.03225806451612903,PREGRADO
2021,M,TDI,9,8.0,8.0,1.0,,0.8888888888888888,0.8888888888888888,0.1111111111111111,,PREGRADO
2021,M,TEA,7,5.0,3.0,2.0,2.0,0.7142857142857143,0.42857142857142855,0.2857142857142857,0.2857142857142857,PREGRADO
2021,M,TEC,33,25.0,21.0,13.0,3.0,0.7575757575757576,0.6363636363636364,0.3939393939393939,0.09090909090909091,PREGRADO
2021,M,TEO,6,5.0,5.0,5.0,4.0,0.8333333333333334,0.8333333333333334,0.8333333333333334,0.6666666666666666,PREGRADO
2021,M,TMI,26,20.0,12.0,8.0,2.0,0.7692307692307693,0.46153846153846156,0.3076923076923077,0.07692307692307693,PREGRADO
2021,M,TQF,11,7.0,7.0,5.0,,0.6363636363636364,0.6363636363636364,0.45454545454545453,,PREGRADO
2021,M,TRD,38,24.0,,,,0.631578947368421,,,,PREGRADO
2021,M,TUI,19,16.0,,,,0.8421052631578947,,,,PREGRADO
2022,F,ADMPUB,63,56.0,53.0,40.0,,0.8888888888888888,0.8412698412698413,0.6349206349206349,,PREGRADO
2022,F,ARQ,59,55.0,53.0,48.0,,0.9322033898305084,0.8983050847457628,0.8135593220338984,,PREGRADO
2022,F,ASFIMCD,15,13.0,11.0,8.0,,0.8666666666666667,0.7333333333333333,0.5333333333333333,,PREGRADO
2022,F,BACHI,116,61.0,2.0,2.0,,0.5258620689655172,0.017241379310344827,0.017241379310344827,,PREGRADO
2022,F,CCIV,14,11.0,8.0,4.0,,0.7857142857142857,0.5714285714285714,0.2857142857142857,,PREGRADO
2022,F,CONTA,126,103.0,96.0,93.0,,0.8174603174603174,0.7619047619047619,0.7380952380952381,,PREGRADO
2022,F,DCOMV,35,34.0,31.0,31.0,,0.9714285714285714,0.8857142857142857,0.8857142857142857,,PREGRADO
2022,F,DERECHO,105,82.0,73.0,68.0,,0.780952380952381,0.6952380952380952,0.6476190476190476,,PREGRADO
2022,F,DIN,20,18.0,12.0,11.0,,0.9,0.6,0.55,,PREGRADO
2022,F,DIPAFSP,5,,,,,,,,,DIPLOMADO
2022,F,DIPAGR,4,,,,,,,,,DIPLOMADO
2022,F,DIPANH,2,,,,,,,,,DIPLOMADO
2022,F,DIPAOC,4,,,,,,,,,DIPLOMADO
2022,F,DIPAPGP,103,,,,,,,,,DIPLOMADO
2022,F,DIPAPSF,62,,,,,,,,,DIPLOMADO
2022,F,DIPARPD,11,,,,,,,,,DIPLOMADO
2022,F,DIPART,32,,,,,,,,,DIPLOMADO
2022,F,DIPBI,3,,,,,,,,,DIPLOMADO
2022,F,DIPCDGE,8,,,,,,,,,DIPLOMADO
2022,F,DIPCGAE,33,,,,,,,,,DIPLOMADO
2022,F,DIPCOM,12,,,,,,,,,DIPLOMADO
2022,F,DIPCPLO,6,,,,,,,,,DIPLOMADO
2022,F,DIPCRD,1,,,,,,,,,DIPLOMADO
2022,F,DIPDAP,29,,,,,,,,,DIPLOMADO
2022,F,DIPDCOS,14,,,,,,,,,DIPLOMADO
2022,F,DIPDCSU,1,,,,,,,,,DIPLOMADO
2022,F,DIPDE,2,,,,,,,,,DIPLOMADO
2022,F,DIPDU,13,,,,,,,,,DIPLOMADO
2022,F,DIPDUA,33,,,,,,,,,DIPLOMADO
2022,F,DIPEACT,6,,,,,,,,,DIPLOMADO
2022,F,DIPEAI,19,,,,,,,,,DIPLOMADO
2022,F,DIPEDEP,18,,,,,,,,,DIPLOMADO
2022,F,DIPEDSC,19,,,,,,,,,DIPLOMADO
2022,F,DIPEEC,4,,,,,,,,,DIPLOMADO
2022,F,DIPEFF,27,,,,,,,,,DIPLOMADO
2022,F,DIPEGAM,16,,,,,,,,,DIPLOMADO
2022,F,DIPEGCO,4,,,,,,,,,DIPLOMADO
2022,F,DIPEGDO,5,,,,,,,,,DIPLOMADO
2022,F,DIPEHID,1,,,,,,,,,DIPLOMADO
2022,F,DIPENAF,2,,,,,,,,,DIPLOMADO
2022,F,DIPEOGM,39,,,,,,,,,DIPLOMADO
2022,F,DIPERNC,3,,,,,,,,,DIPLOMADO
2022,F,DIPETPM,3,,,,,,,,,DIPLOMADO
2022,F,DIPEYFE,17,,,,,,,,,DIPLOMADO
2022,F,DIPFCDP,8,,,,,,,,,DIPLOMADO
2022,F,DIPFPGBP,4,,,,,,,,,DIPLOMADO
2022,F,DIPGCAC,2,,,,,,,,,DIPLOMADO
2022,F,DIPGEO,15,,,,,,,,,DIPLOMADO
2022,F,DIPGFIN,2,,,,,,,,,DIPLOMADO
2022,F,DIPGIN,4,,,,,,,,,DIPLOMADO
2022,F,DIPGLGM,1,,,,,,,,,DIPLOMADO
2022,F,DIPGPIS,41,,,,,,,,,DIPLOMADO
2022,F,DIPGRH,35,,,,,,,,,DIPLOMADO
2022,F,DIPGSA,19,,,,,,,,,DIPLOMADO
2022,F,DIPGYDPSP,9,,,,,,,,,DIPLOMADO
2022,F,DIPIEA,7,,,,,,,,,DIPLOMADO
2022,F,DIPIEDF,5,,,,,,,,,DIPLOMADO
2022,F,DIPIEIP,3,,,,,,,,,DIPLOMADO
2022,F,DIPIMF,1,,,,,,,,,DIPLOMADO
2022,F,DIPITSO,5,,,,,,,,,DIPLOMADO
2022,F,DIPLIEA,8,,,,,,,,,DIPLOMADO
2022,F,DIPLIEAL,6,,,,,,,,,DIPLOMADO
2022,F,DIPLIEO,4,,,,,,,,,DIPLOMADO
2022,F,DIPLIJ,18,,,,,,,,,DIPLOMADO
2022,F,DIPMAD,2,,,,,,,,,DIPLOMADO
2022,F,DIPMD,1,,,,,,,,,DIPLOMADO
2022,F,DIPMDIA,8,,,,,,,,,DIPLOMADO
2022,F,DIPMGCS,3,,,,,,,,,DIPLOMADO
2022,F,DIPMIG,9,,,,,,,,,DIPLOMADO
2022,F,DIPMINE,2,,,,,,,,,DIPLOMADO
2022,F,DIPNAH,67,,,,,,,,,DIPLOMADO
2022,F,DIPNCSE,6,,,,,,,,,DIPLOMADO
2022,F,DIPNICI,9,,,,,,,,,DIPLOMADO
2022,F,DIPNICP,12,,,,,,,,,DIPLOMADO
2022,F,DIPOTRC,2,,,,,,,,,DIPLOMADO
2022,F,DIPPGT,11,,,,,,,,,DIPLOMADO
2022,F,DIPPM,3,,,,,,,,,DIPLOMADO
2022,F,DIPPSEI,1,,,,,,,,,DIPLOMADO
2022,F,DIPPTAD,50,,,,,,,,,DIPLOMADO
2022,F,DIPRH,6,,,,,,,,,DIPLOMADO
2022,F,DIPRHDO,67,,,,,,,,,DIPLOMADO
2022,F,DIPRMEE,3,,,,,,,,,DIPLOMADO
2022,F,DOCBIO,2,1.0,2.0,2.0,,0.5,1.0,1.0,,DOCTORADO
2022,F,DOCCSALIM,2,1.0,1.0,,,0.5,0.5,,,DOCTORADO
2022,F,DOCCSFIS,1,,,,,,,,,DOCTORADO
2022,F,DOCCSING,3,2.0,1.0,1.0,,0.6666666666666666,0.3333333333333333,0.3333333333333333,,DOCTORADO
2022,F,DOCCSMAT,1,1.0,1.0,,,1.0,1.0,,,DOCTORADO
2022,F,DOCESTAM,3,3.0,3.0,3.0,,1.0,1.0,1.0,,DOCTORADO
2022,F,DOCHIST,3,3.0,3.0,3.0,,1.0,1.0,1.0,,DOCTORADO
2022,F,DOCMICROBIO,2,1.0,1.0,1.0,,0.5,0.5,0.5,,DOCTORADO
2022,F,DOCNEUROC,1,1.0,1.0,1.0,,1.0,1.0,1.0,,DOCTORADO
2022,F,DOCQUIM,5,5.0,5.0,5.0,,1.0,1.0,1.0,,DOCTORADO
2022,F,ENF,50,47.0,44.0,41.0,,0.94,0.88,0.82,,PREGRADO
2022,F,HCS,9,9.0,7.0,6.0,,1.0,0.7777777777777778,0.6666666666666666,,PREGRADO
2022,F,ICAMB,42,32.0,21.0,18.0,,0.7619047619047619,0.5,0.42857142857142855,,PREGRADO
2022,F,ICBIO,41,30.0,23.0,21.0,,0.7317073170731707,0.5609756097560976,0.5121951219512195,,PREGRADO
2022,F,ICBIOM,38,31.0,24.0,19.0,,0.8157894736842105,0.631578947368421,0.5,,PREGRADO
2022,F,ICELEC,20,13.0,8.0,7.0,,0.65,0.4,0.35,,PREGRADO
2022,F,ICGEOM,6,5.0,3.0,2.0,,0.8333333333333334,0.5,0.3333333333333333,,PREGRADO
2022,F,ICIND,111,95.0,73.0,42.0,,0.8558558558558559,0.6576576576576577,0.3783783783783784,,PREGRADO
2022,F,ICINF,18,14.0,8.0,7.0,,0.7777777777777778,0.4444444444444444,0.3888888888888889,,PREGRADO
2022,F,ICMEC,11,7.0,4.0,3.0,,0.6363636363636364,0.36363636363636365,0.2727272727272727,,PREGRADO
2022,F,ICMECAT,15,11.0,5.0,5.0,,0.7333333333333333,0.3333333333333333,0.3333333333333333,,PREGRADO
2022,F,ICMET,16,11.0,6.0,3.0,,0.6875,0.375,0.1875,,PREGRADO
2022,F,ICMIN,37,29.0,21.0,18.0,,0.7837837837837838,0.5675675675675675,0.4864864864864865,,PREGRADO
2022,F,ICOBR,23,16.0,15.0,14.0,,0.6956521739130435,0.6521739130434783,0.6086956521739131,,PREGRADO
2022,F,ICQUIM,28,21.0,17.0,14.0,,0.75,0.6071428571428571,0.5,,PREGRADO
2022,F,ICTEL,1,,,,,,,,,PREGRADO
2022,F,IEAMB,4,4.0,4.0,,,1.0,1.0,,,PREGRADO
2022,F,IEELEC,9,7.0,7.0,5.0,,0.7777777777777778,0.7777777777777778,0.5555555555555556,,PREGRADO
2022,F,IEGEOM,4,3.0,3.0,1.0,,0.75,0.75,0.25,,PREGRADO
2022,F,IEIND,40,29.0,24.0,15.0,,0.725,0.6,0.375,,PREGRADO
2022,F,IEINF,18,13.0,8.0,5.0,,0.7222222222222222,0.4444444444444444,0.2777777777777778,,PREGRADO
2022,F,IEMEC,4,2.0,2.0,1.0,,0.5,0.5,0.25,,PREGRADO
2022,F,IEMET,5,5.0,,,,1.0,,,,PREGRADO
2022,F,IEMIN,8,5.0,3.0,3.0,,0.625,0.375,0.375,,PREGRADO
2022,F,IEQUIM,15,9.0,5.0,4.0,,0.6,0.3333333333333333,0.26666666666666666,,PREGRADO
2022,F,INGAGRO,8,5.0,3.0,3.0,,0.625,0.375,0.375,,PREGRADO
2022,F,INGAL,15,13.0,10.0,8.0,,0.8666666666666667,0.6666666666666666,0.5333333333333333,,PREGRADO
2022,F,INGCO,221,187.0,165.0,140.0,,0.8461538461538461,0.746606334841629,0.6334841628959276,,PREGRADO
2022,F,INGEST,14,14.0,12.0,12.0,,1.0,0.8571428571428571,0.8571428571428571,,PREGRADO
2022,F,INGFI,6,3.0,3.0,3.0,,0.5,0.5,0.5,,PREGRADO
2022,F,INGMA,7,3.0,2.0,2.0,,0.42857142857142855,0.2857142857142857,0.2857142857142857,,PREGRADO
2022,F,KINE,31,26.0,25.0,25.0,,0.8387096774193549,0.8064516129032258,0.8064516129032258,,PREGRADO
2022,F,LAT,48,42.0,36.0,34.0,,0.875,0.75,0.7083333333333334,,PREGRADO
2022,F,LCC,9,5.0,5.0,3.0,,0.5555555555555556,0.5555555555555556,0.3333333333333333,,PREGRADO
2022,F,LEB,34,25.0,21.0,21.0,,0.7352941176470589,0.6176470588235294,0.6176470588235294,,PREGRADO
2022,F,LEE,39,33.0,30.0,30.0,,0.8461538461538461,0.7692307692307693,0.7692307692307693,,PREGRADO
2022,F,LICAFENDEP,10,7.0,5.0,5.0,,0.7,0.5,0.5,,PREGRADO
2022,F,LICAFTERAP,8,7.0,7.0,6.0,,0.875,0.875,0.75,,PREGRADO
2022,F,LQC,13,7.0,7.0,6.0,,0.5384615384615384,0.5384615384615384,0.46153846153846156,,PREGRADO
2022,F,MAGADE,31,17.0,9.0,,,0.5483870967741935,0.2903225806451613,,,MAGISTER
2022,F,MAGAP,10,9.0,4.0,,,0.9,0.4,,,MAGISTER
2022,F,MAGARH,3,3.0,2.0,1.0,,1.0,0.6666666666666666,0.3333333333333333,,MAGISTER
2022,F,MAGCA,4,3.0,1.0,,,0.75,0.25,,,MAGISTER
2022,F,MAGCC,1,,1.0,,,,1.0,,,MAGISTER
2022,F,MAGCDI,8,8.0,1.0,,,1.0,0.125,,,MAGISTER
2022,F,MAGCIME,1,1.0,,,,1.0,,,,MAGISTER
2022,F,MAGCM,2,,,,,,,,,MAGISTER
2022,F,MAGCS,2,2.0,,,,1.0,,,,MAGISTER
2022,F,MAGEDM,4,4.0,2.0,,,1.0,0.5,,,MAGISTER
2022,F,MAGEDU,16,15.0,2.0,,,0.9375,0.125,,,MAGISTER
2022,F,MAGEF,4,2.0,1.0,1.0,,0.5,0.25,0.25,,MAGISTER
2022,F,MAGEI,2,2.0,1.0,1.0,,1.0,0.5,0.5,,MAGISTER
2022,F,MAGEII,3,3.0,2.0,,,1.0,0.6666666666666666,,,MAGISTER
2022,F,MAGFC,2,1.0,1.0,,,0.5,0.5,,,MAGISTER
2022,F,MAGFIN,6,5.0,2.0,,,0.8333333333333334,0.3333333333333333,,,MAGISTER
2022,F,MAGGP,10,10.0,4.0,1.0,,1.0,0.4,0.1,,MAGISTER
2022,F,MAGHI,4,3.0,3.0,,,0.75,0.75,,,MAGISTER
2022,F,MAGIE,1,1.0,1.0,,,1.0,1.0,,,MAGISTER
2022,F,MAGLG,7,6.0,5.0,,,0.8571428571428571,0.7142857142857143,,,MAGISTER
2022,F,MAGLI,1,1.0,,,,1.0,,,,MAGISTER
2022,F,MAGMA,19,15.0,1.0,,,0.7894736842105263,0.05263157894736842,,,MAGISTER
2022,F,MAGMARK,12,9.0,4.0,,,0.75,0.3333333333333333,,,MAGISTER
2022,F,MAGPED,3,1.0,,,,0.3333333333333333,,,,MAGISTER
2022,F,MAGPGT,2,2.0,2.0,,,1.0,1.0,,,MAGISTER
2022,F,MAGQUI,2,1.0,1.0,,,0.5,0.5,,,MAGISTER
2022,F,MAGSGI,3,3.0,3.0,2.0,,1.0,1.0,0.6666666666666666,,MAGISTER
2022,F,MAGSP,18,17.0,,1.0,,0.9444444444444444,,0.05555555555555555,,MAGISTER
2022,F,MAGTA,5,5.0,1.0,,,1.0,0.2,,,MAGISTER
2022,F,MED,46,42.0,40.0,39.0,,0.9130434782608695,0.8695652173913043,0.8478260869565217,,PREGRADO
2022,F,MIDA,3,3.0,,,,1.0,,,,MAGISTER
2022,F,OBP,49,45.0,41.0,39.0,,0.9183673469387755,0.8367346938775511,0.7959183673469388,,PREGRADO
2022,F,PEDCAST,34,30.0,26.0,25.0,,0.8823529411764706,0.7647058823529411,0.7352941176470589,,PREGRADO
2022,F,PEDEDFIS,4,4.0,4.0,4.0,,1.0,1.0,1.0,,PREGRADO
2022,F,PEDEGB,26,24.0,21.0,21.0,,0.9230769230769231,0.8076923076923077,0.8076923076923077,,PREGRADO
2022,F,PEDFILOS,6,4.0,2.0,1.0,,0.6666666666666666,0.3333333333333333,0.16666666666666666,,PREGRADO
2022,F,PEDFISMAT,12,11.0,10.0,10.0,,0.9166666666666666,0.8333333333333334,0.8333333333333334,,PREGRADO
2022,F,PEDHS,24,22.0,21.0,20.0,,0.9166666666666666,0.875,0.8333333333333334,,PREGRADO
2022,F,PEDINGLES,43,36.0,30.0,28.0,,0.8372093023255814,0.6976744186046512,0.6511627906976745,,PREGRADO
2022,F,PEDMATCOMP,14,12.0,11.0,8.0,,0.8571428571428571,0.7857142857142857,0.5714285714285714,,PREGRADO
2022,F,PEDQUIMBIO,11,6.0,5.0,4.0,,0.5454545454545454,0.45454545454545453,0.36363636363636365,,PREGRADO
2022,F,PEP,6,6.0,,,,1.0,,,,PREGRADO
2022,F,PER,46,42.0,39.0,38.0,,0.9130434782608695,0.8478260869565217,0.8260869565217391,,PREGRADO
2022,F,PFMEI,1,1.0,1.0,,,1.0,1.0,,,PREGRADO
2022,F,PFMENA,1,1.0,,,,1.0,,,,PREGRADO
2022,F,POSACL,16,,,,,,,,,POSTITUTLO
2022,F,POSAG,2,,,,,,,,,POSTITUTLO
2022,F,POSCG,3,3.0,3.0,,,1.0,1.0,,,POSTITUTLO
2022,F,POSEDV,2,2.0,2.0,,,1.0,1.0,,,POSTITUTLO
2022,F,POSEMI,5,2.0,2.0,1.0,,0.4,0.4,0.2,,POSTITUTLO
2022,F,POSENP,1,,,,,,,,,POSTITUTLO
2022,F,POSEPI,2,2.0,2.0,1.0,,1.0,1.0,0.5,,POSTITUTLO
2022,F,POSGER,2,2.0,2.0,1.0,,1.0,1.0,0.5,,POSTITUTLO
2022,F,POSGO,2,1.0,1.0,,,0.5,0.5,,,POSTITUTLO
2022,F,POSIA,2,2.0,,,,1.0,,,,POSTITUTLO
2022,F,POSMDAF,1,1.0,1.0,,,1.0,1.0,,,POSTITUTLO
2022,F,POSMF,2,2.0,1.0,,,1.0,0.5,,,POSTITUTLO
2022,F,POSMU,3,2.0,2.0,,,0.6666666666666666,0.6666666666666666,,,POSTITUTLO
2022,F,POSNEUP,1,1.0,,,,1.0,,,,POSTITUTLO
2022,F,POSOPT,3,,,,,,,,,POSTITUTLO
2022,F,POSORTI,6,6.0,6.0,1.0,,1.0,1.0,0.16666666666666666,,POSTITUTLO
2022,F,POSPA,5,4.0,4.0,,,0.8,0.8,,,POSTITUTLO
2022,F,POSPED,5,4.0,4.0,1.0,,0.8,0.8,0.2,,POSTITUTLO
2022,F,POSREI,1,1.0,1.0,,,1.0,1.0,,,POSTITUTLO
2022,F,POSTGCP,6,,,,,,,,,POSTITUTLO
2022,F,POSTYR,2,,,,,,,,,POSTITUTLO
2022,F,POSURO,1,1.0,1.0,,,1.0,1.0,,,POSTITUTLO
2022,F,PRE,12,8.0,8.0,1.0,,0.6666666666666666,0.6666666666666666,0.08333333333333333,,PREGRADO
2022,F,PSI,90,83.0,82.0,83.0,,0.9222222222222223,0.9111111111111111,0.9222222222222223,,PREGRADO
2022,F,PUB,50,45.0,45.0,45.0,,0.9,0.9,0.9,,PREGRADO
2022,F,QYF,53,46.0,35.0,33.0,,0.8679245283018868,0.660377358490566,0.6226415094339622,,PREGRADO
2022,F,TAI,1,,,,,,,,,PREGRADO
2022,F,TAP,24,22.0,20.0,9.0,,0.9166666666666666,0.8333333333333334,0.375,,PREGRADO
2022,F,TCO,3,1.0,,,,0.3333333333333333,,,,PREGRADO
2022,F,TDU,2,1.0,,,,0.5,,,,PREGRADO
2022,F,TEA,6,5.0,5.0,4.0,,0.8333333333333334,0.8333333333333334,0.6666666666666666,,PREGRADO
2022,F,TEC,5,5.0,4.0,3.0,,1.0,0.8,0.6,,PREGRADO
2022,F,TEO,44,43.0,42.0,41.0,,0.9772727272727273,0.9545454545454546,0.9318181818181818,,PREGRADO
2022,F,TQF,11,8.0,5.0,,,0.7272727272727273,0.45454545454545453,,,PREGRADO
2022,F,TRD,43,30.0,2.0,,,0.6976744186046512,0.046511627906976744,,,PREGRADO
2022,F,TUI,3,2.0,,,,0.6666666666666666,,,,PREGRADO
2022,M,ADMPUB,63,54.0,53.0,40.0,,0.8571428571428571,0.8412698412698413,0.6349206349206349,,PREGRADO
2022,M,ARQ,37,34.0,30.0,30.0,,0.918918918918919,0.8108108108108109,0.8108108108108109,,PREGRADO
2022,M,ASFIMCD,16,14.0,11.0,11.0,,0.875,0.6875,0.6875,,PREGRADO
2022,M,BACHI,53,34.0,,,,0.6415094339622641,,,,PREGRADO
2022,M,CCIV,57,38.0,30.0,14.0,,0.6666666666666666,0.5263157894736842,0.24561403508771928,,PREGRADO
2022,M,CONTA,125,111.0,103.0,98.0,,0.888,0.824,0.784,,PREGRADO
2022,M,DCOMV,15,14.0,13.0,12.0,,0.9333333333333333,0.8666666666666667,0.8,,PREGRADO
2022,M,DERECHO,92,76.0,69.0,67.0,,0.8260869565217391,0.75,0.7282608695652174,,PREGRADO
2022,M,DIN,16,16.0,10.0,11.0,,1.0,0.625,0.6875,,PREGRADO
2022,M,DIPAFSP,8,,,,,,,,,DIPLOMADO
2022,M,DIPAGR,6,,,,,,,,,DIPLOMADO
2022,M,DIPANH,6,,,,,,,,,DIPLOMADO
2022,M,DIPAOC,22,,,,,,,,,DIPLOMADO
2022,M,DIPAPGP,20,,,,,,,,,DIPLOMADO
2022,M,DIPAPSF,16,,,,,,,,,DIPLOMADO
2022,M,DIPART,16,,,,,,,,,DIPLOMADO
2022,M,DIPBI,6,,,,,,,,,DIPLOMADO
2022,M,DIPCDGE,12,,,,,,,,,DIPLOMADO
2022,M,DIPCGAE,44,,,,,,,,,DIPLOMADO
2022,M,DIPCOM,5,,,,,,,,,DIPLOMADO
2022,M,DIPCPLO,2,,,,,,,,,DIPLOMADO
2022,M,DIPCRD,9,,,,,,,,,DIPLOMADO
2022,M,DIPDAP,12,,,,,,,,,DIPLOMADO
2022,M,DIPDCOS,47,,,,,,,,,DIPLOMADO
2022,M,DIPDCSU,8,,,,,,,,,DIPLOMADO
2022,M,DIPDE,15,,,,,,,,,DIPLOMADO
2022,M,DIPDU,17,,,,,,,,,DIPLOMADO
2022,M,DIPDUA,25,,,,,,,,,DIPLOMADO
2022,M,DIPEACT,4,,,,,,,,,DIPLOMADO
2022,M,DIPEAI,13,,,,,,,,,DIPLOMADO
2022,M,DIPEDEP,16,,,,,,,,,DIPLOMADO
2022,M,DIPEDSC,48,,,,,,,,,DIPLOMADO
2022,M,DIPEEC,3,,,,,,,,,DIPLOMADO
2022,M,DIPEFF,33,,,,,,,,,DIPLOMADO
2022,M,DIPEGAM,14,,,,,,,,,DIPLOMADO
2022,M,DIPEGCO,4,,1.0,,,,0.25,,,DIPLOMADO
2022,M,DIPEGDO,5,,,,,,,,,DIPLOMADO
2022,M,DIPEHID,3,,,,,,,,,DIPLOMADO
2022,M,DIPENAF,6,,,,,,,,,DIPLOMADO
2022,M,DIPEOGM,3,,,,,,,,,DIPLOMADO
2022,M,DIPEPR,1,,,,,,,,,DIPLOMADO
2022,M,DIPERNC,23,,,,,,,,,DIPLOMADO
2022,M,DIPETPM,41,,,,,,,,,DIPLOMADO
2022,M,DIPEYFE,10,,,,,,,,,DIPLOMADO
2022,M,DIPFCDP,4,,,,,,,,,DIPLOMADO
2022,M,DIPFPGBP,4,,,,,,,,,DIPLOMADO
2022,M,DIPGCAC,12,,,,,,,,,DIPLOMADO
2022,M,DIPGEO,14,,,,,,,,,DIPLOMADO
2022,M,DIPGFIN,3,,,,,,,,,DIPLOMADO
2022,M,DIPGIN,9,,,,,,,,,DIPLOMADO
2022,M,DIPGPIS,26,,,,,,,,,DIPLOMADO
2022,M,DIPGRH,11,,,,,,,,,DIPLOMADO
2022,M,DIPGSA,8,,,,,,,,,DIPLOMADO
2022,M,DIPGYDPSP,1,,,,,,,,,DIPLOMADO
2022,M,DIPIEA,11,,,,,,,,,DIPLOMADO
2022,M,DIPIEDF,22,,,,,,,,,DIPLOMADO
2022,M,DIPIEIP,6,,,,,,,,,DIPLOMADO
2022,M,DIPIMF,3,,,,,,,,,DIPLOMADO
2022,M,DIPITSO,13,,,,,,,,,DIPLOMADO
2022,M,DIPLIEA,6,,,,,,,,,DIPLOMADO
2022,M,DIPLIEAL,6,,,,,,,,,DIPLOMADO
2022,M,DIPLIEO,4,,,,,,,,,DIPLOMADO
2022,M,DIPLIJ,1,,,,,,,,,DIPLOMADO
2022,M,DIPMAD,7,,,,,,,,,DIPLOMADO
2022,M,DIPMD,3,,,,,,,,,DIPLOMADO
2022,M,DIPMDIA,8,,,,,,,,,DIPLOMADO
2022,M,DIPMGCS,2,,,,,,,,,DIPLOMADO
2022,M,DIPMIG,3,,,,,,,,,DIPLOMADO
2022,M,DIPMINE,7,,,,,,,,,DIPLOMADO
2022,M,DIPNAH,18,,,,,,,,,DIPLOMADO
2022,M,DIPNCSE,6,,,,,,,,,DIPLOMADO
2022,M,DIPNICI,21,1.0,,,,0.047619047619047616,,,,DIPLOMADO
2022,M,DIPNICP,11,,,,,,,,,DIPLOMADO
2022,M,DIPOSEP,19,,,,,,,,,DIPLOMADO
2022,M,DIPPGT,10,,,,,,,,,DIPLOMADO
2022,M,DIPPM,5,,,,,,,,,DIPLOMADO
2022,M,DIPPSEI,1,,,,,,,,,DIPLOMADO
2022,M,DIPPTAD,43,,,,,,,,,DIPLOMADO
2022,M,DIPRH,5,,,,,,,,,DIPLOMADO
2022,M,DIPRHDO,19,,,,,,,,,DIPLOMADO
2022,M,DIPRMEE,9,,,,,,,,,DIPLOMADO
2022,M,DOCBIO,2,2.0,2.0,2.0,,1.0,1.0,1.0,,DOCTORADO
2022,M,DOCCSFIS,1,1.0,1.0,1.0,,1.0,1.0,1.0,,DOCTORADO
2022,M,DOCCSING,10,9.0,8.0,8.0,,0.9,0.8,0.8,,DOCTORADO
2022,M,DOCESTAM,8,8.0,8.0,8.0,,1.0,1.0,1.0,,DOCTORADO
2022,M,DOCHIST,3,3.0,3.0,3.0,,1.0,1.0,1.0,,DOCTORADO
2022,M,DOCNEUROC,1,1.0,1.0,1.0,,1.0,1.0,1.0,,DOCTORADO
2022,M,DOCQUIM,2,2.0,2.0,2.0,,1.0,1.0,1.0,,DOCTORADO
2022,M,ENF,9,8.0,8.0,8.0,,0.8888888888888888,0.8888888888888888,0.8888888888888888,,PREGRADO
2022,M,HCS,8,6.0,5.0,5.0,,0.75,0.625,0.625,,PREGRADO
2022,M,ICAMB,28,13.0,11.0,11.0,,0.4642857142857143,0.39285714285714285,0.39285714285714285,,PREGRADO
2022,M,ICBIO,27,19.0,16.0,15.0,,0.7037037037037037,0.5925925925925926,0.5555555555555556,,PREGRADO
2022,M,ICBIOM,38,27.0,20.0,14.0,,0.7105263157894737,0.5263157894736842,0.3684210526315789,,PREGRADO
2022,M,ICELEC,135,85.0,60.0,43.0,,0.6296296296296297,0.4444444444444444,0.31851851851851853,,PREGRADO
2022,M,ICGEOG,2,1.0,1.0,1.0,,0.5,0.5,0.5,,PREGRADO
2022,M,ICGEOM,12,8.0,7.0,7.0,,0.6666666666666666,0.5833333333333334,0.5833333333333334,,PREGRADO
2022,M,ICIND,201,160.0,137.0,104.0,,0.7960199004975125,0.681592039800995,0.5174129353233831,,PREGRADO
2022,M,ICINF,111,87.0,69.0,59.0,,0.7837837837837838,0.6216216216216216,0.5315315315315315,,PREGRADO
2022,M,ICMEC,103,76.0,63.0,51.0,,0.7378640776699029,0.6116504854368932,0.49514563106796117,,PREGRADO
2022,M,ICMECAT,70,61.0,45.0,38.0,,0.8714285714285714,0.6428571428571429,0.5428571428571428,,PREGRADO
2022,M,ICMET,43,32.0,23.0,14.0,,0.7441860465116279,0.5348837209302325,0.32558139534883723,,PREGRADO
2022,M,ICMIN,81,57.0,49.0,45.0,,0.7037037037037037,0.6049382716049383,0.5555555555555556,,PREGRADO
2022,M,ICOBR,76,62.0,51.0,45.0,,0.8157894736842105,0.6710526315789473,0.5921052631578947,,PREGRADO
2022,M,ICQUIM,39,33.0,27.0,21.0,,0.8461538461538461,0.6923076923076923,0.5384615384615384,,PREGRADO
2022,M,ICTEL,12,6.0,5.0,2.0,,0.5,0.4166666666666667,0.16666666666666666,,PREGRADO
2022,M,IEAMB,1,1.0,1.0,,,1.0,1.0,,,PREGRADO
2022,M,IECLIM,10,5.0,1.0,1.0,,0.5,0.1,0.1,,PREGRADO
2022,M,IEELEC,145,111.0,75.0,53.0,,0.7655172413793103,0.5172413793103449,0.36551724137931035,,PREGRADO
2022,M,IEGEOM,3,2.0,1.0,,,0.6666666666666666,0.3333333333333333,,,PREGRADO
2022,M,IEIND,109,83.0,64.0,48.0,,0.7614678899082569,0.5871559633027523,0.44036697247706424,,PREGRADO
2022,M,IEINF,65,43.0,32.0,26.0,,0.6615384615384615,0.49230769230769234,0.4,,PREGRADO
2022,M,IEMEC,49,36.0,25.0,17.0,,0.7346938775510204,0.5102040816326531,0.3469387755102041,,PREGRADO
2022,M,IEMET,7,6.0,4.0,3.0,,0.8571428571428571,0.5714285714285714,0.42857142857142855,,PREGRADO
2022,M,IEMIN,29,15.0,5.0,5.0,,0.5172413793103449,0.1724137931034483,0.1724137931034483,,PREGRADO
2022,M,IEQUIM,11,8.0,4.0,4.0,,0.7272727272727273,0.36363636363636365,0.36363636363636365,,PREGRADO
2022,M,INGAGRO,14,10.0,9.0,8.0,,0.7142857142857143,0.6428571428571429,0.5714285714285714,,PREGRADO
2022,M,INGAL,6,5.0,3.0,3.0,,0.8333333333333334,0.5,0.5,,PREGRADO
2022,M,INGCO,266,218.0,200.0,167.0,,0.8195488721804511,0.7518796992481203,0.6278195488721805,,PREGRADO
2022,M,INGEST,29,25.0,23.0,20.0,,0.8620689655172413,0.7931034482758621,0.6896551724137931,,PREGRADO
2022,M,INGFI,56,47.0,43.0,39.0,,0.8392857142857143,0.7678571428571429,0.6964285714285714,,PREGRADO
2022,M,INGMA,21,17.0,17.0,14.0,,0.8095238095238095,0.8095238095238095,0.6666666666666666,,PREGRADO
2022,M,KINE,25,24.0,23.0,23.0,,0.96,0.92,0.92,,PREGRADO
2022,M,LAT,15,15.0,12.0,11.0,,1.0,0.8,0.7333333333333333,,PREGRADO
2022,M,LCC,40,32.0,26.0,21.0,,0.8,0.65,0.525,,PREGRADO
2022,M,LEB,18,17.0,16.0,13.0,,0.9444444444444444,0.8888888888888888,0.7222222222222222,,PREGRADO
2022,M,LEE,15,12.0,12.0,11.0,,0.8,0.8,0.7333333333333333,,PREGRADO
2022,M,LICAFENDEP,29,23.0,20.0,20.0,,0.7931034482758621,0.6896551724137931,0.6896551724137931,,PREGRADO
2022,M,LICAFTERAP,14,10.0,10.0,10.0,,0.7142857142857143,0.7142857142857143,0.7142857142857143,,PREGRADO
2022,M,LQC,4,2.0,2.0,2.0,,0.5,0.5,0.5,,PREGRADO
2022,M,MAGADE,74,49.0,22.0,7.0,,0.6621621621621622,0.2972972972972973,0.0945945945945946,,MAGISTER
2022,M,MAGAP,3,3.0,1.0,,,1.0,0.3333333333333333,,,MAGISTER
2022,M,MAGARH,7,7.0,5.0,1.0,,1.0,0.7142857142857143,0.14285714285714285,,MAGISTER
2022,M,MAGCA,8,8.0,5.0,,,1.0,0.625,,,MAGISTER
2022,M,MAGCC,5,2.0,,,,0.4,,,,MAGISTER
2022,M,MAGCDI,29,28.0,5.0,,,0.9655172413793104,0.1724137931034483,,,MAGISTER
2022,M,MAGCE,3,3.0,1.0,,,1.0,0.3333333333333333,,,MAGISTER
2022,M,MAGCIME,3,3.0,2.0,,,1.0,0.6666666666666666,,,MAGISTER
2022,M,MAGCM,4,3.0,3.0,1.0,,0.75,0.75,0.25,,MAGISTER
2022,M,MAGCS,3,3.0,2.0,2.0,,1.0,0.6666666666666666,0.6666666666666666,,MAGISTER
2022,M,MAGEDM,3,2.0,,,,0.6666666666666666,,,,MAGISTER
2022,M,MAGEDU,18,16.0,1.0,,,0.8888888888888888,0.05555555555555555,,,MAGISTER
2022,M,MAGEF,13,13.0,6.0,2.0,,1.0,0.46153846153846156,0.15384615384615385,,MAGISTER
2022,M,MAGEI,3,3.0,3.0,1.0,,1.0,1.0,0.3333333333333333,,MAGISTER
2022,M,MAGEII,13,12.0,7.0,3.0,,0.9230769230769231,0.5384615384615384,0.23076923076923078,,MAGISTER
2022,M,MAGFC,3,3.0,2.0,1.0,,1.0,0.6666666666666666,0.3333333333333333,,MAGISTER
2022,M,MAGFIN,10,9.0,6.0,,,0.9,0.6,,,MAGISTER
2022,M,MAGGP,18,16.0,6.0,1.0,,0.8888888888888888,0.3333333333333333,0.05555555555555555,,MAGISTER
2022,M,MAGHE,4,3.0,1.0,,,0.75,0.25,,,MAGISTER
2022,M,MAGHI,4,4.0,2.0,,,1.0,0.5,,,MAGISTER
2022,M,MAGIE,3,3.0,2.0,,,1.0,0.6666666666666666,,,MAGISTER
2022,M,MAGII,9,8.0,3.0,1.0,,0.8888888888888888,0.3333333333333333,0.1111111111111111,,MAGISTER
2022,M,MAGIT,10,10.0,3.0,2.0,,1.0,0.3,0.2,,MAGISTER
2022,M,MAGLG,2,,,,,,,,,MAGISTER
2022,M,MAGLI,4,4.0,1.0,,,1.0,0.25,,,MAGISTER
2022,M,MAGMA,22,14.0,1.0,,,0.6363636363636364,0.045454545454545456,,,MAGISTER
2022,M,MAGMARK,12,11.0,4.0,,,0.9166666666666666,0.3333333333333333,,,MAGISTER
2022,M,MAGPED,3,2.0,,,,0.6666666666666666,,,,MAGISTER
2022,M,MAGPGT,11,10.0,5.0,,,0.9090909090909091,0.45454545454545453,,,MAGISTER
2022,M,MAGQUI,3,2.0,1.0,,,0.6666666666666666,0.3333333333333333,,,MAGISTER
2022,M,MAGSGI,2,2.0,2.0,2.0,,1.0,1.0,1.0,,MAGISTER
2022,M,MAGSP,8,8.0,1.0,3.0,,1.0,0.125,0.375,,MAGISTER
2022,M,MAGTA,3,2.0,1.0,,,0.6666666666666666,0.3333333333333333,,,MAGISTER
2022,M,MED,26,24.0,24.0,24.0,,0.9230769230769231,0.9230769230769231,0.9230769230769231,,PREGRADO
2022,M,MIDA,4,2.0,,,,0.5,,,,MAGISTER
2022,M,OBP,4,4.0,4.0,3.0,,1.0,1.0,0.75,,PREGRADO
2022,M,PEDCAST,13,10.0,10.0,10.0,,0.7692307692307693,0.7692307692307693,0.7692307692307693,,PREGRADO
2022,M,PEDEDFIS,6,5.0,5.0,5.0,,0.8333333333333334,0.8333333333333334,0.8333333333333334,,PREGRADO
2022,M,PEDEGB,3,2.0,2.0,2.0,,0.6666666666666666,0.6666666666666666,0.6666666666666666,,PREGRADO
2022,M,PEDFILOS,7,5.0,3.0,3.0,,0.7142857142857143,0.42857142857142855,0.42857142857142855,,PREGRADO
2022,M,PEDFISMAT,18,14.0,8.0,8.0,,0.7777777777777778,0.4444444444444444,0.4444444444444444,,PREGRADO
2022,M,PEDHS,32,29.0,27.0,23.0,,0.90625,0.84375,0.71875,,PREGRADO
2022,M,PEDINGLES,17,14.0,14.0,12.0,,0.8235294117647058,0.8235294117647058,0.7058823529411765,,PREGRADO
2022,M,PEDMATCOMP,23,16.0,15.0,13.0,,0.6956521739130435,0.6521739130434783,0.5652173913043478,,PREGRADO
2022,M,PEDQUIMBIO,2,,,,,,,,,PREGRADO
2022,M,PEP,6,5.0,1.0,,,0.8333333333333334,0.16666666666666666,,,PREGRADO
2022,M,PER,50,44.0,42.0,40.0,,0.88,0.84,0.8,,PREGRADO
2022,M,PFMEI,1,1.0,1.0,,,1.0,1.0,,,PREGRADO
2022,M,PFMENA,3,3.0,2.0,,,1.0,0.6666666666666666,,,PREGRADO
2022,M,POSACL,11,,,,,,,,,POSTITUTLO
2022,M,POSAG,4,,,,,,,,,POSTITUTLO
2022,M,POSAPA,1,1.0,1.0,,,1.0,1.0,,,POSTITUTLO
2022,M,POSCG,4,2.0,2.0,,,0.5,0.5,,,POSTITUTLO
2022,M,POSCGE,3,,,,,,,,,POSTITUTLO
2022,M,POSEMI,5,4.0,4.0,2.0,,0.8,0.8,0.4,,POSTITUTLO
2022,M,POSENP,1,1.0,1.0,1.0,,1.0,1.0,1.0,,POSTITUTLO
2022,M,POSEPI,1,1.0,1.0,,,1.0,1.0,,,POSTITUTLO
2022,M,POSGO,1,,,,,,,,,POSTITUTLO
2022,M,POSIA,2,1.0,1.0,,,0.5,0.5,,,POSTITUTLO
2022,M,POSIMH,8,,,,,,,,,POSTITUTLO
2022,M,POSMDAF,4,4.0,4.0,,,1.0,1.0,,,POSTITUTLO
2022,M,POSMF,2,2.0,2.0,,,1.0,1.0,,,POSTITUTLO
2022,M,POSMU,3,2.0,2.0,,,0.6666666666666666,0.6666666666666666,,,POSTITUTLO
2022,M,POSNEU,1,1.0,1.0,,,1.0,1.0,,,POSTITUTLO
2022,M,POSNEUC,1,1.0,,,,1.0,,,,POSTITUTLO
2022,M,POSOPT,2,,,,,,,,,POSTITUTLO
2022,M,POSORTI,3,2.0,1.0,,,0.6666666666666666,0.3333333333333333,,,POSTITUTLO
2022,M,POSPA,3,3.0,3.0,1.0,,1.0,1.0,0.3333333333333333,,POSTITUTLO
2022,M,POSPED,2,1.0,1.0,,,0.5,0.5,,,POSTITUTLO
2022,M,POSTGCP,3,,,,,,,,,POSTITUTLO
2022,M,POSTROR,6,6.0,6.0,,,1.0,1.0,,,POSTITUTLO
2022,M,POSTYR,4,,,,,,,,,POSTITUTLO
2022,M,POSURO,2,2.0,2.0,,,1.0,1.0,,,POSTITUTLO
2022,M,PRE,22,20.0,21.0,1.0,,0.9090909090909091,0.9545454545454546,0.045454545454545456,,PREGRADO
2022,M,PSI,26,20.0,19.0,19.0,,0.7692307692307693,0.7307692307692307,0.7307692307692307,,PREGRADO
2022,M,PUB,25,20.0,20.0,20.0,,0.8,0.8,0.8,,PREGRADO
2022,M,QYF,36,31.0,27.0,25.0,,0.8611111111111112,0.75,0.6944444444444444,,PREGRADO
2022,M,TAI,29,18.0,14.0,12.0,,0.6206896551724138,0.4827586206896552,0.41379310344827586,,PREGRADO
2022,M,TAP,12,9.0,5.0,2.0,,0.75,0.4166666666666667,0.16666666666666666,,PREGRADO
2022,M,TCI,4,4.0,4.0,3.0,,1.0,1.0,0.75,,PREGRADO
2022,M,TCO,34,26.0,12.0,5.0,,0.7647058823529411,0.35294117647058826,0.14705882352941177,,PREGRADO
2022,M,TDU,17,13.0,3.0,1.0,,0.7647058823529411,0.17647058823529413,0.058823529411764705,,PREGRADO
2022,M,TEA,5,3.0,3.0,2.0,,0.6,0.6,0.4,,PREGRADO
2022,M,TEC,27,22.0,17.0,11.0,,0.8148148148148148,0.6296296296296297,0.4074074074074074,,PREGRADO
2022,M,TEO,7,6.0,6.0,6.0,,0.8571428571428571,0.8571428571428571,0.8571428571428571,,PREGRADO
2022,M,TMI,19,13.0,12.0,6.0,,0.6842105263157895,0.631578947368421,0.3157894736842105,,PREGRADO
2022,M,TQF,9,6.0,4.0,1.0,,0.6666666666666666,0.4444444444444444,0.1111111111111111,,PREGRADO
2022,M,TRD,42,27.0,,1.0,,0.6428571428571429,,0.023809523809523808,,PREGRADO
2022,M,TUI,24,13.0,6.0,1.0,,0.5416666666666666,0.25,0.041666666666666664,,PREGRADO
2023,F,ADMIND,5,4.0,,,,0.8,,,,PREGRADO
2023,F,ADMPUB,78,61.0,55.0,,,0.782051282051282,0.7051282051282052,,,PREGRADO
2023,F,AGPP,18,14.0,11.0,,,0.7777777777777778,0.6111111111111112,,,PREGRADO
2023,F,ARQ,73,67.0,59.0,,,0.9178082191780822,0.8082191780821918,,,PREGRADO
2023,F,ASFIMCD,12,11.0,8.0,,,0.9166666666666666,0.6666666666666666,,,PREGRADO
2023,F,BACHI,118,83.0,8.0,,,0.7033898305084746,0.06779661016949153,,,PREGRADO
2023,F,CCIV,14,10.0,11.0,,,0.7142857142857143,0.7857142857142857,,,PREGRADO
2023,F,CONTA,153,140.0,126.0,,,0.9150326797385621,0.8235294117647058,,,PREGRADO
2023,F,DCOMV,25,23.0,21.0,,,0.92,0.84,,,PREGRADO
2023,F,DERECHO,114,86.0,80.0,,,0.7543859649122807,0.7017543859649122,,,PREGRADO
2023,F,DIN,28,22.0,15.0,,,0.7857142857142857,0.5357142857142857,,,PREGRADO
2023,F,DIPAFSP,5,,,,,,,,,DIPLOMADO
2023,F,DIPAGR,2,,,,,,,,,DIPLOMADO
2023,F,DIPAOC,1,,,,,,,,,DIPLOMADO
2023,F,DIPAPGP,97,,,,,,,,,DIPLOMADO
2023,F,DIPAPSF,1,,,,,,,,,DIPLOMADO
2023,F,DIPCDGE,7,,,,,,,,,DIPLOMADO
2023,F,DIPCGAE,60,,,,,,,,,DIPLOMADO
2023,F,DIPCOM,9,,,,,,,,,DIPLOMADO
2023,F,DIPCRD,1,,,,,,,,,DIPLOMADO
2023,F,DIPCSE,2,,,,,,,,,DIPLOMADO
2023,F,DIPDAP,28,,,,,,,,,DIPLOMADO
2023,F,DIPDCOS,12,,,,,,,,,DIPLOMADO
2023,F,DIPDCSU,2,,,,,,,,,DIPLOMADO
2023,F,DIPDE,5,,,,,,,,,DIPLOMADO
2023,F,DIPDIES,14,,,,,,,,,DIPLOMADO
2023,F,DIPDSPMT,14,,,,,,,,,DIPLOMADO
2023,F,DIPDUA,44,,,,,,,,,DIPLOMADO
2023,F,DIPEACT,3,,,,,,,,,DIPLOMADO
2023,F,DIPEAI,30,,,,,,,,,DIPLOMADO
2023,F,DIPECC,2,,,,,,,,,DIPLOMADO
2023,F,DIPEDEP,37,,,,,,,,,DIPLOMADO
2023,F,DIPEDII,1,,,,,,,,,DIPLOMADO
2023,F,DIPEDSC,6,,,,,,,,,DIPLOMADO
2023,F,DIPEG,2,,,,,,,,,DIPLOMADO
2023,F,DIPEGA,10,,,,,,,,,DIPLOMADO
2023,F,DIPEGAM,9,,,,,,,,,DIPLOMADO
2023,F,DIPEGEES,6,,,,,,,,,DIPLOMADO
2023,F,DIPEGES,29,,,,,,,,,DIPLOMADO
2023,F,DIPEGMU,24,,,,,,,,,DIPLOMADO
2023,F,DIPEHID,6,,,,,,,,,DIPLOMADO
2023,F,DIPEIL,2,,,,,,,,,DIPLOMADO
2023,F,DIPENAF,8,,,,,,,,,DIPLOMADO
2023,F,DIPEOGM,25,,,,,,,,,DIPLOMADO
2023,F,DIPEPPM,11,,,,,,,,,DIPLOMADO
2023,F,DIPEPR,1,,,,,,,,,DIPLOMADO
2023,F,DIPERNC,2,,,,,,,,,DIPLOMADO
2023,F,DIPETPM,7,,,,,,,,,DIPLOMADO
2023,F,DIPEVMEU,36,,,,,,,,,DIPLOMADO
2023,F,DIPEYFE,18,,,,,,,,,DIPLOMADO
2023,F,DIPFCMF,5,,,,,,,,,DIPLOMADO
2023,F,DIPGEO,21,,,,,,,,,DIPLOMADO
2023,F,DIPGFIN,3,,,,,,,,,DIPLOMADO
2023,F,DIPGIN,2,,,,,,,,,DIPLOMADO
2023,F,DIPGPIS,30,,,,,,,,,DIPLOMADO
2023,F,DIPGRFPD,11,,,,,,,,,DIPLOMADO
2023,F,DIPGRH,21,,,,,,,,,DIPLOMADO
2023,F,DIPGYDPSP,11,,,,,,,,,DIPLOMADO
2023,F,DIPICMH,2,,,,,,,,,DIPLOMADO
2023,F,DIPIEA,9,,,,,,,,,DIPLOMADO
2023,F,DIPIEDF,5,,,,,,,,,DIPLOMADO
2023,F,DIPIEIP,2,,,,,,,,,DIPLOMADO
2023,F,DIPIMF,1,,,,,,,,,DIPLOMADO
2023,F,DIPITSO,2,,,,,,,,,DIPLOMADO
2023,F,DIPLES,4,,,,,,,,,DIPLOMADO
2023,F,DIPLIEA,1,,,,,,,,,DIPLOMADO
2023,F,DIPLIEAL,1,,,,,,,,,DIPLOMADO
2023,F,DIPLIJ,7,,,,,,,,,DIPLOMADO
2023,F,DIPLTSH,69,,,,,,,,,DIPLOMADO
2023,F,DIPMAD,6,,,,,,,,,DIPLOMADO
2023,F,DIPMDIA,4,,,,,,,,,DIPLOMADO
2023,F,DIPMGCS,39,,,,,,,,,DIPLOMADO
2023,F,DIPMIG,16,,,,,,,,,DIPLOMADO
2023,F,DIPMINE,2,,,,,,,,,DIPLOMADO
2023,F,DIPNAH,62,,,,,,,,,DIPLOMADO
2023,F,DIPNCSE,5,,,,,,,,,DIPLOMADO
2023,F,DIPNICI,10,,,,,,,,,DIPLOMADO
2023,F,DIPNICP,9,,,,,,,,,DIPLOMADO
2023,F,DIPOSEP,1,,,,,,,,,DIPLOMADO
2023,F,DIPPCCD,6,,,,,,,,,DIPLOMADO
2023,F,DIPPDT,5,,,,,,,,,DIPLOMADO
2023,F,DIPPGT,12,,,,,,,,,DIPLOMADO
2023,F,DIPPM,8,,,,,,,,,DIPLOMADO
2023,F,DIPPTAD,30,,,,,,,,,DIPLOMADO
2023,F,DIPRH,1,,,,,,,,,DIPLOMADO
2023,F,DIPRHDO,92,,,,,,,,,DIPLOMADO
2023,F,DIPRMEE,2,,,,,,,,,DIPLOMADO
2023,F,DOCBIO,2,1.0,,,,0.5,,,,DOCTORADO
2023,F,DOCCSALIM,1,1.0,1.0,,,1.0,1.0,,,DOCTORADO
2023,F,DOCCSING,4,4.0,4.0,,,1.0,1.0,,,DOCTORADO
2023,F,DOCESTAM,6,6.0,6.0,,,1.0,1.0,,,DOCTORADO
2023,F,DOCHIST,1,1.0,1.0,,,1.0,1.0,,,DOCTORADO
2023,F,DOCMICROBIO,2,2.0,2.0,,,1.0,1.0,,,DOCTORADO
2023,F,DOCNEUROC,2,2.0,2.0,,,1.0,1.0,,,DOCTORADO
2023,F,DOCQUIM,7,6.0,6.0,,,0.8571428571428571,0.8571428571428571,,,DOCTORADO
2023,F,ENF,52,45.0,43.0,,,0.8653846153846154,0.8269230769230769,,,PREGRADO
2023,F,HCS,19,8.0,5.0,,,0.42105263157894735,0.2631578947368421,,,PREGRADO
2023,F,ICAMB,28,19.0,15.0,,,0.6785714285714286,0.5357142857142857,,,PREGRADO
2023,F,ICBIO,32,20.0,16.0,,,0.625,0.5,,,PREGRADO
2023,F,ICBIOM,40,23.0,17.0,,,0.575,0.425,,,PREGRADO
2023,F,ICELEC,11,7.0,5.0,,,0.6363636363636364,0.45454545454545453,,,PREGRADO
2023,F,ICGEOG,5,3.0,2.0,,,0.6,0.4,,,PREGRADO
2023,F,ICGEOM,8,4.0,4.0,,,0.5,0.5,,,PREGRADO
2023,F,ICIND,107,85.0,74.0,,,0.794392523364486,0.6915887850467289,,,PREGRADO
2023,F,ICINF,34,31.0,26.0,,,0.9117647058823529,0.7647058823529411,,,PREGRADO
2023,F,ICMEC,13,10.0,7.0,,,0.7692307692307693,0.5384615384615384,,,PREGRADO
2023,F,ICMECAT,18,16.0,11.0,,,0.8888888888888888,0.6111111111111112,,,PREGRADO
2023,F,ICMET,11,4.0,2.0,,,0.36363636363636365,0.18181818181818182,,,PREGRADO
2023,F,ICMIN,39,27.0,24.0,,,0.6923076923076923,0.6153846153846154,,,PREGRADO
2023,F,ICOBR,24,16.0,15.0,,,0.6666666666666666,0.625,,,PREGRADO
2023,F,ICQUIM,30,18.0,11.0,,,0.6,0.36666666666666664,,,PREGRADO
2023,F,ICTEL,6,2.0,2.0,,,0.3333333333333333,0.3333333333333333,,,PREGRADO
2023,F,IEAMB,3,3.0,3.0,,,1.0,1.0,,,PREGRADO
2023,F,IEELEC,12,10.0,6.0,,,0.8333333333333334,0.5,,,PREGRADO
2023,F,IEGEOM,1,1.0,,,,1.0,,,,PREGRADO
2023,F,IEIND,52,30.0,21.0,,,0.5769230769230769,0.40384615384615385,,,PREGRADO
2023,F,IEINF,12,8.0,7.0,,,0.6666666666666666,0.5833333333333334,,,PREGRADO
2023,F,IEMEC,7,4.0,2.0,,,0.5714285714285714,0.2857142857142857,,,PREGRADO
2023,F,IEMET,6,1.0,,,,0.16666666666666666,,,,PREGRADO
2023,F,IEMIN,19,9.0,7.0,,,0.47368421052631576,0.3684210526315789,,,PREGRADO
2023,F,IEQUIM,15,10.0,8.0,,,0.6666666666666666,0.5333333333333333,,,PREGRADO
2023,F,INGAGRO,7,4.0,4.0,,,0.5714285714285714,0.5714285714285714,,,PREGRADO
2023,F,INGAL,26,17.0,16.0,,,0.6538461538461539,0.6153846153846154,,,PREGRADO
2023,F,INGCO,215,176.0,157.0,,,0.8186046511627907,0.7302325581395349,,,PREGRADO
2023,F,INGEST,10,8.0,3.0,,,0.8,0.3,,,PREGRADO
2023,F,INGFI,10,7.0,4.0,,,0.7,0.4,,,PREGRADO
2023,F,INGMA,14,4.0,2.0,,,0.2857142857142857,0.14285714285714285,,,PREGRADO
2023,F,KINE,36,30.0,28.0,,,0.8333333333333334,0.7777777777777778,,,PREGRADO
2023,F,LAT,43,36.0,35.0,,,0.8372093023255814,0.813953488372093,,,PREGRADO
2023,F,LCC,10,9.0,5.0,,,0.9,0.5,,,PREGRADO
2023,F,LEB,33,23.0,22.0,,,0.696969696969697,0.6666666666666666,,,PREGRADO
2023,F,LEE,32,30.0,30.0,,,0.9375,0.9375,,,PREGRADO
2023,F,LICAFENDEP,11,7.0,7.0,,,0.6363636363636364,0.6363636363636364,,,PREGRADO
2023,F,LICAFTERAP,9,7.0,6.0,,,0.7777777777777778,0.6666666666666666,,,PREGRADO
2023,F,LQC,13,12.0,9.0,,,0.9230769230769231,0.6923076923076923,,,PREGRADO
2023,F,MAGADE,28,23.0,5.0,,,0.8214285714285714,0.17857142857142858,,,MAGISTER
2023,F,MAGAP,9,9.0,1.0,,,1.0,0.1111111111111111,,,MAGISTER
2023,F,MAGARH,1,1.0,,,,1.0,,,,MAGISTER
2023,F,MAGCA,3,3.0,,,,1.0,,,,MAGISTER
2023,F,MAGCC,2,1.0,,,,0.5,,,,MAGISTER
2023,F,MAGCDI,8,8.0,1.0,,,1.0,0.125,,,MAGISTER
2023,F,MAGCE,2,2.0,,,,1.0,,,,MAGISTER
2023,F,MAGCM,1,1.0,,,,1.0,,,,MAGISTER
2023,F,MAGCS,3,3.0,1.0,,,1.0,0.3333333333333333,,,MAGISTER
2023,F,MAGCSF,1,1.0,,,,1.0,,,,MAGISTER
2023,F,MAGEDU,23,17.0,1.0,,,0.7391304347826086,0.043478260869565216,,,MAGISTER
2023,F,MAGEF,6,5.0,5.0,,,0.8333333333333334,0.8333333333333334,,,MAGISTER
2023,F,MAGEI,1,1.0,1.0,,,1.0,1.0,,,MAGISTER
2023,F,MAGEII,8,7.0,4.0,,,0.875,0.5,,,MAGISTER
2023,F,MAGGP,22,20.0,4.0,,,0.9090909090909091,0.18181818181818182,,,MAGISTER
2023,F,MAGHE,2,2.0,,,,1.0,,,,MAGISTER
2023,F,MAGHI,7,7.0,4.0,,,1.0,0.5714285714285714,,,MAGISTER
2023,F,MAGII,4,4.0,1.0,,,1.0,0.25,,,MAGISTER
2023,F,MAGLG,3,2.0,2.0,,,0.6666666666666666,0.6666666666666666,,,MAGISTER
2023,F,MAGLI,4,3.0,,,,0.75,,,,MAGISTER
2023,F,MAGMA,9,8.0,1.0,,,0.8888888888888888,0.1111111111111111,,,MAGISTER
2023,F,MAGMARK,8,8.0,1.0,,,1.0,0.125,,,MAGISTER
2023,F,MAGPGT,7,5.0,4.0,,,0.7142857142857143,0.5714285714285714,,,MAGISTER
2023,F,MAGQUI,4,4.0,2.0,,,1.0,0.5,,,MAGISTER
2023,F,MAGSGI,3,2.0,2.0,,,0.6666666666666666,0.6666666666666666,,,MAGISTER
2023,F,MAGSP,17,17.0,,,,1.0,,,,MAGISTER
2023,F,MAGTA,1,1.0,1.0,,,1.0,1.0,,,MAGISTER
2023,F,MED,64,62.0,60.0,,,0.96875,0.9375,,,PREGRADO
2023,F,MIDA,6,6.0,,,,1.0,,,,MAGISTER
2023,F,OBP,58,53.0,49.0,,,0.9137931034482759,0.8448275862068966,,,PREGRADO
2023,F,PEDCAST,46,38.0,33.0,,,0.8260869565217391,0.717391304347826,,,PREGRADO
2023,F,PEDEDFIS,13,11.0,8.0,,,0.8461538461538461,0.6153846153846154,,,PREGRADO
2023,F,PEDEGB,40,34.0,33.0,,,0.85,0.825,,,PREGRADO
2023,F,PEDFILOS,7,7.0,7.0,,,1.0,1.0,,,PREGRADO
2023,F,PEDFISMAT,14,10.0,10.0,,,0.7142857142857143,0.7142857142857143,,,PREGRADO
2023,F,PEDHS,37,34.0,32.0,,,0.918918918918919,0.8648648648648649,,,PREGRADO
2023,F,PEDINGLES,54,43.0,40.0,,,0.7962962962962963,0.7407407407407407,,,PREGRADO
2023,F,PEDMATCOMP,15,13.0,11.0,,,0.8666666666666667,0.7333333333333333,,,PREGRADO
2023,F,PEDQUIMBIO,10,8.0,7.0,,,0.8,0.7,,,PREGRADO
2023,F,PER,42,39.0,36.0,,,0.9285714285714286,0.8571428571428571,,,PREGRADO
2023,F,PFMENA,3,2.0,1.0,,,0.6666666666666666,0.3333333333333333,,,PREGRADO
2023,F,POSACL,7,,,,,,,,,POSTITUTLO
2023,F,POSAN,1,,,,,,,,,POSTITUTLO
2023,F,POSAPA,1,,,,,,,,,POSTITUTLO
2023,F,POSCG,9,2.0,1.0,,,0.2222222222222222,0.1111111111111111,,,POSTITUTLO
2023,F,POSECP,1,1.0,1.0,,,1.0,1.0,,,POSTITUTLO
2023,F,POSEDV,4,1.0,1.0,,,0.25,0.25,,,POSTITUTLO
2023,F,POSEMI,12,4.0,,,,0.3333333333333333,,,,POSTITUTLO
2023,F,POSENP,3,,,,,,,,,POSTITUTLO
2023,F,POSEPI,5,4.0,,,,0.8,,,,POSTITUTLO
2023,F,POSGER,7,4.0,2.0,,,0.5714285714285714,0.2857142857142857,,,POSTITUTLO
2023,F,POSGO,2,1.0,1.0,,,0.5,0.5,,,POSTITUTLO
2023,F,POSMDAF,2,1.0,1.0,,,0.5,0.5,,,POSTITUTLO
2023,F,POSMF,4,2.0,,,,0.5,,,,POSTITUTLO
2023,F,POSMU,2,1.0,,,,0.5,,,,POSTITUTLO
2023,F,POSNEU,1,,,,,,,,,POSTITUTLO
2023,F,POSNEUC,1,,,,,,,,,POSTITUTLO
2023,F,POSOFT,2,,,,,,,,,POSTITUTLO
2023,F,POSOPT,3,,,,,,,,,POSTITUTLO
2023,F,POSORTI,4,2.0,1.0,,,0.5,0.25,,,POSTITUTLO
2023,F,POSPA,10,4.0,2.0,,,0.4,0.2,,,POSTITUTLO
2023,F,POSPED,5,4.0,,,,0.8,,,,POSTITUTLO
2023,F,POSREI,1,1.0,,,,1.0,,,,POSTITUTLO
2023,F,POSTROR,1,,,,,,,,,POSTITUTLO
2023,F,POSTYR,1,,,,,,,,,POSTITUTLO
2023,F,POSURO,1,1.0,1.0,,,1.0,1.0,,,POSTITUTLO
2023,F,PRE,8,7.0,7.0,,,0.875,0.875,,,PREGRADO
2023,F,PSI,88,77.0,75.0,,,0.875,0.8522727272727273,,,PREGRADO
2023,F,PUB,34,30.0,29.0,,,0.8823529411764706,0.8529411764705882,,,PREGRADO
2023,F,QYF,56,45.0,40.0,,,0.8035714285714286,0.7142857142857143,,,PREGRADO
2023,F,TAI,6,4.0,3.0,,,0.6666666666666666,0.5,,,PREGRADO
2023,F,TAP,24,19.0,17.0,,,0.7916666666666666,0.7083333333333334,,,PREGRADO
2023,F,TCO,11,6.0,4.0,,,0.5454545454545454,0.36363636363636365,,,PREGRADO
2023,F,TDU,6,5.0,3.0,,,0.8333333333333334,0.5,,,PREGRADO
2023,F,TEA,12,11.0,7.0,,,0.9166666666666666,0.5833333333333334,,,PREGRADO
2023,F,TEC,3,2.0,1.0,,,0.6666666666666666,0.3333333333333333,,,PREGRADO
2023,F,TEO,43,39.0,37.0,,,0.9069767441860465,0.8604651162790697,,,PREGRADO
2023,F,TMI,5,3.0,2.0,,,0.6,0.4,,,PREGRADO
2023,F,TQF,15,10.0,8.0,,,0.6666666666666666,0.5333333333333333,,,PREGRADO
2023,F,TRD,33,27.0,,,,0.8181818181818182,,,,PREGRADO
2023,F,TUI,6,5.0,1.0,,,0.8333333333333334,0.16666666666666666,,,PREGRADO
2023,M,ADMIND,5,4.0,,,,0.8,,,,PREGRADO
2023,M,ADMPUB,74,60.0,58.0,,,0.8108108108108109,0.7837837837837838,,,PREGRADO
2023,M,AGPP,18,15.0,15.0,,,0.8333333333333334,0.8333333333333334,,,PREGRADO
2023,M,ARQ,25,22.0,21.0,,,0.88,0.84,,,PREGRADO
2023,M,ASFIMCD,26,22.0,21.0,,,0.8461538461538461,0.8076923076923077,,,PREGRADO
2023,M,BACHI,66,52.0,7.0,,,0.7878787878787878,0.10606060606060606,,,PREGRADO
2023,M,CCIV,35,23.0,20.0,,,0.6571428571428571,0.5714285714285714,,,PREGRADO
2023,M,CONTA,150,137.0,124.0,,,0.9133333333333333,0.8266666666666667,,,PREGRADO
2023,M,DCOMV,12,10.0,10.0,,,0.8333333333333334,0.8333333333333334,,,PREGRADO
2023,M,DERECHO,80,69.0,65.0,,,0.8625,0.8125,,,PREGRADO
2023,M,DIN,22,20.0,13.0,,,0.9090909090909091,0.5909090909090909,,,PREGRADO
2023,M,DIPAFSP,7,,,,,,,,,DIPLOMADO
2023,M,DIPAGR,8,,,,,,,,,DIPLOMADO
2023,M,DIPAOC,4,,,,,,,,,DIPLOMADO
2023,M,DIPAPGP,23,,,,,,,,,DIPLOMADO
2023,M,DIPAPSF,1,,,,,,,,,DIPLOMADO
2023,M,DIPCDGE,2,,,,,,,,,DIPLOMADO
2023,M,DIPCGAE,39,,,,,,,,,DIPLOMADO
2023,M,DIPCOM,1,,,,,,,,,DIPLOMADO
2023,M,DIPCRD,12,,,,,,,,,DIPLOMADO
2023,M,DIPCSE,9,,,,,,,,,DIPLOMADO
2023,M,DIPDAP,10,,,,,,,,,DIPLOMADO
2023,M,DIPDCOS,42,,,,,,,,,DIPLOMADO
2023,M,DIPDCSU,3,,,,,,,,,DIPLOMADO
2023,M,DIPDE,11,,,,,,,,,DIPLOMADO
2023,M,DIPDIES,4,,,,,,,,,DIPLOMADO
2023,M,DIPDSPMT,11,,,,,,,,,DIPLOMADO
2023,M,DIPDUA,26,,,,,,,,,DIPLOMADO
2023,M,DIPEACT,4,,,,,,,,,DIPLOMADO
2023,M,DIPEAI,33,,,,,,,,,DIPLOMADO
2023,M,DIPECC,6,,,,,,,,,DIPLOMADO
2023,M,DIPEDEP,27,,,,,,,,,DIPLOMADO
2023,M,DIPEDII,4,,,,,,,,,DIPLOMADO
2023,M,DIPEDSC,19,,1.0,,,,0.05263157894736842,,,DIPLOMADO
2023,M,DIPEG,2,,,,,,,,,DIPLOMADO
2023,M,DIPEGA,6,,,,,,,,,DIPLOMADO
2023,M,DIPEGAM,5,,,,,,,,,DIPLOMADO
2023,M,DIPEGEES,5,,,,,,,,,DIPLOMADO
2023,M,DIPEGES,12,,,,,,,,,DIPLOMADO
2023,M,DIPEGMU,13,,,,,,,,,DIPLOMADO
2023,M,DIPEHID,23,,,,,,,,,DIPLOMADO
2023,M,DIPENAF,4,,,,,,,,,DIPLOMADO
2023,M,DIPEOGM,1,,,,,,,,,DIPLOMADO
2023,M,DIPEPPM,7,,,,,,,,,DIPLOMADO
2023,M,DIPEPR,1,,,,,,,,,DIPLOMADO
2023,M,DIPERNC,9,,,,,,,,,DIPLOMADO
2023,M,DIPETPM,52,,,,,,,,,DIPLOMADO
2023,M,DIPEVMEU,19,,,,,,,,,DIPLOMADO
2023,M,DIPEYFE,5,,,,,,,,,DIPLOMADO
2023,M,DIPFCMF,5,,,,,,,,,DIPLOMADO
2023,M,DIPGEO,6,,,,,,,,,DIPLOMADO
2023,M,DIPGFIN,10,,,,,,,,,DIPLOMADO
2023,M,DIPGIN,5,,,,,,,,,DIPLOMADO
2023,M,DIPGPIS,13,,,,,,,,,DIPLOMADO
2023,M,DIPGRFPD,6,,,,,,,,,DIPLOMADO
2023,M,DIPGRH,3,,,,,,,,,DIPLOMADO
2023,M,DIPGSSO,2,,,,,,,,,DIPLOMADO
2023,M,DIPGYDPSP,11,,,,,,,,,DIPLOMADO
2023,M,DIPICMH,9,,,,,,,,,DIPLOMADO
2023,M,DIPIEA,3,,,,,,,,,DIPLOMADO
2023,M,DIPIEDF,20,,,,,,,,,DIPLOMADO
2023,M,DIPIEIP,9,,,,,,,,,DIPLOMADO
2023,M,DIPIMF,9,,,,,,,,,DIPLOMADO
2023,M,DIPIRIA,6,,,,,,,,,DIPLOMADO
2023,M,DIPITSO,4,,,,,,,,,DIPLOMADO
2023,M,DIPLES,8,,,,,,,,,DIPLOMADO
2023,M,DIPLIEA,4,,,,,,,,,DIPLOMADO
2023,M,DIPLIEAL,2,,,,,,,,,DIPLOMADO
2023,M,DIPLIJ,1,,,,,,,,,DIPLOMADO
2023,M,DIPLTSH,85,,,,,,,,,DIPLOMADO
2023,M,DIPMAD,10,,,,,,,,,DIPLOMADO
2023,M,DIPMDIA,5,,,,,,,,,DIPLOMADO
2023,M,DIPMGCS,8,,,,,,,,,DIPLOMADO
2023,M,DIPMIG,2,,,,,,,,,DIPLOMADO
2023,M,DIPMINE,8,,,,,,,,,DIPLOMADO
2023,M,DIPNAH,17,,,,,,,,,DIPLOMADO
2023,M,DIPNCSE,2,,,,,,,,,DIPLOMADO
2023,M,DIPNICI,13,,,,,,,,,DIPLOMADO
2023,M,DIPNICP,11,,,,,,,,,DIPLOMADO
2023,M,DIPOSEP,27,1.0,,,,0.037037037037037035,,,,DIPLOMADO
2023,M,DIPPCCD,2,,,,,,,,,DIPLOMADO
2023,M,DIPPDT,11,,,,,,,,,DIPLOMADO
2023,M,DIPPGT,10,,,,,,,,,DIPLOMADO
2023,M,DIPPM,7,,,,,,,,,DIPLOMADO
2023,M,DIPPTAD,16,,,,,,,,,DIPLOMADO
2023,M,DIPRH,8,,,,,,,,,DIPLOMADO
2023,M,DIPRHDO,17,,,,,,,,,DIPLOMADO
2023,M,DIPRMEE,16,,,,,,,,,DIPLOMADO
2023,M,DOCBIO,3,3.0,3.0,,,1.0,1.0,,,DOCTORADO
2023,M,DOCCSALIM,3,3.0,2.0,,,1.0,0.6666666666666666,,,DOCTORADO
2023,M,DOCCSFIS,7,7.0,6.0,,,1.0,0.8571428571428571,,,DOCTORADO
2023,M,DOCCSING,15,15.0,15.0,,,1.0,1.0,,,DOCTORADO
2023,M,DOCCSMAT,2,2.0,2.0,,,1.0,1.0,,,DOCTORADO
2023,M,DOCESTAM,4,4.0,4.0,,,1.0,1.0,,,DOCTORADO
2023,M,DOCHIST,1,1.0,1.0,,,1.0,1.0,,,DOCTORADO
2023,M,DOCMICROBIO,3,3.0,3.0,,,1.0,1.0,,,DOCTORADO
2023,M,DOCNEUROC,1,1.0,1.0,,,1.0,1.0,,,DOCTORADO
2023,M,DOCQUIM,6,6.0,6.0,,,1.0,1.0,,,DOCTORADO
2023,M,ENF,15,13.0,11.0,,,0.8666666666666667,0.7333333333333333,,,PREGRADO
2023,M,HCS,11,6.0,6.0,,,0.5454545454545454,0.5454545454545454,,,PREGRADO
2023,M,ICAMB,21,14.0,10.0,,,0.6666666666666666,0.47619047619047616,,,PREGRADO
2023,M,ICBIO,37,25.0,20.0,,,0.6756756756756757,0.5405405405405406,,,PREGRADO
2023,M,ICBIOM,36,25.0,20.0,,,0.6944444444444444,0.5555555555555556,,,PREGRADO
2023,M,ICELEC,145,90.0,70.0,,,0.6206896551724138,0.4827586206896552,,,PREGRADO
2023,M,ICGEOG,3,1.0,,,,0.3333333333333333,,,,PREGRADO
2023,M,ICGEOM,17,13.0,7.0,,,0.7647058823529411,0.4117647058823529,,,PREGRADO
2023,M,ICIND,198,164.0,138.0,,,0.8282828282828283,0.696969696969697,,,PREGRADO
2023,M,ICINF,104,80.0,66.0,,,0.7692307692307693,0.6346153846153846,,,PREGRADO
2023,M,ICMEC,110,76.0,53.0,,,0.6909090909090909,0.4818181818181818,,,PREGRADO
2023,M,ICMECAT,59,46.0,33.0,,,0.7796610169491526,0.559322033898305,,,PREGRADO
2023,M,ICMET,57,33.0,24.0,,,0.5789473684210527,0.42105263157894735,,,PREGRADO
2023,M,ICMIN,75,50.0,38.0,,,0.6666666666666666,0.5066666666666667,,,PREGRADO
2023,M,ICOBR,85,69.0,60.0,,,0.8117647058823529,0.7058823529411765,,,PREGRADO
2023,M,ICQUIM,39,28.0,20.0,,,0.717948717948718,0.5128205128205128,,,PREGRADO
2023,M,ICTEL,39,26.0,17.0,,,0.6666666666666666,0.4358974358974359,,,PREGRADO
2023,M,IEAMB,3,2.0,2.0,,,0.6666666666666666,0.6666666666666666,,,PREGRADO
2023,M,IECLIM,11,4.0,2.0,,,0.36363636363636365,0.18181818181818182,,,PREGRADO
2023,M,IEELEC,122,85.0,67.0,,,0.6967213114754098,0.5491803278688525,,,PREGRADO
2023,M,IEGEOM,5,3.0,2.0,,,0.6,0.4,,,PREGRADO
2023,M,IEIND,133,93.0,68.0,,,0.6992481203007519,0.5112781954887218,,,PREGRADO
2023,M,IEINF,100,68.0,49.0,,,0.68,0.49,,,PREGRADO
2023,M,IEMEC,51,27.0,18.0,,,0.5294117647058824,0.35294117647058826,,,PREGRADO
2023,M,IEMET,24,12.0,9.0,,,0.5,0.375,,,PREGRADO
2023,M,IEMIN,39,19.0,15.0,,,0.48717948717948717,0.38461538461538464,,,PREGRADO
2023,M,IEQUIM,17,8.0,5.0,,,0.47058823529411764,0.29411764705882354,,,PREGRADO
2023,M,INGAGRO,19,13.0,9.0,,,0.6842105263157895,0.47368421052631576,,,PREGRADO
2023,M,INGAL,5,3.0,2.0,,,0.6,0.4,,,PREGRADO
2023,M,INGCO,261,199.0,178.0,,,0.7624521072796935,0.6819923371647509,,,PREGRADO
2023,M,INGEST,16,14.0,13.0,,,0.875,0.8125,,,PREGRADO
2023,M,INGFI,35,26.0,20.0,,,0.7428571428571429,0.5714285714285714,,,PREGRADO
2023,M,INGMA,25,14.0,11.0,,,0.56,0.44,,,PREGRADO
2023,M,KINE,17,16.0,16.0,,,0.9411764705882353,0.9411764705882353,,,PREGRADO
2023,M,LAT,20,18.0,17.0,,,0.9,0.85,,,PREGRADO
2023,M,LCC,36,25.0,21.0,,,0.6944444444444444,0.5833333333333334,,,PREGRADO
2023,M,LEB,18,12.0,8.0,,,0.6666666666666666,0.4444444444444444,,,PREGRADO
2023,M,LEE,11,10.0,10.0,,,0.9090909090909091,0.9090909090909091,,,PREGRADO
2023,M,LICAFENDEP,37,31.0,30.0,,,0.8378378378378378,0.8108108108108109,,,PREGRADO
2023,M,LICAFTERAP,20,13.0,11.0,,,0.65,0.55,,,PREGRADO
2023,M,LQC,10,7.0,4.0,,,0.7,0.4,,,PREGRADO
2023,M,MAGADE,70,57.0,18.0,,,0.8142857142857143,0.2571428571428571,,,MAGISTER
2023,M,MAGAP,5,5.0,1.0,,,1.0,0.2,,,MAGISTER
2023,M,MAGARH,10,10.0,7.0,,,1.0,0.7,,,MAGISTER
2023,M,MAGCA,6,6.0,1.0,,,1.0,0.16666666666666666,,,MAGISTER
2023,M,MAGCC,4,3.0,1.0,,,0.75,0.25,,,MAGISTER
2023,M,MAGCDI,26,23.0,9.0,,,0.8846153846153846,0.34615384615384615,,,MAGISTER
2023,M,MAGCE,1,1.0,,,,1.0,,,,MAGISTER
2023,M,MAGCIME,8,6.0,3.0,,,0.75,0.375,,,MAGISTER
2023,M,MAGCM,2,2.0,2.0,,,1.0,1.0,,,MAGISTER
2023,M,MAGCS,2,1.0,,,,0.5,,,,MAGISTER
2023,M,MAGCSF,8,8.0,5.0,,,1.0,0.625,,,MAGISTER
2023,M,MAGEDM,4,3.0,1.0,,,0.75,0.25,,,MAGISTER
2023,M,MAGEDU,12,10.0,1.0,,,0.8333333333333334,0.08333333333333333,,,MAGISTER
2023,M,MAGEF,21,21.0,7.0,,,1.0,0.3333333333333333,,,MAGISTER
2023,M,MAGEI,4,2.0,2.0,,,0.5,0.5,,,MAGISTER
2023,M,MAGEII,19,18.0,4.0,,,0.9473684210526315,0.21052631578947367,,,MAGISTER
2023,M,MAGFC,5,5.0,5.0,,,1.0,1.0,,,MAGISTER
2023,M,MAGFIN,1,1.0,,,,1.0,,,,MAGISTER
2023,M,MAGGP,18,13.0,1.0,,,0.7222222222222222,0.05555555555555555,,,MAGISTER
2023,M,MAGHE,2,2.0,,,,1.0,,,,MAGISTER
2023,M,MAGHI,6,6.0,2.0,,,1.0,0.3333333333333333,,,MAGISTER
2023,M,MAGIE,4,3.0,1.0,,,0.75,0.25,,,MAGISTER
2023,M,MAGII,12,10.0,5.0,,,0.8333333333333334,0.4166666666666667,,,MAGISTER
2023,M,MAGIT,12,12.0,,,,1.0,,,,MAGISTER
2023,M,MAGLG,2,1.0,1.0,,,0.5,0.5,,,MAGISTER
2023,M,MAGLI,5,4.0,1.0,,,0.8,0.2,,,MAGISTER
2023,M,MAGMA,9,9.0,2.0,,,1.0,0.2222222222222222,,,MAGISTER
2023,M,MAGMARK,5,4.0,1.0,,,0.8,0.2,,,MAGISTER
2023,M,MAGPGT,5,5.0,4.0,,,1.0,0.8,,,MAGISTER
2023,M,MAGQUI,3,3.0,1.0,,,1.0,0.3333333333333333,,,MAGISTER
2023,M,MAGSGI,2,2.0,,,,1.0,,,,MAGISTER
2023,M,MAGSP,6,6.0,,,,1.0,,,,MAGISTER
2023,M,MED,30,30.0,29.0,,,1.0,0.9666666666666667,,,PREGRADO
2023,M,MIDA,6,5.0,2.0,,,0.8333333333333334,0.3333333333333333,,,MAGISTER
2023,M,OBP,2,2.0,2.0,,,1.0,1.0,,,PREGRADO
2023,M,PEDCAST,17,17.0,17.0,,,1.0,1.0,,,PREGRADO
2023,M,PEDEDFIS,32,27.0,25.0,,,0.84375,0.78125,,,PREGRADO
2023,M,PEDEGB,6,5.0,5.0,,,0.8333333333333334,0.8333333333333334,,,PREGRADO
2023,M,PEDFILOS,13,11.0,11.0,,,0.8461538461538461,0.8461538461538461,,,PREGRADO
2023,M,PEDFISMAT,21,16.0,13.0,,,0.7619047619047619,0.6190476190476191,,,PREGRADO
2023,M,PEDHS,23,17.0,16.0,,,0.7391304347826086,0.6956521739130435,,,PREGRADO
2023,M,PEDINGLES,13,12.0,11.0,,,0.9230769230769231,0.8461538461538461,,,PREGRADO
2023,M,PEDMATCOMP,14,13.0,12.0,,,0.9285714285714286,0.8571428571428571,,,PREGRADO
2023,M,PEDQUIMBIO,5,5.0,4.0,,,1.0,0.8,,,PREGRADO
2023,M,PER,41,33.0,33.0,,,0.8048780487804879,0.8048780487804879,,,PREGRADO
2023,M,PFMEI,1,1.0,,,,1.0,,,,PREGRADO
2023,M,PFMENA,4,2.0,1.0,,,0.5,0.25,,,PREGRADO
2023,M,POSACL,6,,,,,,,,,POSTITUTLO
2023,M,POSAN,5,,,,,,,,,POSTITUTLO
2023,M,POSAPA,2,,,,,,,,,POSTITUTLO
2023,M,POSCG,8,2.0,1.0,,,0.25,0.125,,,POSTITUTLO
2023,M,POSECP,2,,,,,,,,,POSTITUTLO
2023,M,POSEDV,3,1.0,1.0,,,0.3333333333333333,0.3333333333333333,,,POSTITUTLO
2023,M,POSEMI,14,7.0,1.0,,,0.5,0.07142857142857142,,,POSTITUTLO
2023,M,POSENP,2,1.0,1.0,,,0.5,0.5,,,POSTITUTLO
2023,M,POSEPI,2,,,,,,,,,POSTITUTLO
2023,M,POSGER,2,1.0,1.0,,,0.5,0.5,,,POSTITUTLO
2023,M,POSMDAF,3,1.0,1.0,,,0.3333333333333333,0.3333333333333333,,,POSTITUTLO
2023,M,POSMF,5,3.0,,,,0.6,,,,POSTITUTLO
2023,M,POSMIIA,1,,,,,,,,,POSTITUTLO
2023,M,POSMU,5,1.0,,,,0.2,,,,POSTITUTLO
2023,M,POSNEUC,3,2.0,,,,0.6666666666666666,,,,POSTITUTLO
2023,M,POSOPT,1,,,,,,,,,POSTITUTLO
2023,M,POSORTI,6,4.0,2.0,,,0.6666666666666666,0.3333333333333333,,,POSTITUTLO
2023,M,POSPA,8,3.0,2.0,,,0.375,0.25,,,POSTITUTLO
2023,M,POSPED,2,1.0,,,,0.5,,,,POSTITUTLO
2023,M,POSREI,3,,,,,,,,,POSTITUTLO
2023,M,POSTROR,14,2.0,,,,0.14285714285714285,,,,POSTITUTLO
2023,M,POSTYR,4,,,,,,,,,POSTITUTLO
2023,M,POSURO,5,2.0,2.0,,,0.4,0.4,,,POSTITUTLO
2023,M,PRE,28,25.0,24.0,,,0.8928571428571429,0.8571428571428571,,,PREGRADO
2023,M,PSI,38,31.0,31.0,,,0.8157894736842105,0.8157894736842105,,,PREGRADO
2023,M,PUB,18,16.0,16.0,,,0.8888888888888888,0.8888888888888888,,,PREGRADO
2023,M,QYF,36,33.0,32.0,,,0.9166666666666666,0.8888888888888888,,,PREGRADO
2023,M,TAI,42,36.0,23.0,,,0.8571428571428571,0.5476190476190477,,,PREGRADO
2023,M,TAP,12,10.0,7.0,,,0.8333333333333334,0.5833333333333334,,,PREGRADO
2023,M,TCO,62,43.0,31.0,,,0.6935483870967742,0.5,,,PREGRADO
2023,M,TDU,17,11.0,6.0,,,0.6470588235294118,0.35294117647058826,,,PREGRADO
2023,M,TEA,10,7.0,5.0,,,0.7,0.5,,,PREGRADO
2023,M,TEC,35,23.0,18.0,,,0.6571428571428571,0.5142857142857142,,,PREGRADO
2023,M,TEO,12,8.0,6.0,,,0.6666666666666666,0.5,,,PREGRADO
2023,M,TMI,32,19.0,14.0,,,0.59375,0.4375,,,PREGRADO
2023,M,TQF,11,10.0,7.0,,,0.9090909090909091,0.6363636363636364,,,PREGRADO
2023,M,TRD,45,24.0,2.0,,,0.5333333333333333,0.044444444444444446,,,PREGRADO
2023,M,TUI,13,9.0,2.0,,,0.6923076923076923,0.15384615384615385,,,PREGRADO
2024,F,ADMIND,1,1.0,,,,1.0,,,,PREGRADO
2024,F,ADMPUB,70,59.0,,,,0.8428571428571429,,,,PREGRADO
2024,F,AGPP,17,11.0,,,,0.6470588235294118,,,,PREGRADO
2024,F,ARQ,48,43.0,,,,0.8958333333333334,,,,PREGRADO
2024,F,ASFIMCD,11,10.0,,,,0.9090909090909091,,,,PREGRADO
2024,F,BACHI,100,75.0,,,,0.75,,,,PREGRADO
2024,F,CCIV,8,6.0,,,,0.75,,,,PREGRADO
2024,F,CONTA,155,142.0,,,,0.9161290322580645,,,,PREGRADO
2024,F,DCOMV,24,23.0,,,,0.9583333333333334,,,,PREGRADO
2024,F,DERECHO,110,85.0,,,,0.7727272727272727,,,,PREGRADO
2024,F,DIN,33,28.0,,,,0.8484848484848485,,,,PREGRADO
2024,F,DIPAFSP,11,,,,,,,,,DIPLOMADO
2024,F,DIPAGR,14,,,,,,,,,DIPLOMADO
2024,F,DIPANH,4,,,,,,,,,DIPLOMADO
2024,F,DIPAPGP,78,,,,,,,,,DIPLOMADO
2024,F,DIPAVDGP,12,,,,,,,,,DIPLOMADO
2024,F,DIPBI,7,,,,,,,,,DIPLOMADO
2024,F,DIPCDGE,25,,,,,,,,,DIPLOMADO
2024,F,DIPCGAE,90,,,,,,,,,DIPLOMADO
2024,F,DIPCOM,25,,,,,,,,,DIPLOMADO
2024,F,DIPCPCVM,5,,,,,,,,,DIPLOMADO
2024,F,DIPCPLO,14,,,,,,,,,DIPLOMADO
2024,F,DIPDAP,10,,,,,,,,,DIPLOMADO
2024,F,DIPDCOS,13,,,,,,,,,DIPLOMADO
2024,F,DIPDE,6,,,,,,,,,DIPLOMADO
2024,F,DIPDIES,6,,,,,,,,,DIPLOMADO
2024,F,DIPDMI,3,,,,,,,,,DIPLOMADO
2024,F,DIPDUA,39,,,,,,,,,DIPLOMADO
2024,F,DIPEAI,5,,,,,,,,,DIPLOMADO
2024,F,DIPEDEP,11,,,,,,,,,DIPLOMADO
2024,F,DIPEDSC,19,,,,,,,,,DIPLOMADO
2024,F,DIPEEP,6,,,,,,,,,DIPLOMADO
2024,F,DIPEGA,4,,,,,,,,,DIPLOMADO
2024,F,DIPEGBO,21,,,,,,,,,DIPLOMADO
2024,F,DIPEGCO,8,,,,,,,,,DIPLOMADO
2024,F,DIPEGES,5,,,,,,,,,DIPLOMADO
2024,F,DIPEGMU,8,,,,,,,,,DIPLOMADO
2024,F,DIPEN,2,,,,,,,,,DIPLOMADO
2024,F,DIPENAF,7,,,,,,,,,DIPLOMADO
2024,F,DIPEOGM,24,,,,,,,,,DIPLOMADO
2024,F,DIPESSO,1,,,,,,,,,DIPLOMADO
2024,F,DIPETPM,7,,,,,,,,,DIPLOMADO
2024,F,DIPETREDU,66,,,,,,,,,DIPLOMADO
2024,F,DIPEVMEU,37,,,,,,,,,DIPLOMADO
2024,F,DIPEYFE,9,,,,,,,,,DIPLOMADO
2024,F,DIPFCDP,6,,,,,,,,,DIPLOMADO
2024,F,DIPFGVB,4,,,,,,,,,DIPLOMADO
2024,F,DIPGAPL,10,,,,,,,,,DIPLOMADO
2024,F,DIPGCC,7,,,,,,,,,DIPLOMADO
2024,F,DIPGCOIF,12,,,,,,,,,DIPLOMADO
2024,F,DIPGEO,4,,,,,,,,,DIPLOMADO
2024,F,DIPGFIN,13,,,,,,,,,DIPLOMADO
2024,F,DIPGIN,3,,,,,,,,,DIPLOMADO
2024,F,DIPGPIS,47,,,,,,,,,DIPLOMADO
2024,F,DIPGPMCO,13,,,,,,,,,DIPLOMADO
2024,F,DIPGRFPD,13,,,,,,,,,DIPLOMADO
2024,F,DIPGRH,61,,,,,,,,,DIPLOMADO
2024,F,DIPGTEM,56,,,,,,,,,DIPLOMADO
2024,F,DIPGYDPSP,20,,,,,,,,,DIPLOMADO
2024,F,DIPIBEI,5,,,,,,,,,DIPLOMADO
2024,F,DIPICMH,2,,,,,,,,,DIPLOMADO
2024,F,DIPIEA,4,,,,,,,,,DIPLOMADO
2024,F,DIPIEIP,4,,,,,,,,,DIPLOMADO
2024,F,DIPIGPPD,15,,,,,,,,,DIPLOMADO
2024,F,DIPIMF,13,,,,,,,,,DIPLOMADO
2024,F,DIPINAE,5,,,,,,,,,DIPLOMADO
2024,F,DIPITSO,1,,,,,,,,,DIPLOMADO
2024,F,DIPLIEA,8,,,,,,,,,DIPLOMADO
2024,F,DIPLIEAL,7,,,,,,,,,DIPLOMADO
2024,F,DIPLIEO,7,,,,,,,,,DIPLOMADO
2024,F,DIPLIJ,6,,,,,,,,,DIPLOMADO
2024,F,DIPLTSH,58,,,,,,,,,DIPLOMADO
2024,F,DIPMDIA,15,,,,,,,,,DIPLOMADO
2024,F,DIPMGCS,9,,,,,,,,,DIPLOMADO
2024,F,DIPMIG,13,,,,,,,,,DIPLOMADO
2024,F,DIPMME,7,,,,,,,,,DIPLOMADO
2024,F,DIPNAH,43,,,,,,,,,DIPLOMADO
2024,F,DIPNICI,8,,,,,,,,,DIPLOMADO
2024,F,DIPNICP,5,,,,,,,,,DIPLOMADO
2024,F,DIPOSEP,1,,,,,,,,,DIPLOMADO
2024,F,DIPPCCD,11,,,,,,,,,DIPLOMADO
2024,F,DIPPDT,13,,,,,,,,,DIPLOMADO
2024,F,DIPPEGARD,59,,,,,,,,,DIPLOMADO
2024,F,DIPPGT,7,,,,,,,,,DIPLOMADO
2024,F,DIPPM,21,,,,,,,,,DIPLOMADO
2024,F,DIPPTAD,39,,,,,,,,,DIPLOMADO
2024,F,DIPRH,5,,,,,,,,,DIPLOMADO
2024,F,DIPRHDO,78,,,,,,,,,DIPLOMADO
2024,F,DIPROCN,4,,,,,,,,,DIPLOMADO
2024,F,DIPRSF,4,,,,,,,,,DIPLOMADO
2024,F,DIPSIGIP,10,,,,,,,,,DIPLOMADO
2024,F,DIPSPL,8,,,,,,,,,DIPLOMADO
2024,F,DOCBIO,5,4.0,,,,0.8,,,,DOCTORADO
2024,F,DOCCSALIM,6,6.0,,,,1.0,,,,DOCTORADO
2024,F,DOCCSING,6,5.0,,,,0.8333333333333334,,,,DOCTORADO
2024,F,DOCESTAM,8,8.0,,,,1.0,,,,DOCTORADO
2024,F,DOCHIST,2,2.0,,,,1.0,,,,DOCTORADO
2024,F,DOCMICROBIO,3,3.0,,,,1.0,,,,DOCTORADO
2024,F,DOCNEUROC,2,2.0,,,,1.0,,,,DOCTORADO
2024,F,DOCQUIM,5,5.0,,,,1.0,,,,DOCTORADO
2024,F,ENF,34,26.0,,,,0.7647058823529411,,,,PREGRADO
2024,F,HCS,11,9.0,,,,0.8181818181818182,,,,PREGRADO
2024,F,ICAMB,23,10.0,,,,0.43478260869565216,,,,PREGRADO
2024,F,ICBIO,41,32.0,,,,0.7804878048780488,,,,PREGRADO
2024,F,ICBIOM,27,12.0,,,,0.4444444444444444,,,,PREGRADO
2024,F,ICELEC,10,7.0,,,,0.7,,,,PREGRADO
2024,F,ICGEOM,12,6.0,,,,0.5,,,,PREGRADO
2024,F,ICIND,100,80.0,,,,0.8,,,,PREGRADO
2024,F,ICINF,21,19.0,,,,0.9047619047619048,,,,PREGRADO
2024,F,ICMEC,17,13.0,,,,0.7647058823529411,,,,PREGRADO
2024,F,ICMECAT,22,14.0,,,,0.6363636363636364,,,,PREGRADO
2024,F,ICMET,21,14.0,,,,0.6666666666666666,,,,PREGRADO
2024,F,ICMIN,34,26.0,,,,0.7647058823529411,,,,PREGRADO
2024,F,ICOBR,29,24.0,,,,0.8275862068965517,,,,PREGRADO
2024,F,ICQUIM,36,24.0,,,,0.6666666666666666,,,,PREGRADO
2024,F,ICTEL,3,3.0,,,,1.0,,,,PREGRADO
2024,F,IEAMB,2,,,,,,,,,PREGRADO
2024,F,IECLIM,3,1.0,,,,0.3333333333333333,,,,PREGRADO
2024,F,IEELEC,12,7.0,,,,0.5833333333333334,,,,PREGRADO
2024,F,IEGEOM,1,1.0,,,,1.0,,,,PREGRADO
2024,F,IEIND,49,30.0,,,,0.6122448979591837,,,,PREGRADO
2024,F,IEINF,15,13.0,,,,0.8666666666666667,,,,PREGRADO
2024,F,IEMEC,7,1.0,,,,0.14285714285714285,,,,PREGRADO
2024,F,IEMET,7,4.0,,,,0.5714285714285714,,,,PREGRADO
2024,F,IEMIN,16,5.0,,,,0.3125,,,,PREGRADO
2024,F,IEQUIM,10,5.0,,,,0.5,,,,PREGRADO
2024,F,INGAGRO,12,11.0,,,,0.9166666666666666,,,,PREGRADO
2024,F,INGAL,11,9.0,,,,0.8181818181818182,,,,PREGRADO
2024,F,INGCO,204,177.0,,,,0.8676470588235294,,,,PREGRADO
2024,F,INGEST,12,11.0,,,,0.9166666666666666,,,,PREGRADO
2024,F,INGFI,8,6.0,,,,0.75,,,,PREGRADO
2024,F,INGMA,10,5.0,,,,0.5,,,,PREGRADO
2024,F,KINE,31,28.0,,,,0.9032258064516129,,,,PREGRADO
2024,F,LAT,41,38.0,,,,0.926829268292683,,,,PREGRADO
2024,F,LCC,10,6.0,,,,0.6,,,,PREGRADO
2024,F,LEB,28,23.0,,,,0.8214285714285714,,,,PREGRADO
2024,F,LEE,41,33.0,,,,0.8048780487804879,,,,PREGRADO
2024,F,LICAFENDEP,8,7.0,,,,0.875,,,,PREGRADO
2024,F,LICAFTERAP,10,9.0,,,,0.9,,,,PREGRADO
2024,F,LQC,19,12.0,,,,0.631578947368421,,,,PREGRADO
2024,F,MAGADE,34,29.0,,,,0.8529411764705882,,,,MAGISTER
2024,F,MAGAP,8,7.0,,,,0.875,,,,MAGISTER
2024,F,MAGARH,3,3.0,,,,1.0,,,,MAGISTER
2024,F,MAGCA,4,4.0,,,,1.0,,,,MAGISTER
2024,F,MAGCC,11,11.0,,,,1.0,,,,MAGISTER
2024,F,MAGCDAGPP,6,6.0,,,,1.0,,,,MAGISTER
2024,F,MAGCDI,12,12.0,,,,1.0,,,,MAGISTER
2024,F,MAGCIME,4,3.0,,,,0.75,,,,MAGISTER
2024,F,MAGCS,3,3.0,,,,1.0,,,,MAGISTER
2024,F,MAGCSF,2,,,,,,,,,MAGISTER
2024,F,MAGEDM,1,1.0,,,,1.0,,,,MAGISTER
2024,F,MAGEDU,21,18.0,,,,0.8571428571428571,,,,MAGISTER
2024,F,MAGEF,5,3.0,,,,0.6,,,,MAGISTER
2024,F,MAGEI,2,2.0,,,,1.0,,,,MAGISTER
2024,F,MAGEII,8,8.0,,,,1.0,,,,MAGISTER
2024,F,MAGEPA,2,2.0,,,,1.0,,,,MAGISTER
2024,F,MAGFC,2,2.0,,,,1.0,,,,MAGISTER
2024,F,MAGGP,12,7.0,,,,0.5833333333333334,,,,MAGISTER
2024,F,MAGHI,2,2.0,,,,1.0,,,,MAGISTER
2024,F,MAGII,2,2.0,,,,1.0,,,,MAGISTER
2024,F,MAGIT,3,3.0,,,,1.0,,,,MAGISTER
2024,F,MAGLG,5,4.0,,,,0.8,,,,MAGISTER
2024,F,MAGLI,7,6.0,,,,0.8571428571428571,,,,MAGISTER
2024,F,MAGMA,6,5.0,,,,0.8333333333333334,,,,MAGISTER
2024,F,MAGMARK,8,4.0,,,,0.5,,,,MAGISTER
2024,F,MAGPED,5,2.0,,,,0.4,,,,MAGISTER
2024,F,MAGPGT,13,13.0,,,,1.0,,,,MAGISTER
2024,F,MAGQUI,4,3.0,,,,0.75,,,,MAGISTER
2024,F,MAGSGI,3,2.0,,,,0.6666666666666666,,,,MAGISTER
2024,F,MAGSP,16,15.0,,,,0.9375,,,,MAGISTER
2024,F,MAGTA,4,4.0,,,,1.0,,,,MAGISTER
2024,F,MAGTCO,1,,,,,,,,,MAGISTER
2024,F,MED,29,28.0,,,,0.9655172413793104,,,,PREGRADO
2024,F,MIDA,1,1.0,,,,1.0,,,,MAGISTER
2024,F,OBP,45,42.0,,,,0.9333333333333333,,,,PREGRADO
2024,F,PEDCAST,36,31.0,,,,0.8611111111111112,,,,PREGRADO
2024,F,PEDEDFIS,19,15.0,,,,0.7894736842105263,,,,PREGRADO
2024,F,PEDEGB,36,31.0,,,,0.8611111111111112,,,,PREGRADO
2024,F,PEDFILOS,12,8.0,,,,0.6666666666666666,,,,PREGRADO
2024,F,PEDFISMAT,9,6.0,,,,0.6666666666666666,,,,PREGRADO
2024,F,PEDHS,19,17.0,,,,0.8947368421052632,,,,PREGRADO
2024,F,PEDINGLES,32,31.0,,,,0.96875,,,,PREGRADO
2024,F,PEDMATCOMP,14,10.0,,,,0.7142857142857143,,,,PREGRADO
2024,F,PEDQUIMBIO,12,9.0,,,,0.75,,,,PREGRADO
2024,F,PER,44,36.0,,,,0.8181818181818182,,,,PREGRADO
2024,F,PFMENA,1,,,,,,,,,PREGRADO
2024,F,POSACL,9,,,,,,,,,POSTITUTLO
2024,F,POSAPA,2,1.0,,,,0.5,,,,POSTITUTLO
2024,F,POSCG,3,,,,,,,,,POSTITUTLO
2024,F,POSECP,1,,,,,,,,,POSTITUTLO
2024,F,POSEDV,1,1.0,,,,1.0,,,,POSTITUTLO
2024,F,POSEMI,7,2.0,,,,0.2857142857142857,,,,POSTITUTLO
2024,F,POSENP,1,,,,,,,,,POSTITUTLO
2024,F,POSEPI,3,1.0,,,,0.3333333333333333,,,,POSTITUTLO
2024,F,POSGER,4,2.0,,,,0.5,,,,POSTITUTLO
2024,F,POSGO,2,2.0,,,,1.0,,,,POSTITUTLO
2024,F,POSMDAF,2,1.0,,,,0.5,,,,POSTITUTLO
2024,F,POSMF,1,,,,,,,,,POSTITUTLO
2024,F,POSMU,1,,,,,,,,,POSTITUTLO
2024,F,POSNEUC,1,,,,,,,,,POSTITUTLO
2024,F,POSNEUP,1,,,,,,,,,POSTITUTLO
2024,F,POSOFT,1,,,,,,,,,POSTITUTLO
2024,F,POSORTI,4,2.0,,,,0.5,,,,POSTITUTLO
2024,F,POSPA,5,,,,,,,,,POSTITUTLO
2024,F,POSPED,3,2.0,,,,0.6666666666666666,,,,POSTITUTLO
2024,F,POSTROR,1,1.0,,,,1.0,,,,POSTITUTLO
2024,F,POSTYR,1,,,,,,,,,POSTITUTLO
2024,F,POSURO,3,2.0,,,,0.6666666666666666,,,,POSTITUTLO
2024,F,PRE,15,13.0,,,,0.8666666666666667,,,,PREGRADO
2024,F,PSI,57,53.0,,,,0.9298245614035088,,,,PREGRADO
2024,F,PUB,26,24.0,,,,0.9230769230769231,,,,PREGRADO
2024,F,QYF,48,46.0,,,,0.9583333333333334,,,,PREGRADO
2024,F,TAI,4,2.0,,,,0.5,,,,PREGRADO
2024,F,TAP,18,12.0,,,,0.6666666666666666,,,,PREGRADO
2024,F,TCO,4,4.0,,,,1.0,,,,PREGRADO
2024,F,TDU,6,4.0,,,,0.6666666666666666,,,,PREGRADO
2024,F,TEA,6,1.0,,,,0.16666666666666666,,,,PREGRADO
2024,F,TEC,3,1.0,,,,0.3333333333333333,,,,PREGRADO
2024,F,TEO,42,38.0,,,,0.9047619047619048,,,,PREGRADO
2024,F,TMI,1,1.0,,,,1.0,,,,PREGRADO
2024,F,TQF,6,6.0,,,,1.0,,,,PREGRADO
2024,F,TUI,9,3.0,,,,0.3333333333333333,,,,PREGRADO
2024,M,ADMIND,5,5.0,,,,1.0,,,,PREGRADO
2024,M,ADMPUB,61,48.0,,,,0.7868852459016393,,,,PREGRADO
2024,M,AGPP,15,12.0,,,,0.8,,,,PREGRADO
2024,M,ARQ,33,29.0,,,,0.8787878787878788,,,,PREGRADO
2024,M,ASFIMCD,17,16.0,,,,0.9411764705882353,,,,PREGRADO
2024,M,BACHI,63,52.0,,,,0.8253968253968254,,,,PREGRADO
2024,M,CCIV,37,24.0,,,,0.6486486486486487,,,,PREGRADO
2024,M,CONTA,138,121.0,,,,0.8768115942028986,,,,PREGRADO
2024,M,DCOMV,5,4.0,,,,0.8,,,,PREGRADO
2024,M,DERECHO,68,57.0,,,,0.8382352941176471,,,,PREGRADO
2024,M,DIN,10,10.0,,,,1.0,,,,PREGRADO
2024,M,DIPAFSP,10,,,,,,,,,DIPLOMADO
2024,M,DIPAGR,15,,,,,,,,,DIPLOMADO
2024,M,DIPANH,1,,,,,,,,,DIPLOMADO
2024,M,DIPAPGP,24,,,,,,,,,DIPLOMADO
2024,M,DIPAVDGP,12,,,,,,,,,DIPLOMADO
2024,M,DIPBI,15,,,,,,,,,DIPLOMADO
2024,M,DIPCDGE,29,,,,,,,,,DIPLOMADO
2024,M,DIPCGAE,62,,,,,,,,,DIPLOMADO
2024,M,DIPCOM,18,,,,,,,,,DIPLOMADO
2024,M,DIPCPCVM,5,,,,,,,,,DIPLOMADO
2024,M,DIPCPLO,7,,,,,,,,,DIPLOMADO
2024,M,DIPCRD,7,,,,,,,,,DIPLOMADO
2024,M,DIPDAP,6,,,,,,,,,DIPLOMADO
2024,M,DIPDCOS,48,,,,,,,,,DIPLOMADO
2024,M,DIPDE,44,,,,,,,,,DIPLOMADO
2024,M,DIPDIES,1,,,,,,,,,DIPLOMADO
2024,M,DIPDMI,9,,,,,,,,,DIPLOMADO
2024,M,DIPDUA,28,,,,,,,,,DIPLOMADO
2024,M,DIPEAI,5,,,,,,,,,DIPLOMADO
2024,M,DIPEDEP,36,,,,,,,,,DIPLOMADO
2024,M,DIPEDSC,69,,,,,,,,,DIPLOMADO
2024,M,DIPEEP,9,,,,,,,,,DIPLOMADO
2024,M,DIPEGA,4,,,,,,,,,DIPLOMADO
2024,M,DIPEGBO,3,,,,,,,,,DIPLOMADO
2024,M,DIPEGCO,5,,,,,,,,,DIPLOMADO
2024,M,DIPEGMU,11,,,,,,,,,DIPLOMADO
2024,M,DIPENAF,4,,,,,,,,,DIPLOMADO
2024,M,DIPEOGM,1,,,,,,,,,DIPLOMADO
2024,M,DIPERNC,12,,,,,,,,,DIPLOMADO
2024,M,DIPETPM,35,,,,,,,,,DIPLOMADO
2024,M,DIPETREDU,73,,,,,,,,,DIPLOMADO
2024,M,DIPEVMEU,15,,,,,,,,,DIPLOMADO
2024,M,DIPEYFE,9,,,,,,,,,DIPLOMADO
2024,M,DIPFCDP,4,,,,,,,,,DIPLOMADO
2024,M,DIPFGVB,1,,,,,,,,,DIPLOMADO
2024,M,DIPGAPL,5,,,,,,,,,DIPLOMADO
2024,M,DIPGCC,3,,,,,,,,,DIPLOMADO
2024,M,DIPGCOIF,9,,,,,,,,,DIPLOMADO
2024,M,DIPGEO,1,,,,,,,,,DIPLOMADO
2024,M,DIPGFIN,15,,,,,,,,,DIPLOMADO
2024,M,DIPGIN,11,,,,,,,,,DIPLOMADO
2024,M,DIPGPIS,17,,,,,,,,,DIPLOMADO
2024,M,DIPGPMCO,14,,,,,,,,,DIPLOMADO
2024,M,DIPGRFPD,12,,,,,,,,,DIPLOMADO
2024,M,DIPGRH,18,,,,,,,,,DIPLOMADO
2024,M,DIPGSSO,1,,,,,,,,,DIPLOMADO
2024,M,DIPGTEM,30,,,,,,,,,DIPLOMADO
2024,M,DIPGYDPSP,9,,,,,,,,,DIPLOMADO
2024,M,DIPIBEI,13,,,,,,,,,DIPLOMADO
2024,M,DIPICMH,7,,,,,,,,,DIPLOMADO
2024,M,DIPIEA,2,,,,,,,,,DIPLOMADO
2024,M,DIPIEDF,3,,,,,,,,,DIPLOMADO
2024,M,DIPIEIP,6,,,,,,,,,DIPLOMADO
2024,M,DIPIGPPD,10,,,,,,,,,DIPLOMADO
2024,M,DIPIMF,30,,,,,,,,,DIPLOMADO
2024,M,DIPINAE,8,,,,,,,,,DIPLOMADO
2024,M,DIPITSO,6,,,,,,,,,DIPLOMADO
2024,M,DIPLIEA,16,,,,,,,,,DIPLOMADO
2024,M,DIPLIEAL,10,,,,,,,,,DIPLOMADO
2024,M,DIPLIEO,10,,,,,,,,,DIPLOMADO
2024,M,DIPLIJ,1,,,,,,,,,DIPLOMADO
2024,M,DIPLTSH,81,,,,,,,,,DIPLOMADO
2024,M,DIPMAD,4,,,,,,,,,DIPLOMADO
2024,M,DIPMDIA,11,,,,,,,,,DIPLOMADO
2024,M,DIPMGCS,2,,,,,,,,,DIPLOMADO
2024,M,DIPMIG,3,,,,,,,,,DIPLOMADO
2024,M,DIPMINE,7,,,,,,,,,DIPLOMADO
2024,M,DIPMME,3,,,,,,,,,DIPLOMADO
2024,M,DIPNAH,10,,,,,,,,,DIPLOMADO
2024,M,DIPNICI,10,,,,,,,,,DIPLOMADO
2024,M,DIPNICP,2,,,,,,,,,DIPLOMADO
2024,M,DIPOSEP,18,,,,,,,,,DIPLOMADO
2024,M,DIPPCCD,13,,,,,,,,,DIPLOMADO
2024,M,DIPPDT,9,,,,,,,,,DIPLOMADO
2024,M,DIPPEGARD,100,,,,,,,,,DIPLOMADO
2024,M,DIPPGT,9,,,,,,,,,DIPLOMADO
2024,M,DIPPM,22,,,,,,,,,DIPLOMADO
2024,M,DIPPTAD,16,,,,,,,,,DIPLOMADO
2024,M,DIPRH,11,,,,,,,,,DIPLOMADO
2024,M,DIPRHDO,31,,,,,,,,,DIPLOMADO
2024,M,DIPROCN,6,,,,,,,,,DIPLOMADO
2024,M,DIPRSF,4,,,,,,,,,DIPLOMADO
2024,M,DIPSIGIP,4,,,,,,,,,DIPLOMADO
2024,M,DIPSPL,6,,,,,,,,,DIPLOMADO
2024,M,DOCBIO,4,4.0,,,,1.0,,,,DOCTORADO
2024,M,DOCCSALIM,2,2.0,,,,1.0,,,,DOCTORADO
2024,M,DOCCSFIS,3,3.0,,,,1.0,,,,DOCTORADO
2024,M,DOCCSING,18,17.0,,,,0.9444444444444444,,,,DOCTORADO
2024,M,DOCCSMAT,6,6.0,,,,1.0,,,,DOCTORADO
2024,M,DOCESTAM,5,5.0,,,,1.0,,,,DOCTORADO
2024,M,DOCHIST,3,3.0,,,,1.0,,,,DOCTORADO
2024,M,DOCMICROBIO,1,1.0,,,,1.0,,,,DOCTORADO
2024,M,DOCNEUROC,1,1.0,,,,1.0,,,,DOCTORADO
2024,M,DOCQUIM,5,4.0,,,,0.8,,,,DOCTORADO
2024,M,ENF,12,9.0,,,,0.75,,,,PREGRADO
2024,M,HCS,18,11.0,,,,0.6111111111111112,,,,PREGRADO
2024,M,ICAMB,28,16.0,,,,0.5714285714285714,,,,PREGRADO
2024,M,ICBIO,29,21.0,,,,0.7241379310344828,,,,PREGRADO
2024,M,ICBIOM,24,11.0,,,,0.4583333333333333,,,,PREGRADO
2024,M,ICELEC,117,90.0,,,,0.7692307692307693,,,,PREGRADO
2024,M,ICGEOM,19,11.0,,,,0.5789473684210527,,,,PREGRADO
2024,M,ICIND,190,161.0,,,,0.8473684210526315,,,,PREGRADO
2024,M,ICINF,62,52.0,,,,0.8387096774193549,,,,PREGRADO
2024,M,ICMEC,78,64.0,,,,0.8205128205128205,,,,PREGRADO
2024,M,ICMECAT,77,60.0,,,,0.7792207792207793,,,,PREGRADO
2024,M,ICMET,44,28.0,,,,0.6363636363636364,,,,PREGRADO
2024,M,ICMIN,70,46.0,,,,0.6571428571428571,,,,PREGRADO
2024,M,ICOBR,67,52.0,,,,0.7761194029850746,,,,PREGRADO
2024,M,ICQUIM,41,32.0,,,,0.7804878048780488,,,,PREGRADO
2024,M,ICTEL,42,24.0,,,,0.5714285714285714,,,,PREGRADO
2024,M,IEAMB,6,6.0,,,,1.0,,,,PREGRADO
2024,M,IECLIM,9,4.0,,,,0.4444444444444444,,,,PREGRADO
2024,M,IEELEC,141,89.0,,,,0.6312056737588653,,,,PREGRADO
2024,M,IEGEOM,3,1.0,,,,0.3333333333333333,,,,PREGRADO
2024,M,IEIND,92,64.0,,,,0.6956521739130435,,,,PREGRADO
2024,M,IEINF,63,49.0,,,,0.7777777777777778,,,,PREGRADO
2024,M,IEMEC,58,34.0,,,,0.5862068965517241,,,,PREGRADO
2024,M,IEMET,25,10.0,,,,0.4,,,,PREGRADO
2024,M,IEMIN,41,20.0,,,,0.4878048780487805,,,,PREGRADO
2024,M,IEQUIM,27,17.0,,,,0.6296296296296297,,,,PREGRADO
2024,M,INGAGRO,9,8.0,,,,0.8888888888888888,,,,PREGRADO
2024,M,INGAL,11,8.0,,,,0.7272727272727273,,,,PREGRADO
2024,M,INGCO,221,180.0,,,,0.8144796380090498,,,,PREGRADO
2024,M,INGEST,23,21.0,,,,0.9130434782608695,,,,PREGRADO
2024,M,INGFI,34,24.0,,,,0.7058823529411765,,,,PREGRADO
2024,M,INGMA,29,23.0,,,,0.7931034482758621,,,,PREGRADO
2024,M,KINE,18,16.0,,,,0.8888888888888888,,,,PREGRADO
2024,M,LAT,12,11.0,,,,0.9166666666666666,,,,PREGRADO
2024,M,LCC,41,29.0,,,,0.7073170731707317,,,,PREGRADO
2024,M,LEB,24,21.0,,,,0.875,,,,PREGRADO
2024,M,LEE,10,5.0,,,,0.5,,,,PREGRADO
2024,M,LICAFENDEP,28,26.0,,,,0.9285714285714286,,,,PREGRADO
2024,M,LICAFTERAP,19,16.0,,,,0.8421052631578947,,,,PREGRADO
2024,M,LQC,12,10.0,,,,0.8333333333333334,,,,PREGRADO
2024,M,MAGADE,86,82.0,,,,0.9534883720930233,,,,MAGISTER
2024,M,MAGAP,5,5.0,,,,1.0,,,,MAGISTER
2024,M,MAGARH,6,6.0,,,,1.0,,,,MAGISTER
2024,M,MAGCA,4,3.0,,,,0.75,,,,MAGISTER
2024,M,MAGCDAGPP,14,13.0,,,,0.9285714285714286,,,,MAGISTER
2024,M,MAGCDI,40,40.0,,,,1.0,,,,MAGISTER
2024,M,MAGCE,2,1.0,,,,0.5,,,,MAGISTER
2024,M,MAGCIME,6,6.0,,,,1.0,,,,MAGISTER
2024,M,MAGCM,5,5.0,,,,1.0,,,,MAGISTER
2024,M,MAGCS,2,1.0,,,,0.5,,,,MAGISTER
2024,M,MAGCSF,4,4.0,,,,1.0,,,,MAGISTER
2024,M,MAGEDM,5,5.0,,,,1.0,,,,MAGISTER
2024,M,MAGEDU,5,5.0,,,,1.0,,,,MAGISTER
2024,M,MAGEF,7,5.0,,,,0.7142857142857143,,,,MAGISTER
2024,M,MAGEI,3,2.0,,,,0.6666666666666666,,,,MAGISTER
2024,M,MAGEII,40,32.0,,,,0.8,,,,MAGISTER
2024,M,MAGEPA,7,7.0,,,,1.0,,,,MAGISTER
2024,M,MAGFC,7,4.0,,,,0.5714285714285714,,,,MAGISTER
2024,M,MAGGP,8,6.0,,,,0.75,,,,MAGISTER
2024,M,MAGHI,10,10.0,,,,1.0,,,,MAGISTER
2024,M,MAGIE,4,3.0,,,,0.75,,,,MAGISTER
2024,M,MAGII,12,10.0,,,,0.8333333333333334,,,,MAGISTER
2024,M,MAGIT,9,6.0,,,,0.6666666666666666,,,,MAGISTER
2024,M,MAGLG,4,3.0,,,,0.75,,,,MAGISTER
2024,M,MAGLI,5,5.0,,,,1.0,,,,MAGISTER
2024,M,MAGMA,6,4.0,,,,0.6666666666666666,,,,MAGISTER
2024,M,MAGMARK,7,4.0,,,,0.5714285714285714,,,,MAGISTER
2024,M,MAGPED,4,2.0,,,,0.5,,,,MAGISTER
2024,M,MAGPGT,7,5.0,,,,0.7142857142857143,,,,MAGISTER
2024,M,MAGQUI,5,3.0,,,,0.6,,,,MAGISTER
2024,M,MAGSGI,10,9.0,,,,0.9,,,,MAGISTER
2024,M,MAGSP,11,11.0,,,,1.0,,,,MAGISTER
2024,M,MAGTA,2,2.0,,,,1.0,,,,MAGISTER
2024,M,MAGTCO,3,3.0,,,,1.0,,,,MAGISTER
2024,M,MED,21,20.0,,,,0.9523809523809523,,,,PREGRADO
2024,M,MIDA,10,8.0,,,,0.8,,,,MAGISTER
2024,M,OBP,4,3.0,,,,0.75,,,,PREGRADO
2024,M,PEDCAST,11,9.0,,,,0.8181818181818182,,,,PREGRADO
2024,M,PEDEDFIS,24,19.0,,,,0.7916666666666666,,,,PREGRADO
2024,M,PEDEGB,6,6.0,,,,1.0,,,,PREGRADO
2024,M,PEDFILOS,8,7.0,,,,0.875,,,,PREGRADO
2024,M,PEDFISMAT,16,15.0,,,,0.9375,,,,PREGRADO
2024,M,PEDHS,29,26.0,,,,0.896551724137931,,,,PREGRADO
2024,M,PEDINGLES,13,12.0,,,,0.9230769230769231,,,,PREGRADO
2024,M,PEDMATCOMP,16,10.0,,,,0.625,,,,PREGRADO
2024,M,PEDQUIMBIO,8,4.0,,,,0.5,,,,PREGRADO
2024,M,PER,35,28.0,,,,0.8,,,,PREGRADO
2024,M,PFMEI,1,1.0,,,,1.0,,,,PREGRADO
2024,M,PFMENA,1,,,,,,,,,PREGRADO
2024,M,POSACL,5,,,,,,,,,POSTITUTLO
2024,M,POSAPA,1,,,,,,,,,POSTITUTLO
2024,M,POSCG,4,1.0,,,,0.25,,,,POSTITUTLO
2024,M,POSEDV,1,,,,,,,,,POSTITUTLO
2024,M,POSEMI,2,,,,,,,,,POSTITUTLO
2024,M,POSENP,1,,,,,,,,,POSTITUTLO
2024,M,POSEPI,3,1.0,,,,0.3333333333333333,,,,POSTITUTLO
2024,M,POSGO,1,,,,,,,,,POSTITUTLO
2024,M,POSMDAF,2,2.0,,,,1.0,,,,POSTITUTLO
2024,M,POSMIIA,2,,,,,,,,,POSTITUTLO
2024,M,POSMU,3,2.0,,,,0.6666666666666666,,,,POSTITUTLO
2024,M,POSNEUC,1,,,,,,,,,POSTITUTLO
2024,M,POSORTI,2,1.0,,,,0.5,,,,POSTITUTLO
2024,M,POSPA,6,2.0,,,,0.3333333333333333,,,,POSTITUTLO
2024,M,POSTROR,5,2.0,,,,0.4,,,,POSTITUTLO
2024,M,POSTYR,13,,,,,,,,,POSTITUTLO
2024,M,PRE,18,15.0,,,,0.8333333333333334,,,,PREGRADO
2024,M,PSI,18,14.0,,,,0.7777777777777778,,,,PREGRADO
2024,M,PUB,11,11.0,,,,1.0,,,,PREGRADO
2024,M,QYF,29,24.0,,,,0.8275862068965517,,,,PREGRADO
2024,M,TAI,52,36.0,,,,0.6923076923076923,,,,PREGRADO
2024,M,TAP,12,8.0,,,,0.6666666666666666,,,,PREGRADO
2024,M,TCO,58,49.0,,,,0.8448275862068966,,,,PREGRADO
2024,M,TDU,17,13.0,,,,0.7647058823529411,,,,PREGRADO
2024,M,TEA,8,4.0,,,,0.5,,,,PREGRADO
2024,M,TEC,23,15.0,,,,0.6521739130434783,,,,PREGRADO
2024,M,TEO,3,3.0,,,,1.0,,,,PREGRADO
2024,M,TMI,30,16.0,,,,0.5333333333333333,,,,PREGRADO
2024,M,TQF,8,7.0,,,,0.875,,,,PREGRADO
2024,M,TUI,14,10.0,,,,0.7142857142857143,,,,PREGRADO
2024,N,INGFI,1,1.0,,,,1.0,,,,PREGRADO
2024,N,PEDINGLES,1,1.0,,,,1.0,,,,PREGRADO
2025,F,ADMPUB,98,,,,,,,,,PREGRADO
2025,F,AGPP,13,,,,,,,,,PREGRADO
2025,F,ARQ,74,,,,,,,,,PREGRADO
2025,F,ASFIMCD,11,,,,,,,,,PREGRADO
2025,F,BACHI,140,,,,,,,,,PREGRADO
2025,F,CCIV,8,,,,,,,,,PREGRADO
2025,F,CONTA,142,,,,,,,,,PREGRADO
2025,F,DCOMV,36,,,,,,,,,PREGRADO
2025,F,DERECHO,140,,,,,,,,,PREGRADO
2025,F,DIN,45,,,,,,,,,PREGRADO
2025,F,DIPAFSP,3,,,,,,,,,DIPLOMADO
2025,F,DIPAGR,11,,,,,,,,,DIPLOMADO
2025,F,DIPAPGP,55,,,,,,,,,DIPLOMADO
2025,F,DIPAVDGP,13,,,,,,,,,DIPLOMADO
2025,F,DIPBI,10,,,,,,,,,DIPLOMADO
2025,F,DIPCDGE,21,,,,,,,,,DIPLOMADO
2025,F,DIPCGAE,28,,,,,,,,,DIPLOMADO
2025,F,DIPCOM,13,,,,,,,,,DIPLOMADO
2025,F,DIPDAP,1,,,,,,,,,DIPLOMADO
2025,F,DIPDCOS,7,,,,,,,,,DIPLOMADO
2025,F,DIPDE,11,,,,,,,,,DIPLOMADO
2025,F,DIPDMI,2,,,,,,,,,DIPLOMADO
2025,F,DIPDUA,23,,,,,,,,,DIPLOMADO
2025,F,DIPEAI,17,,,,,,,,,DIPLOMADO
2025,F,DIPEDEP,1,,,,,,,,,DIPLOMADO
2025,F,DIPEDSC,26,,,,,,,,,DIPLOMADO
2025,F,DIPEEOP,7,,,,,,,,,DIPLOMADO
2025,F,DIPEEP,6,,,,,,,,,DIPLOMADO
2025,F,DIPEG,7,,,,,,,,,DIPLOMADO
2025,F,DIPEGA,2,,,,,,,,,DIPLOMADO
2025,F,DIPEGBO,16,,,,,,,,,DIPLOMADO
2025,F,DIPEGMU,14,,,,,,,,,DIPLOMADO
2025,F,DIPEOGM,13,,,,,,,,,DIPLOMADO
2025,F,DIPEPA,10,,,,,,,,,DIPLOMADO
2025,F,DIPESSO,2,,,,,,,,,DIPLOMADO
2025,F,DIPETPM,3,,,,,,,,,DIPLOMADO
2025,F,DIPFCDP,3,,,,,,,,,DIPLOMADO
2025,F,DIPFCMF,5,,,,,,,,,DIPLOMADO
2025,F,DIPFPPS,22,,,,,,,,,DIPLOMADO
2025,F,DIPGCAC,1,,,,,,,,,DIPLOMADO
2025,F,DIPGCOIF,8,,,,,,,,,DIPLOMADO
2025,F,DIPGEO,2,,,,,,,,,DIPLOMADO
2025,F,DIPGFIN,12,,,,,,,,,DIPLOMADO
2025,F,DIPGIN,7,,,,,,,,,DIPLOMADO
2025,F,DIPGPIS,4,,,,,,,,,DIPLOMADO
2025,F,DIPGRFPD,6,,,,,,,,,DIPLOMADO
2025,F,DIPGRH,52,,,,,,,,,DIPLOMADO
2025,F,DIPGYDPSP,8,,,,,,,,,DIPLOMADO
2025,F,DIPICMH,5,,,,,,,,,DIPLOMADO
2025,F,DIPIEA,1,,,,,,,,,DIPLOMADO
2025,F,DIPIEDF,1,,,,,,,,,DIPLOMADO
2025,F,DIPIEIP,2,,,,,,,,,DIPLOMADO
2025,F,DIPIGGS,4,,,,,,,,,DIPLOMADO
2025,F,DIPIGPPD,2,,,,,,,,,DIPLOMADO
2025,F,DIPILSC,15,,,,,,,,,DIPLOMADO
2025,F,DIPIMF,5,,,,,,,,,DIPLOMADO
2025,F,DIPITSO,4,,,,,,,,,DIPLOMADO
2025,F,DIPLIEA,5,,,,,,,,,DIPLOMADO
2025,F,DIPLIEAL,3,,,,,,,,,DIPLOMADO
2025,F,DIPLIEO,1,,,,,,,,,DIPLOMADO
2025,F,DIPLIJ,8,,,,,,,,,DIPLOMADO
2025,F,DIPMDIA,21,,,,,,,,,DIPLOMADO
2025,F,DIPMGCS,14,,,,,,,,,DIPLOMADO
2025,F,DIPNICI,14,,,,,,,,,DIPLOMADO
2025,F,DIPNICP,4,,,,,,,,,DIPLOMADO
2025,F,DIPPDT,6,,,,,,,,,DIPLOMADO
2025,F,DIPPGT,2,,,,,,,,,DIPLOMADO
2025,F,DIPPM,23,,,,,,,,,DIPLOMADO
2025,F,DIPRHDO,17,,,,,,,,,DIPLOMADO
2025,F,DOCAYH,8,,,,,,,,,DOCTORADO
2025,F,DOCBIO,2,,,,,,,,,DOCTORADO
2025,F,DOCCSALIM,2,,,,,,,,,DOCTORADO
2025,F,DOCCSFIS,1,,,,,,,,,DOCTORADO
2025,F,DOCCSING,4,,,,,,,,,DOCTORADO
2025,F,DOCCSMAT,3,,,,,,,,,DOCTORADO
2025,F,DOCESTAM,7,,,,,,,,,DOCTORADO
2025,F,DOCHIST,2,,,,,,,,,DOCTORADO
2025,F,DOCMICROBIO,2,,,,,,,,,DOCTORADO
2025,F,DOCNEUROC,3,,,,,,,,,DOCTORADO
2025,F,DOCQUIM,5,,,,,,,,,DOCTORADO
2025,F,ENF,44,,,,,,,,,PREGRADO
2025,F,GDP,21,,,,,,,,,PREGRADO
2025,F,HCS,15,,,,,,,,,PREGRADO
2025,F,ICAMB,31,,,,,,,,,PREGRADO
2025,F,ICBIO,56,,,,,,,,,PREGRADO
2025,F,ICBIOM,43,,,,,,,,,PREGRADO
2025,F,ICELEC,18,,,,,,,,,PREGRADO
2025,F,ICETE,12,,,,,,,,,PREGRADO
2025,F,ICGEOM,15,,,,,,,,,PREGRADO
2025,F,ICIND,115,,,,,,,,,PREGRADO
2025,F,ICINF,27,,,,,,,,,PREGRADO
2025,F,ICMEC,24,,,,,,,,,PREGRADO
2025,F,ICMECAT,35,,,,,,,,,PREGRADO
2025,F,ICMET,20,,,,,,,,,PREGRADO
2025,F,ICMIN,51,,,,,,,,,PREGRADO
2025,F,ICOBR,46,,,,,,,,,PREGRADO
2025,F,ICQUIM,43,,,,,,,,,PREGRADO
2025,F,ICTEL,10,,,,,,,,,PREGRADO
2025,F,IEAMB,4,,,,,,,,,PREGRADO
2025,F,IECLIM,2,,,,,,,,,PREGRADO
2025,F,IEELEC,9,,,,,,,,,PREGRADO
2025,F,IEGEOM,1,,,,,,,,,PREGRADO
2025,F,IEIND,50,,,,,,,,,PREGRADO
2025,F,IEINF,16,,,,,,,,,PREGRADO
2025,F,IEMEC,15,,,,,,,,,PREGRADO
2025,F,IEMET,7,,,,,,,,,PREGRADO
2025,F,IEMIN,22,,,,,,,,,PREGRADO
2025,F,IEQUIM,17,,,,,,,,,PREGRADO
2025,F,INGAGRO,10,,,,,,,,,PREGRADO
2025,F,INGAL,22,,,,,,,,,PREGRADO
2025,F,INGCO,230,,,,,,,,,PREGRADO
2025,F,INGEST,20,,,,,,,,,PREGRADO
2025,F,INGFI,9,,,,,,,,,PREGRADO
2025,F,INGMA,8,,,,,,,,,PREGRADO
2025,F,KINE,29,,,,,,,,,PREGRADO
2025,F,LAT,43,,,,,,,,,PREGRADO
2025,F,LCC,15,,,,,,,,,PREGRADO
2025,F,LEB,35,,,,,,,,,PREGRADO
2025,F,LEE,41,,,,,,,,,PREGRADO
2025,F,LICAFENDEP,17,,,,,,,,,PREGRADO
2025,F,LICAFTERAP,10,,,,,,,,,PREGRADO
2025,F,LQC,17,,,,,,,,,PREGRADO
2025,F,MAGADE,11,,,,,,,,,MAGISTER
2025,F,MAGAP,12,,,,,,,,,MAGISTER
2025,F,MAGARH,5,,,,,,,,,MAGISTER
2025,F,MAGCA,11,,,,,,,,,MAGISTER
2025,F,MAGCC,4,,,,,,,,,MAGISTER
2025,F,MAGCDAGPP,10,,,,,,,,,MAGISTER
2025,F,MAGCDI,2,,,,,,,,,MAGISTER
2025,F,MAGCE,1,,,,,,,,,MAGISTER
2025,F,MAGCIME,2,,,,,,,,,MAGISTER
2025,F,MAGCM,4,,,,,,,,,MAGISTER
2025,F,MAGCS,3,,,,,,,,,MAGISTER
2025,F,MAGCSF,1,,,,,,,,,MAGISTER
2025,F,MAGEDM,4,,,,,,,,,MAGISTER
2025,F,MAGEDU,18,,,,,,,,,MAGISTER
2025,F,MAGEF,5,,,,,,,,,MAGISTER
2025,F,MAGEI,1,,,,,,,,,MAGISTER
2025,F,MAGEII,6,,,,,,,,,MAGISTER
2025,F,MAGEPA,6,,,,,,,,,MAGISTER
2025,F,MAGFC,1,,,,,,,,,MAGISTER
2025,F,MAGFIN,2,,,,,,,,,MAGISTER
2025,F,MAGGP,8,,,,,,,,,MAGISTER
2025,F,MAGHI,5,,,,,,,,,MAGISTER
2025,F,MAGII,1,,,,,,,,,MAGISTER
2025,F,MAGIT,2,,,,,,,,,MAGISTER
2025,F,MAGLG,6,,,,,,,,,MAGISTER
2025,F,MAGLI,7,,,,,,,,,MAGISTER
2025,F,MAGMA,4,,,,,,,,,MAGISTER
2025,F,MAGMARK,5,,,,,,,,,MAGISTER
2025,F,MAGPED,8,,,,,,,,,MAGISTER
2025,F,MAGPGT,7,,,,,,,,,MAGISTER
2025,F,MAGQUI,3,,,,,,,,,MAGISTER
2025,F,MAGSGI,2,,,,,,,,,MAGISTER
2025,F,MAGSP,26,,,,,,,,,MAGISTER
2025,F,MAGTA,2,,,,,,,,,MAGISTER
2025,F,MAGTCO,1,,,,,,,,,MAGISTER
2025,F,MED,37,,,,,,,,,PREGRADO
2025,F,MIDA,4,,,,,,,,,MAGISTER
2025,F,OBP,45,,,,,,,,,PREGRADO
2025,F,PEDCAST,38,,,,,,,,,PREGRADO
2025,F,PEDEDFIS,22,,,,,,,,,PREGRADO
2025,F,PEDEGB,48,,,,,,,,,PREGRADO
2025,F,PEDFILOS,11,,,,,,,,,PREGRADO
2025,F,PEDFISMAT,15,,,,,,,,,PREGRADO
2025,F,PEDHS,25,,,,,,,,,PREGRADO
2025,F,PEDINGLES,34,,,,,,,,,PREGRADO
2025,F,PEDMATCOMP,19,,,,,,,,,PREGRADO
2025,F,PEDQUIMBIO,21,,,,,,,,,PREGRADO
2025,F,PER,44,,,,,,,,,PREGRADO
2025,F,PFMEI,1,,,,,,,,,PREGRADO
2025,F,PFMENA,4,,,,,,,,,PREGRADO
2025,F,POSACL,9,,,,,,,,,POSTITUTLO
2025,F,POSCG,1,,,,,,,,,POSTITUTLO
2025,F,POSEDV,1,,,,,,,,,POSTITUTLO
2025,F,POSENP,1,,,,,,,,,POSTITUTLO
2025,F,POSEPI,2,,,,,,,,,POSTITUTLO
2025,F,POSGER,5,,,,,,,,,POSTITUTLO
2025,F,POSGO,1,,,,,,,,,POSTITUTLO
2025,F,POSMU,1,,,,,,,,,POSTITUTLO
2025,F,POSOFT,1,,,,,,,,,POSTITUTLO
2025,F,POSORTI,2,,,,,,,,,POSTITUTLO
2025,F,POSPA,4,,,,,,,,,POSTITUTLO
2025,F,POSURO,6,,,,,,,,,POSTITUTLO
2025,F,PRE,20,,,,,,,,,PREGRADO
2025,F,PSI,55,,,,,,,,,PREGRADO
2025,F,PUB,42,,,,,,,,,PREGRADO
2025,F,QYF,52,,,,,,,,,PREGRADO
2025,F,TAI,4,,,,,,,,,PREGRADO
2025,F,TCO,5,,,,,,,,,PREGRADO
2025,F,TDU,5,,,,,,,,,PREGRADO
2025,F,TEA,15,,,,,,,,,PREGRADO
2025,F,TEC,4,,,,,,,,,PREGRADO
2025,F,TEO,43,,,,,,,,,PREGRADO
2025,F,TMI,3,,,,,,,,,PREGRADO
2025,F,TQF,11,,,,,,,,,PREGRADO
2025,F,TUI,8,,,,,,,,,PREGRADO
2025,M,ADMPUB,70,,,,,,,,,PREGRADO
2025,M,AGPP,27,,,,,,,,,PREGRADO
2025,M,ARQ,37,,,,,,,,,PREGRADO
2025,M,ASFIMCD,25,,,,,,,,,PREGRADO
2025,M,BACHI,52,,,,,,,,,PREGRADO
2025,M,CCIV,26,,,,,,,,,PREGRADO
2025,M,CONTA,152,,,,,,,,,PREGRADO
2025,M,DCOMV,8,,,,,,,,,PREGRADO
2025,M,DERECHO,77,,,,,,,,,PREGRADO
2025,M,DIN,27,,,,,,,,,PREGRADO
2025,M,DIPAFSP,2,,,,,,,,,DIPLOMADO
2025,M,DIPAGR,19,,,,,,,,,DIPLOMADO
2025,M,DIPAPGP,3,,,,,,,,,DIPLOMADO
2025,M,DIPAVDGP,18,,,,,,,,,DIPLOMADO
2025,M,DIPBI,19,,,,,,,,,DIPLOMADO
2025,M,DIPCDGE,23,,,,,,,,,DIPLOMADO
2025,M,DIPCGAE,9,,,,,,,,,DIPLOMADO
2025,M,DIPCOM,10,,,,,,,,,DIPLOMADO
2025,M,DIPDCOS,28,,,,,,,,,DIPLOMADO
2025,M,DIPDE,56,,,,,,,,,DIPLOMADO
2025,M,DIPDMA,15,,,,,,,,,DIPLOMADO
2025,M,DIPDMI,4,,,,,,,,,DIPLOMADO
2025,M,DIPDUA,11,,,,,,,,,DIPLOMADO
2025,M,DIPEAI,6,,,,,,,,,DIPLOMADO
2025,M,DIPEDEP,9,,,,,,,,,DIPLOMADO
2025,M,DIPEDSC,65,,,,,,,,,DIPLOMADO
2025,M,DIPEEOP,16,,,,,,,,,DIPLOMADO
2025,M,DIPEEP,22,,,,,,,,,DIPLOMADO
2025,M,DIPEG,3,,,,,,,,,DIPLOMADO
2025,M,DIPEGA,1,,,,,,,,,DIPLOMADO
2025,M,DIPEGBO,4,,,,,,,,,DIPLOMADO
2025,M,DIPEGMU,5,,,,,,,,,DIPLOMADO
2025,M,DIPEOGM,2,,,,,,,,,DIPLOMADO
2025,M,DIPEPA,15,,,,,,,,,DIPLOMADO
2025,M,DIPERNC,28,,,,,,,,,DIPLOMADO
2025,M,DIPESSO,3,,,,,,,,,DIPLOMADO
2025,M,DIPETPM,11,,,,,,,,,DIPLOMADO
2025,M,DIPFCDP,4,,,,,,,,,DIPLOMADO
2025,M,DIPFCMF,8,,,,,,,,,DIPLOMADO
2025,M,DIPFPPS,4,,,,,,,,,DIPLOMADO
2025,M,DIPGCAC,6,,,,,,,,,DIPLOMADO
2025,M,DIPGCOIF,10,,,,,,,,,DIPLOMADO
2025,M,DIPGFIN,23,,,,,,,,,DIPLOMADO
2025,M,DIPGIN,6,,,,,,,,,DIPLOMADO
2025,M,DIPGPIS,12,,,,,,,,,DIPLOMADO
2025,M,DIPGRFPD,3,,,,,,,,,DIPLOMADO
2025,M,DIPGRH,19,,,,,,,,,DIPLOMADO
2025,M,DIPGYDPSP,2,,,,,,,,,DIPLOMADO
2025,M,DIPIAOIT,11,,,,,,,,,DIPLOMADO
2025,M,DIPICMH,8,,,,,,,,,DIPLOMADO
2025,M,DIPIEA,3,,,,,,,,,DIPLOMADO
2025,M,DIPIEDF,8,,,,,,,,,DIPLOMADO
2025,M,DIPIEIP,17,,,,,,,,,DIPLOMADO
2025,M,DIPIGGS,16,,,,,,,,,DIPLOMADO
2025,M,DIPIGPPD,1,,,,,,,,,DIPLOMADO
2025,M,DIPILSC,6,,,,,,,,,DIPLOMADO
2025,M,DIPIMF,14,,,,,,,,,DIPLOMADO
2025,M,DIPITSO,4,,,,,,,,,DIPLOMADO
2025,M,DIPLDOE,1,,,,,,,,,DIPLOMADO
2025,M,DIPLIEA,12,,,,,,,,,DIPLOMADO
2025,M,DIPLIEAL,9,,,,,,,,,DIPLOMADO
2025,M,DIPLIEO,10,,,,,,,,,DIPLOMADO
2025,M,DIPMDIA,17,,,,,,,,,DIPLOMADO
2025,M,DIPMGCS,2,,,,,,,,,DIPLOMADO
2025,M,DIPMINE,2,,,,,,,,,DIPLOMADO
2025,M,DIPNICI,7,,,,,,,,,DIPLOMADO
2025,M,DIPNICP,2,,,,,,,,,DIPLOMADO
2025,M,DIPOSEP,1,,,,,,,,,DIPLOMADO
2025,M,DIPPDT,3,,,,,,,,,DIPLOMADO
2025,M,DIPPGT,6,,,,,,,,,DIPLOMADO
2025,M,DIPPM,17,,,,,,,,,DIPLOMADO
2025,M,DIPRHDO,10,,,,,,,,,DIPLOMADO
2025,M,DOCAYH,2,,,,,,,,,DOCTORADO
2025,M,DOCBIO,1,,,,,,,,,DOCTORADO
2025,M,DOCCSALIM,1,,,,,,,,,DOCTORADO
2025,M,DOCCSFIS,1,,,,,,,,,DOCTORADO
2025,M,DOCCSING,19,,,,,,,,,DOCTORADO
2025,M,DOCCSMAT,1,,,,,,,,,DOCTORADO
2025,M,DOCESTAM,5,,,,,,,,,DOCTORADO
2025,M,DOCHIST,5,,,,,,,,,DOCTORADO
2025,M,DOCITI,7,,,,,,,,,DOCTORADO
2025,M,DOCMICROBIO,3,,,,,,,,,DOCTORADO
2025,M,DOCNEUROC,1,,,,,,,,,DOCTORADO
2025,M,DOCQUIM,2,,,,,,,,,DOCTORADO
2025,M,ENF,5,,,,,,,,,PREGRADO
2025,M,GDP,18,,,,,,,,,PREGRADO
2025,M,HCS,29,,,,,,,,,PREGRADO
2025,M,ICAMB,22,,,,,,,,,PREGRADO
2025,M,ICBIO,17,,,,,,,,,PREGRADO
2025,M,ICBIOM,34,,,,,,,,,PREGRADO
2025,M,ICELEC,117,,,,,,,,,PREGRADO
2025,M,ICETE,14,,,,,,,,,PREGRADO
2025,M,ICGEOM,30,,,,,,,,,PREGRADO
2025,M,ICIND,219,,,,,,,,,PREGRADO
2025,M,ICINF,82,,,,,,,,,PREGRADO
2025,M,ICMEC,94,,,,,,,,,PREGRADO
2025,M,ICMECAT,76,,,,,,,,,PREGRADO
2025,M,ICMET,54,,,,,,,,,PREGRADO
2025,M,ICMIN,68,,,,,,,,,PREGRADO
2025,M,ICOBR,97,,,,,,,,,PREGRADO
2025,M,ICQUIM,42,,,,,,,,,PREGRADO
2025,M,ICTEL,49,,,,,,,,,PREGRADO
2025,M,IEAMB,3,,,,,,,,,PREGRADO
2025,M,IECLIM,18,,,,,,,,,PREGRADO
2025,M,IEELEC,123,,,,,,,,,PREGRADO
2025,M,IEGEOM,5,,,,,,,,,PREGRADO
2025,M,IEIND,81,,,,,,,,,PREGRADO
2025,M,IEINF,68,,,,,,,,,PREGRADO
2025,M,IEMEC,54,,,,,,,,,PREGRADO
2025,M,IEMET,27,,,,,,,,,PREGRADO
2025,M,IEMIN,49,,,,,,,,,PREGRADO
2025,M,IEQUIM,27,,,,,,,,,PREGRADO
2025,M,INGAGRO,15,,,,,,,,,PREGRADO
2025,M,INGAL,19,,,,,,,,,PREGRADO
2025,M,INGCO,241,,,,,,,,,PREGRADO
2025,M,INGEST,20,,,,,,,,,PREGRADO
2025,M,INGFI,34,,,,,,,,,PREGRADO
2025,M,INGMA,38,,,,,,,,,PREGRADO
2025,M,KINE,30,,,,,,,,,PREGRADO
2025,M,LAT,20,,,,,,,,,PREGRADO
2025,M,LCC,42,,,,,,,,,PREGRADO
2025,M,LEB,18,,,,,,,,,PREGRADO
2025,M,LEE,17,,,,,,,,,PREGRADO
2025,M,LICAFENDEP,39,,,,,,,,,PREGRADO
2025,M,LICAFTERAP,21,,,,,,,,,PREGRADO
2025,M,LQC,14,,,,,,,,,PREGRADO
2025,M,MAGADE,54,,,,,,,,,MAGISTER
2025,M,MAGAP,2,,,,,,,,,MAGISTER
2025,M,MAGARH,4,,,,,,,,,MAGISTER
2025,M,MAGCA,12,,,,,,,,,MAGISTER
2025,M,MAGCC,2,,,,,,,,,MAGISTER
2025,M,MAGCDAGPP,15,,,,,,,,,MAGISTER
2025,M,MAGCDI,24,,,,,,,,,MAGISTER
2025,M,MAGCIME,7,,,,,,,,,MAGISTER
2025,M,MAGCM,4,,,,,,,,,MAGISTER
2025,M,MAGCS,3,,,,,,,,,MAGISTER
2025,M,MAGCSF,4,,,,,,,,,MAGISTER
2025,M,MAGEDM,4,,,,,,,,,MAGISTER
2025,M,MAGEDU,2,,,,,,,,,MAGISTER
2025,M,MAGEF,12,,,,,,,,,MAGISTER
2025,M,MAGEI,2,,,,,,,,,MAGISTER
2025,M,MAGEII,21,,,,,,,,,MAGISTER
2025,M,MAGEPA,5,,,,,,,,,MAGISTER
2025,M,MAGFC,7,,,,,,,,,MAGISTER
2025,M,MAGFIN,2,,,,,,,,,MAGISTER
2025,M,MAGGP,4,,,,,,,,,MAGISTER
2025,M,MAGHE,3,,,,,,,,,MAGISTER
2025,M,MAGHI,5,,,,,,,,,MAGISTER
2025,M,MAGIE,1,,,,,,,,,MAGISTER
2025,M,MAGII,15,,,,,,,,,MAGISTER
2025,M,MAGIT,4,,,,,,,,,MAGISTER
2025,M,MAGLG,6,,,,,,,,,MAGISTER
2025,M,MAGLI,4,,,,,,,,,MAGISTER
2025,M,MAGMA,9,,,,,,,,,MAGISTER
2025,M,MAGMARK,2,,,,,,,,,MAGISTER
2025,M,MAGPED,4,,,,,,,,,MAGISTER
2025,M,MAGPGT,11,,,,,,,,,MAGISTER
2025,M,MAGQUI,4,,,,,,,,,MAGISTER
2025,M,MAGSGI,4,,,,,,,,,MAGISTER
2025,M,MAGSP,8,,,,,,,,,MAGISTER
2025,M,MED,21,,,,,,,,,PREGRADO
2025,M,MIDA,3,,,,,,,,,MAGISTER
2025,M,OBP,3,,,,,,,,,PREGRADO
2025,M,PEDCAST,25,,,,,,,,,PREGRADO
2025,M,PEDEDFIS,27,,,,,,,,,PREGRADO
2025,M,PEDEGB,8,,,,,,,,,PREGRADO
2025,M,PEDFILOS,9,,,,,,,,,PREGRADO
2025,M,PEDFISMAT,10,,,,,,,,,PREGRADO
2025,M,PEDHS,33,,,,,,,,,PREGRADO
2025,M,PEDINGLES,16,,,,,,,,,PREGRADO
2025,M,PEDMATCOMP,22,,,,,,,,,PREGRADO
2025,M,PEDQUIMBIO,14,,,,,,,,,PREGRADO
2025,M,PER,31,,,,,,,,,PREGRADO
2025,M,PFMEI,2,,,,,,,,,PREGRADO
2025,M,PFMENA,1,,,,,,,,,PREGRADO
2025,M,POSACL,9,,,,,,,,,POSTITUTLO
2025,M,POSCG,3,,,,,,,,,POSTITUTLO
2025,M,POSEDV,1,,,,,,,,,POSTITUTLO
2025,M,POSEMI,4,,,,,,,,,POSTITUTLO
2025,M,POSENP,1,,,,,,,,,POSTITUTLO
2025,M,POSMDAF,2,,,,,,,,,POSTITUTLO
2025,M,POSMU,1,,,,,,,,,POSTITUTLO
2025,M,POSPED,1,,,,,,,,,POSTITUTLO
2025,M,POSTROR,4,,,,,,,,,POSTITUTLO
2025,M,POSTYR,9,,,,,,,,,POSTITUTLO
2025,M,PRE,17,,,,,,,,,PREGRADO
2025,M,PSI,37,,,,,,,,,PREGRADO
2025,M,PUB,19,,,,,,,,,PREGRADO
2025,M,QYF,35,,,,,,,,,PREGRADO
2025,M,TAI,36,,,,,,,,,PREGRADO
2025,M,TCO,38,,,,,,,,,PREGRADO
2025,M,TDU,14,,,,,,,,,PREGRADO
2025,M,TEA,3,,,,,,,,,PREGRADO
2025,M,TEC,28,,,,,,,,,PREGRADO
2025,M,TEO,6,,,,,,,,,PREGRADO
2025,M,TMI,27,,,,,,,,,PREGRADO
2025,M,TQF,15,,,,,,,,,PREGRADO
2025,M,TUI,9,,,,,,,,,PREGRADO
2025,N,BACHI,1,,,,,,,,,PREGRADO
2025,N,PEDINGLES,1,,,,,,,,,PREGRADO
