COH_CIDI,CODIGO_CARRERA,NIVEL_GLOBAL_2,ANHO_ING,anho_op_arriba,0,1,tasa
1,ADMIND,PREGRADO,2009,2012,1.0,,
1,ADMIND,PREGRADO,2014,2016,,9.0,
1,ADMIND,PREGRADO,2015,2017,2.0,9.0,0.8181818181818182
1,ADMIND,PREGRADO,2016,2018,,7.0,
1,ADMIND,PREGRADO,2023,2025,3.0,7.0,0.7
1,ADMIND,PREGRADO,2024,2026,6.0,,
1,ADMPUB,PREGRADO,2007,2012,40.0,77.0,0.6581196581196581
1,ADMPUB,PREGRADO,2008,2013,42.0,72.0,0.631578947368421
1,ADMPUB,PREGRADO,2009,2014,31.0,77.0,0.7129629629629629
1,ADMPUB,PREGRADO,2010,2015,47.0,85.0,0.6439393939393939
1,ADMPUB,PREGRADO,2011,2016,45.0,63.0,0.5833333333333334
1,ADMPUB,PREGRADO,2012,2017,48.0,85.0,0.6390977443609023
1,ADMPUB,PREGRADO,2013,2018,52.0,86.0,0.6231884057971014
1,ADMPUB,PREGRADO,2014,2019,60.0,73.0,0.5488721804511278
1,ADMPUB,PREGRADO,2015,2020,102.0,75.0,0.423728813559322
1,ADMPUB,PREGRADO,2016,2021,68.0,110.0,0.6179775280898876
1,ADMPUB,PREGRADO,2017,2022,70.0,127.0,0.6446700507614214
1,ADMPUB,PREGRADO,2018,2023,60.0,135.0,0.6923076923076923
1,ADMPUB,PREGRADO,2019,2024,61.0,125.0,0.6720430107526881
1,ADMPUB,PREGRADO,2020,2025,42.0,132.0,0.7586206896551724
1,ADMPUB,PREGRADO,2021,2026,61.0,32.0,0.34408602150537637
1,ADMPUB,PREGRADO,2022,2027,97.0,29.0,0.23015873015873015
1,ADMPUB,PREGRADO,2023,2028,152.0,,
1,ADMPUB,PREGRADO,2024,2029,131.0,,
1,ADMPUB,PREGRADO,2025,2030,168.0,,
1,AGPP,PREGRADO,2023,2028,36.0,,
1,AGPP,PREGRADO,2024,2029,32.0,,
1,AGPP,PREGRADO,2025,2030,40.0,,
1,ARQ,DIPLOMADO,2008,2014,1.0,,
1,ARQ,DIPLOMADO,2009,2015,4.0,,
1,ARQ,DIPLOMADO,2010,2016,7.0,13.0,0.65
1,ARQ,DIPLOMADO,2011,2017,6.0,26.0,0.8125
1,ARQ,DIPLOMADO,2012,2018,1.0,41.0,0.9761904761904762
1,ARQ,DIPLOMADO,2013,2019,4.0,11.0,0.7333333333333333
1,ARQ,DIPLOMADO,2014,2020,2.0,6.0,0.75
1,ARQ,DIPLOMADO,2015,2021,6.0,15.0,0.7142857142857143
1,ARQ,DIPLOMADO,2016,2022,2.0,21.0,0.9130434782608695
1,ARQ,DIPLOMADO,2017,2023,5.0,27.0,0.84375
1,ARQ,DIPLOMADO,2018,2024,,46.0,
1,ARQ,DIPLOMADO,2019,2025,,50.0,
1,ARQ,DIPLOMADO,2021,2027,,1.0,
1,ARQ,PREGRADO,2007,2013,23.0,43.0,0.6515151515151515
1,ARQ,PREGRADO,2008,2014,30.0,29.0,0.4915254237288136
1,ARQ,PREGRADO,2009,2015,23.0,34.0,0.5964912280701754
1,ARQ,PREGRADO,2010,2016,26.0,18.0,0.4090909090909091
1,ARQ,PREGRADO,2011,2017,27.0,11.0,0.2894736842105263
1,ARQ,PREGRADO,2012,2018,41.0,9.0,0.18
1,ARQ,PREGRADO,2013,2019,26.0,29.0,0.5272727272727272
1,ARQ,PREGRADO,2014,2020,42.0,22.0,0.34375
1,ARQ,PREGRADO,2015,2021,27.0,28.0,0.509090909090909
1,ARQ,PREGRADO,2016,2022,22.0,25.0,0.5319148936170213
1,ARQ,PREGRADO,2017,2023,23.0,12.0,0.34285714285714286
1,ARQ,PREGRADO,2018,2024,19.0,7.0,0.2692307692307692
1,ARQ,PREGRADO,2019,2025,23.0,5.0,0.17857142857142858
1,ARQ,PREGRADO,2020,2026,61.0,44.0,0.41904761904761906
1,ARQ,PREGRADO,2021,2027,100.0,,
1,ARQ,PREGRADO,2022,2028,96.0,,
1,ARQ,PREGRADO,2023,2029,98.0,,
1,ARQ,PREGRADO,2024,2030,81.0,,
1,ARQ,PREGRADO,2025,2031,111.0,,
1,ASFIMCD,PREGRADO,2022,2026,31.0,,
1,ASFIMCD,PREGRADO,2023,2027,38.0,,
1,ASFIMCD,PREGRADO,2024,2028,28.0,,
1,ASFIMCD,PREGRADO,2025,2029,36.0,,
1,BACHI,PREGRADO,2007,2009,92.0,14.0,0.1320754716981132
1,BACHI,PREGRADO,2008,2010,127.0,64.0,0.33507853403141363
1,BACHI,PREGRADO,2009,2011,122.0,88.0,0.41904761904761906
1,BACHI,PREGRADO,2010,2012,158.0,33.0,0.17277486910994763
1,BACHI,PREGRADO,2011,2013,155.0,41.0,0.20918367346938777
1,BACHI,PREGRADO,2012,2014,132.0,108.0,0.45
1,BACHI,PREGRADO,2013,2015,166.0,74.0,0.30833333333333335
1,BACHI,PREGRADO,2014,2016,237.0,2.0,0.008368200836820083
1,BACHI,PREGRADO,2015,2017,177.0,48.0,0.21333333333333335
1,BACHI,PREGRADO,2016,2018,97.0,75.0,0.436046511627907
1,BACHI,PREGRADO,2017,2019,100.0,84.0,0.45652173913043476
1,BACHI,PREGRADO,2018,2020,163.0,38.0,0.1890547263681592
1,BACHI,PREGRADO,2019,2021,142.0,61.0,0.30049261083743845
1,BACHI,PREGRADO,2020,2022,133.0,60.0,0.31088082901554404
1,BACHI,PREGRADO,2021,2023,169.0,,
1,BACHI,PREGRADO,2022,2024,169.0,,
1,BACHI,PREGRADO,2023,2025,184.0,,
1,BACHI,PREGRADO,2024,2026,163.0,,
1,BACHI,PREGRADO,2025,2027,193.0,,
1,CCIV,PREGRADO,2007,2008,75.0,5.0,0.0625
1,CCIV,PREGRADO,2007,2011,2.0,16.0,0.8888888888888888
1,CCIV,PREGRADO,2008,2009,77.0,,
1,CCIV,PREGRADO,2008,2012,,3.0,
1,CCIV,PREGRADO,2009,2010,75.0,,
1,CCIV,PREGRADO,2009,2013,,6.0,
1,CCIV,PREGRADO,2010,2011,85.0,2.0,0.022988505747126436
1,CCIV,PREGRADO,2010,2014,,2.0,
1,CCIV,PREGRADO,2011,2012,110.0,2.0,0.017857142857142856
1,CCIV,PREGRADO,2011,2015,1.0,3.0,0.75
1,CCIV,PREGRADO,2012,2013,102.0,,
1,CCIV,PREGRADO,2012,2016,,1.0,
1,CCIV,PREGRADO,2013,2014,125.0,,
1,CCIV,PREGRADO,2013,2017,,5.0,
1,CCIV,PREGRADO,2014,2015,126.0,,
1,CCIV,PREGRADO,2014,2018,1.0,1.0,0.5
1,CCIV,PREGRADO,2015,2016,123.0,,
1,CCIV,PREGRADO,2015,2019,,1.0,
1,CCIV,PREGRADO,2016,2020,67.0,42.0,0.3853211009174312
1,CCIV,PREGRADO,2017,2021,77.0,48.0,0.384
1,CCIV,PREGRADO,2018,2022,75.0,55.0,0.4230769230769231
1,CCIV,PREGRADO,2019,2023,53.0,42.0,0.4421052631578947
1,CCIV,PREGRADO,2020,2024,28.0,17.0,0.37777777777777777
1,CCIV,PREGRADO,2021,2025,63.0,68.0,0.5190839694656488
1,CCIV,PREGRADO,2022,2026,55.0,16.0,0.22535211267605634
1,CCIV,PREGRADO,2023,2027,49.0,,
1,CCIV,PREGRADO,2024,2028,45.0,,
1,CCIV,PREGRADO,2025,2029,34.0,,
1,CONTA,PREGRADO,2007,2009,3.0,11.0,0.7857142857142857
1,CONTA,PREGRADO,2007,2012,106.0,56.0,0.345679012345679
1,CONTA,PREGRADO,2008,2010,2.0,11.0,0.8461538461538461
1,CONTA,PREGRADO,2008,2013,80.0,67.0,0.4557823129251701
1,CONTA,PREGRADO,2009,2011,1.0,10.0,0.9090909090909091
1,CONTA,PREGRADO,2009,2014,47.0,90.0,0.656934306569343
1,CONTA,PREGRADO,2010,2012,,5.0,
1,CONTA,PREGRADO,2010,2015,61.0,83.0,0.5763888888888888
1,CONTA,PREGRADO,2011,2013,1.0,11.0,0.9166666666666666
1,CONTA,PREGRADO,2011,2016,81.0,80.0,0.4968944099378882
1,CONTA,PREGRADO,2012,2014,2.0,8.0,0.8
1,CONTA,PREGRADO,2012,2017,71.0,88.0,0.5534591194968553
1,CONTA,PREGRADO,2013,2015,1.0,5.0,0.8333333333333334
1,CONTA,PREGRADO,2013,2018,75.0,90.0,0.5454545454545454
1,CONTA,PREGRADO,2014,2016,3.0,4.0,0.5714285714285714
1,CONTA,PREGRADO,2014,2019,63.0,91.0,0.5909090909090909
1,CONTA,PREGRADO,2015,2017,,5.0,
1,CONTA,PREGRADO,2015,2020,153.0,102.0,0.4
1,CONTA,PREGRADO,2016,2018,,7.0,
1,CONTA,PREGRADO,2016,2021,147.0,96.0,0.3950617283950617
1,CONTA,PREGRADO,2017,2019,1.0,5.0,0.8333333333333334
1,CONTA,PREGRADO,2017,2022,146.0,116.0,0.44274809160305345
1,CONTA,PREGRADO,2018,2023,141.0,150.0,0.5154639175257731
1,CONTA,PREGRADO,2019,2021,,7.0,
1,CONTA,PREGRADO,2019,2024,139.0,139.0,0.5
1,CONTA,PREGRADO,2020,2025,127.0,149.0,0.5398550724637681
1,CONTA,PREGRADO,2021,2026,268.0,6.0,0.021897810218978103
1,CONTA,PREGRADO,2022,2024,,12.0,
1,CONTA,PREGRADO,2022,2027,237.0,2.0,0.008368200836820083
1,CONTA,PREGRADO,2023,2028,302.0,1.0,0.0033003300330033004
1,CONTA,PREGRADO,2024,2029,290.0,,
1,CONTA,PREGRADO,2024,2524,4.0,,
1,CONTA,PREGRADO,2025,2028,16.0,,
1,CONTA,PREGRADO,2025,2030,278.0,,
1,DCOMV,PREGRADO,2020,2025,28.0,26.0,0.48148148148148145
1,DCOMV,PREGRADO,2021,2026,23.0,29.0,0.5576923076923077
1,DCOMV,PREGRADO,2022,2027,50.0,,
1,DCOMV,PREGRADO,2023,2028,37.0,,
1,DCOMV,PREGRADO,2024,2029,29.0,,
1,DCOMV,PREGRADO,2025,2030,44.0,,
1,DERECHO,PREGRADO,2017,2022,62.0,2.0,0.03125
1,DERECHO,PREGRADO,2018,2023,81.0,4.0,0.047058823529411764
1,DERECHO,PREGRADO,2019,2024,98.0,3.0,0.0297029702970297
1,DERECHO,PREGRADO,2020,2025,181.0,,
1,DERECHO,PREGRADO,2021,2026,187.0,,
1,DERECHO,PREGRADO,2022,2027,197.0,,
1,DERECHO,PREGRADO,2023,2028,194.0,,
1,DERECHO,PREGRADO,2024,2029,178.0,,
1,DERECHO,PREGRADO,2025,2030,217.0,,
1,DIN,PREGRADO,2017,2019,,16.0,
1,DIN,PREGRADO,2018,2020,10.0,3.0,0.23076923076923078
1,DIN,PREGRADO,2019,2021,5.0,5.0,0.5
1,DIN,PREGRADO,2021,2023,2.0,8.0,0.8
1,DIN,PREGRADO,2022,2024,4.0,7.0,0.6363636363636364
1,DIN,PREGRADO,2022,2027,25.0,,
1,DIN,PREGRADO,2023,2025,3.0,9.0,0.75
1,DIN,PREGRADO,2023,2028,38.0,,
1,DIN,PREGRADO,2024,2029,43.0,,
1,DIN,PREGRADO,2025,2027,7.0,,
1,DIN,PREGRADO,2025,2030,65.0,,
1,DIPADC,DIPLOMADO,2009,2010,26.0,,
1,DIPADC,DIPLOMADO,2010,2011,16.0,,
1,DIPADC,DIPLOMADO,2011,2012,23.0,,
1,DIPADC,DIPLOMADO,2012,2013,24.0,,
1,DIPADC,DIPLOMADO,2013,2014,16.0,,
1,DIPAFSP,DIPLOMADO,2020,2021,89.0,,
1,DIPAFSP,DIPLOMADO,2021,2022,44.0,,
1,DIPAFSP,DIPLOMADO,2022,2522,1.0,12.0,0.9230769230769231
1,DIPAFSP,DIPLOMADO,2023,2523,,12.0,
1,DIPAFSP,DIPLOMADO,2024,2524,,21.0,
1,DIPAFSP,DIPLOMADO,2025,2525,2.0,3.0,0.6
1,DIPAGR,DIPLOMADO,2007,2008,8.0,,
1,DIPAGR,DIPLOMADO,2009,2010,14.0,,
1,DIPAGR,DIPLOMADO,2010,2011,3.0,,
1,DIPAGR,DIPLOMADO,2011,2012,16.0,,
1,DIPAGR,DIPLOMADO,2012,2013,26.0,,
1,DIPAGR,DIPLOMADO,2013,2014,21.0,,
1,DIPAGR,DIPLOMADO,2014,2015,24.0,,
1,DIPAGR,DIPLOMADO,2015,2016,18.0,,
1,DIPAGR,DIPLOMADO,2016,2017,17.0,,
1,DIPAGR,DIPLOMADO,2017,2018,29.0,,
1,DIPAGR,DIPLOMADO,2018,2019,24.0,,
1,DIPAGR,DIPLOMADO,2019,2020,2.0,9.0,0.8181818181818182
1,DIPAGR,DIPLOMADO,2020,2021,13.0,,
1,DIPAGR,DIPLOMADO,2021,2521,8.0,,
1,DIPAGR,DIPLOMADO,2022,2522,2.0,8.0,0.8
1,DIPAGR,DIPLOMADO,2023,2523,,10.0,
1,DIPAGR,DIPLOMADO,2024,2524,5.0,24.0,0.8275862068965517
1,DIPAGR,DIPLOMADO,2025,2525,27.0,3.0,0.1
1,DIPAN,DIPLOMADO,2007,2008,30.0,,
1,DIPAN,DIPLOMADO,2008,2009,14.0,,
1,DIPAN,DIPLOMADO,2011,2012,10.0,,
1,DIPAN,DIPLOMADO,2012,2013,12.0,,
1,DIPAN,DIPLOMADO,2013,2014,22.0,,
1,DIPAN,DIPLOMADO,2014,2015,15.0,,
1,DIPAN,DIPLOMADO,2015,2016,15.0,,
1,DIPAN,DIPLOMADO,2016,2017,21.0,,
1,DIPAN,DIPLOMADO,2017,2018,19.0,,
1,DIPAN,DIPLOMADO,2018,2019,24.0,,
1,DIPAN,DIPLOMADO,2019,2020,,12.0,
1,DIPAN,DIPLOMADO,2020,2520,7.0,,
1,DIPAN,DIPLOMADO,2021,2521,9.0,3.0,0.25
1,DIPANH,DIPLOMADO,2019,2020,2.0,,
1,DIPANH,DIPLOMADO,2021,2022,5.0,,
1,DIPANH,DIPLOMADO,2022,2023,8.0,,
1,DIPANH,DIPLOMADO,2024,2025,1.0,4.0,0.8
1,DIPANP,DIPLOMADO,2017,2018,35.0,,
1,DIPAOC,DIPLOMADO,2017,2018,1.0,,
1,DIPAOC,DIPLOMADO,2018,2019,20.0,1.0,0.047619047619047616
1,DIPAOC,DIPLOMADO,2019,2020,3.0,14.0,0.8235294117647058
1,DIPAOC,DIPLOMADO,2020,2021,8.0,,
1,DIPAOC,DIPLOMADO,2021,2022,20.0,,
1,DIPAOC,DIPLOMADO,2022,2023,12.0,14.0,0.5384615384615384
1,DIPAOC,DIPLOMADO,2023,2024,4.0,1.0,0.2
1,DIPAP,DIPLOMADO,2007,2008,26.0,,
1,DIPAP,DIPLOMADO,2008,2009,27.0,,
1,DIPAP,DIPLOMADO,2009,2010,24.0,,
1,DIPAP,DIPLOMADO,2010,2011,27.0,,
1,DIPAP,DIPLOMADO,2011,2012,27.0,,
1,DIPAP,DIPLOMADO,2012,2013,31.0,,
1,DIPAP,DIPLOMADO,2013,2014,28.0,,
1,DIPAPGP,DIPLOMADO,2015,2016,23.0,,
1,DIPAPGP,DIPLOMADO,2016,2017,36.0,,
1,DIPAPGP,DIPLOMADO,2017,2018,34.0,,
1,DIPAPGP,DIPLOMADO,2018,2019,89.0,,
1,DIPAPGP,DIPLOMADO,2021,2022,124.0,1.0,0.008
1,DIPAPGP,DIPLOMADO,2022,2023,100.0,23.0,0.18699186991869918
1,DIPAPGP,DIPLOMADO,2023,2523,20.0,100.0,0.8333333333333334
1,DIPAPGP,DIPLOMADO,2024,2524,14.0,88.0,0.8627450980392157
1,DIPAPGP,DIPLOMADO,2025,2525,25.0,33.0,0.5689655172413793
1,DIPAPR,DIPLOMADO,2007,2008,47.0,,
1,DIPAPR,DIPLOMADO,2008,2009,37.0,,
1,DIPAPR,DIPLOMADO,2009,2010,33.0,,
1,DIPAPR,DIPLOMADO,2010,2011,35.0,,
1,DIPAPR,DIPLOMADO,2011,2012,36.0,,
1,DIPAPR,DIPLOMADO,2012,2013,47.0,,
1,DIPAPR,DIPLOMADO,2013,2014,55.0,,
1,DIPAPR,DIPLOMADO,2015,2016,70.0,,
1,DIPAPR,DIPLOMADO,2016,2017,54.0,,
1,DIPAPR,DIPLOMADO,2017,2018,42.0,,
1,DIPAPR,DIPLOMADO,2018,2019,54.0,,
1,DIPAPR,DIPLOMADO,2019,2020,20.0,,
1,DIPAPR,DIPLOMADO,2020,2021,125.0,,
1,DIPAPR,DIPLOMADO,2021,2022,138.0,,
1,DIPAPSF,DIPLOMADO,2021,2022,35.0,,
1,DIPAPSF,DIPLOMADO,2022,2023,78.0,,
1,DIPAPSF,DIPLOMADO,2023,2024,2.0,,
1,DIPAR,DIPLOMADO,2007,2008,34.0,,
1,DIPAR,DIPLOMADO,2008,2009,29.0,,
1,DIPAR,DIPLOMADO,2009,2010,16.0,,
1,DIPAR,DIPLOMADO,2010,2011,17.0,,
1,DIPARPD,DIPLOMADO,2022,2522,11.0,,
1,DIPART,DIPLOMADO,2018,2019,72.0,1.0,0.0136986301369863
1,DIPART,DIPLOMADO,2021,2521,106.0,7.0,0.061946902654867256
1,DIPART,DIPLOMADO,2022,2522,8.0,40.0,0.8333333333333334
1,DIPAVDGP,DIPLOMADO,2024,2524,8.0,16.0,0.6666666666666666
1,DIPAVDGP,DIPLOMADO,2025,2525,8.0,23.0,0.7419354838709677
1,DIPBGA,DIPLOMADO,2017,2018,40.0,,
1,DIPBI,DIPLOMADO,2022,2522,1.0,8.0,0.8888888888888888
1,DIPBI,DIPLOMADO,2024,2524,2.0,20.0,0.9090909090909091
1,DIPBI,DIPLOMADO,2025,2525,13.0,16.0,0.5517241379310345
1,DIPBIM,DIPLOMADO,2019,2020,10.0,,
1,DIPBRMA,DIPLOMADO,2021,2022,18.0,,
1,DIPCAIS,DIPLOMADO,2018,2019,11.0,,
1,DIPCAIS,DIPLOMADO,2019,2020,13.0,,
1,DIPCAIS,DIPLOMADO,2020,2021,8.0,,
1,DIPCAIS,DIPLOMADO,2020,2520,1.0,,
1,DIPCAIS,DIPLOMADO,2021,2022,16.0,,
1,DIPCCOA,DIPLOMADO,2021,2521,15.0,52.0,0.7761194029850746
1,DIPCD,DIPLOMADO,2007,2008,28.0,,
1,DIPCD,DIPLOMADO,2008,2009,15.0,,
1,DIPCD,DIPLOMADO,2009,2010,6.0,,
1,DIPCD,DIPLOMADO,2010,2011,6.0,,
1,DIPCDA,DIPLOMADO,2021,2022,4.0,,
1,DIPCDGE,DIPLOMADO,2022,2522,9.0,11.0,0.55
1,DIPCDGE,DIPLOMADO,2023,2523,1.0,8.0,0.8888888888888888
1,DIPCDGE,DIPLOMADO,2024,2524,5.0,49.0,0.9074074074074074
1,DIPCDGE,DIPLOMADO,2025,2525,16.0,28.0,0.6363636363636364
1,DIPCF,DIPLOMADO,2018,2019,9.0,,
1,DIPCGAE,DIPLOMADO,2018,2019,66.0,,
1,DIPCGAE,DIPLOMADO,2021,2022,69.0,2.0,0.028169014084507043
1,DIPCGAE,DIPLOMADO,2022,2023,54.0,23.0,0.2987012987012987
1,DIPCGAE,DIPLOMADO,2023,2523,11.0,88.0,0.8888888888888888
1,DIPCGAE,DIPLOMADO,2024,2524,27.0,125.0,0.8223684210526315
1,DIPCGAE,DIPLOMADO,2025,2525,18.0,19.0,0.5135135135135135
1,DIPCGE,DIPLOMADO,2019,2020,,15.0,
1,DIPCGE,DIPLOMADO,2020,2021,14.0,,
1,DIPCGE,DIPLOMADO,2021,2022,40.0,,
1,DIPCGEA,DIPLOMADO,2017,2018,28.0,,
1,DIPCH,DIPLOMADO,2014,2015,43.0,,
1,DIPCH,DIPLOMADO,2017,2018,6.0,,
1,DIPCI,DIPLOMADO,2009,2010,6.0,,
1,DIPCISC,DIPLOMADO,2011,2012,15.0,,
1,DIPCISC,DIPLOMADO,2012,2013,8.0,,
1,DIPCISC,DIPLOMADO,2013,2014,4.0,,
1,DIPCMIP,DIPLOMADO,2015,2016,17.0,,
1,DIPCMIP,DIPLOMADO,2017,2018,2.0,7.0,0.7777777777777778
1,DIPCOM,DIPLOMADO,2011,2012,15.0,,
1,DIPCOM,DIPLOMADO,2012,2013,11.0,,
1,DIPCOM,DIPLOMADO,2013,2014,11.0,,
1,DIPCOM,DIPLOMADO,2014,2015,14.0,,
1,DIPCOM,DIPLOMADO,2018,2019,8.0,,
1,DIPCOM,DIPLOMADO,2019,2020,,11.0,
1,DIPCOM,DIPLOMADO,2020,2021,9.0,,
1,DIPCOM,DIPLOMADO,2021,2521,11.0,,
1,DIPCOM,DIPLOMADO,2022,2522,6.0,11.0,0.6470588235294118
1,DIPCOM,DIPLOMADO,2023,2523,,10.0,
1,DIPCOM,DIPLOMADO,2024,2524,9.0,34.0,0.7906976744186046
1,DIPCOM,DIPLOMADO,2025,2525,9.0,14.0,0.6086956521739131
1,DIPCOR,DIPLOMADO,2018,2019,10.0,,
1,DIPCOR,DIPLOMADO,2019,2020,,10.0,
1,DIPCOR,DIPLOMADO,2020,2021,7.0,,
1,DIPCP,DIPLOMADO,2017,2018,,4.0,
1,DIPCP,DIPLOMADO,2019,2020,2.0,,
1,DIPCPCVM,DIPLOMADO,2024,2524,,10.0,
1,DIPCPLO,DIPLOMADO,2021,2521,10.0,1.0,0.09090909090909091
1,DIPCPLO,DIPLOMADO,2022,2522,6.0,2.0,0.25
1,DIPCPLO,DIPLOMADO,2024,2524,2.0,19.0,0.9047619047619048
1,DIPCPSO,DIPLOMADO,2013,2014,29.0,,
1,DIPCRD,DIPLOMADO,2019,2020,12.0,,
1,DIPCRD,DIPLOMADO,2021,2022,22.0,,
1,DIPCRD,DIPLOMADO,2022,2023,7.0,3.0,0.3
1,DIPCRD,DIPLOMADO,2023,2024,5.0,8.0,0.6153846153846154
1,DIPCRD,DIPLOMADO,2024,2524,2.0,5.0,0.7142857142857143
1,DIPCSA,DIPLOMADO,2007,2008,18.0,,
1,DIPCSA,DIPLOMADO,2008,2009,10.0,,
1,DIPCSA,DIPLOMADO,2009,2010,25.0,,
1,DIPCSA,DIPLOMADO,2010,2011,28.0,,
1,DIPCSA,DIPLOMADO,2011,2012,20.0,,
1,DIPCSA,DIPLOMADO,2012,2013,26.0,,
1,DIPCSA,DIPLOMADO,2013,2014,29.0,,
1,DIPCSA,DIPLOMADO,2014,2015,28.0,,
1,DIPCSA,DIPLOMADO,2015,2016,17.0,,
1,DIPCSA,DIPLOMADO,2016,2017,29.0,,
1,DIPCSA,DIPLOMADO,2017,2018,17.0,,
1,DIPCSA,DIPLOMADO,2018,2019,9.0,,
1,DIPCSA,DIPLOMADO,2019,2519,5.0,,
1,DIPCSE,DIPLOMADO,2020,2021,1.0,,
1,DIPCSE,DIPLOMADO,2021,2022,8.0,,
1,DIPCSE,DIPLOMADO,2023,2523,1.0,10.0,0.9090909090909091
1,DIPCUI,DIPLOMADO,2018,2019,,5.0,
1,DIPCYC,DIPLOMADO,2015,2016,3.0,,
1,DIPCYC,DIPLOMADO,2016,2017,16.0,,
1,DIPCYC,DIPLOMADO,2017,2018,9.0,,
1,DIPCYC,DIPLOMADO,2018,2019,2.0,11.0,0.8461538461538461
1,DIPCYC,DIPLOMADO,2019,2020,6.0,,
1,DIPDAP,DIPLOMADO,2017,2018,23.0,,
1,DIPDAP,DIPLOMADO,2019,2020,2.0,,
1,DIPDAP,DIPLOMADO,2022,2522,17.0,24.0,0.5853658536585366
1,DIPDAP,DIPLOMADO,2023,2523,12.0,26.0,0.6842105263157895
1,DIPDAP,DIPLOMADO,2024,2524,4.0,12.0,0.75
1,DIPDAP,DIPLOMADO,2025,2525,1.0,,
1,DIPDCBC,DIPLOMADO,2016,2017,12.0,,
1,DIPDCBC,DIPLOMADO,2017,2018,7.0,,
1,DIPDCBC,DIPLOMADO,2018,2019,9.0,,
1,DIPDCO,DIPLOMADO,2010,2011,27.0,,
1,DIPDCOS,DIPLOMADO,2017,2018,14.0,,
1,DIPDCOS,DIPLOMADO,2018,2019,29.0,,
1,DIPDCOS,DIPLOMADO,2019,2020,25.0,16.0,0.3902439024390244
1,DIPDCOS,DIPLOMADO,2020,2021,41.0,,
1,DIPDCOS,DIPLOMADO,2021,2022,59.0,2.0,0.03278688524590164
1,DIPDCOS,DIPLOMADO,2022,2023,60.0,1.0,0.01639344262295082
1,DIPDCOS,DIPLOMADO,2023,2024,14.0,40.0,0.7407407407407407
1,DIPDCOS,DIPLOMADO,2024,2524,15.0,46.0,0.7540983606557377
1,DIPDCOS,DIPLOMADO,2025,2525,17.0,18.0,0.5142857142857142
1,DIPDCPIG,DIPLOMADO,2017,2018,16.0,,
1,DIPDCPIG,DIPLOMADO,2018,2019,13.0,,
1,DIPDCSU,DIPLOMADO,2021,2521,,1.0,
1,DIPDCSU,DIPLOMADO,2022,2522,3.0,6.0,0.6666666666666666
1,DIPDCSU,DIPLOMADO,2023,2523,1.0,4.0,0.8
1,DIPDE,DIPLOMADO,2020,2021,9.0,,
1,DIPDE,DIPLOMADO,2021,2521,15.0,,
1,DIPDE,DIPLOMADO,2022,2522,1.0,16.0,0.9411764705882353
1,DIPDE,DIPLOMADO,2023,2523,2.0,14.0,0.875
1,DIPDE,DIPLOMADO,2024,2524,8.0,42.0,0.84
1,DIPDE,DIPLOMADO,2025,2525,38.0,29.0,0.43283582089552236
1,DIPDEL,DIPLOMADO,2013,2014,94.0,,
1,DIPDEL,DIPLOMADO,2019,2519,176.0,,
1,DIPDEL,DIPLOMADO,2020,2520,148.0,,
1,DIPDEL,DIPLOMADO,2021,2521,135.0,,
1,DIPDELES,DIPLOMADO,2018,2019,101.0,,
1,DIPDFIG,DIPLOMADO,2012,2013,22.0,,
1,DIPDFIG,DIPLOMADO,2013,2014,18.0,,
1,DIPDGPG,DIPLOMADO,2014,2015,61.0,,
1,DIPDHG,DIPLOMADO,2007,2008,18.0,,
1,DIPDHG,DIPLOMADO,2008,2009,9.0,,
1,DIPDHG,DIPLOMADO,2011,2012,14.0,,
1,DIPDHG,DIPLOMADO,2012,2013,7.0,,
1,DIPDHG,DIPLOMADO,2013,2014,19.0,,
1,DIPDHG,DIPLOMADO,2014,2015,10.0,,
1,DIPDHG,DIPLOMADO,2015,2016,15.0,,
1,DIPDHG,DIPLOMADO,2016,2017,12.0,,
1,DIPDHG,DIPLOMADO,2017,2018,11.0,,
1,DIPDHG,DIPLOMADO,2018,2019,96.0,,
1,DIPDHG,DIPLOMADO,2019,2020,72.0,12.0,0.14285714285714285
1,DIPDHG,DIPLOMADO,2020,2520,80.0,,
1,DIPDHG,DIPLOMADO,2021,2521,9.0,2.0,0.18181818181818182
1,DIPDI,DIPLOMADO,2012,2013,3.0,,
1,DIPDI,DIPLOMADO,2013,2014,15.0,,
1,DIPDI,DIPLOMADO,2014,2015,11.0,,
1,DIPDI,DIPLOMADO,2015,2016,8.0,,
1,DIPDIES,DIPLOMADO,2018,2518,34.0,5.0,0.1282051282051282
1,DIPDIES,DIPLOMADO,2019,2519,13.0,1.0,0.07142857142857142
1,DIPDIES,DIPLOMADO,2020,2021,36.0,1.0,0.02702702702702703
1,DIPDIES,DIPLOMADO,2021,2022,16.0,,
1,DIPDIES,DIPLOMADO,2023,2523,11.0,7.0,0.3888888888888889
1,DIPDIES,DIPLOMADO,2024,2524,1.0,6.0,0.8571428571428571
1,DIPDIPF,DIPLOMADO,2014,2015,6.0,,
1,DIPDM,DIPLOMADO,2019,2020,15.0,8.0,0.34782608695652173
1,DIPDMA,DIPLOMADO,2025,2525,2.0,13.0,0.8666666666666667
1,DIPDMI,DIPLOMADO,2024,2524,5.0,7.0,0.5833333333333334
1,DIPDMI,DIPLOMADO,2025,2525,4.0,2.0,0.3333333333333333
1,DIPDPM,DIPLOMADO,2011,2012,17.0,,
1,DIPDPR,DIPLOMADO,2014,2015,26.0,,
1,DIPDPR,DIPLOMADO,2015,2016,61.0,,
1,DIPDPR,DIPLOMADO,2016,2017,35.0,,
1,DIPDPR,DIPLOMADO,2017,2018,11.0,,
1,DIPDRH,DIPLOMADO,2011,2012,6.0,,
1,DIPDRH,DIPLOMADO,2013,2014,15.0,,
1,DIPDRH,DIPLOMADO,2014,2015,16.0,,
1,DIPDRH,DIPLOMADO,2015,2016,13.0,,
1,DIPDRH,DIPLOMADO,2016,2017,7.0,,
1,DIPDS,DIPLOMADO,2011,2012,141.0,,
1,DIPDS,DIPLOMADO,2012,2013,147.0,,
1,DIPDS,DIPLOMADO,2013,2014,105.0,,
1,DIPDSPMT,DIPLOMADO,2023,2523,15.0,10.0,0.4
1,DIPDU,DIPLOMADO,2009,2010,43.0,,
1,DIPDU,DIPLOMADO,2010,2011,53.0,,
1,DIPDU,DIPLOMADO,2011,2012,46.0,,
1,DIPDU,DIPLOMADO,2012,2013,15.0,,
1,DIPDU,DIPLOMADO,2013,2014,53.0,,
1,DIPDU,DIPLOMADO,2014,2015,42.0,,
1,DIPDU,DIPLOMADO,2015,2016,73.0,,
1,DIPDU,DIPLOMADO,2016,2017,40.0,2.0,0.047619047619047616
1,DIPDU,DIPLOMADO,2017,2517,5.0,32.0,0.8648648648648649
1,DIPDU,DIPLOMADO,2018,2518,1.0,12.0,0.9230769230769231
1,DIPDU,DIPLOMADO,2019,2519,3.0,25.0,0.8928571428571429
1,DIPDU,DIPLOMADO,2020,2520,2.0,4.0,0.6666666666666666
1,DIPDU,DIPLOMADO,2021,2521,9.0,84.0,0.9032258064516129
1,DIPDU,DIPLOMADO,2022,2522,,30.0,
1,DIPDUA,DIPLOMADO,2021,2022,66.0,1.0,0.014925373134328358
1,DIPDUA,DIPLOMADO,2022,2023,43.0,15.0,0.25862068965517243
1,DIPDUA,DIPLOMADO,2023,2024,39.0,31.0,0.44285714285714284
1,DIPDUA,DIPLOMADO,2024,2025,1.0,66.0,0.9850746268656716
1,DIPDUA,DIPLOMADO,2025,2026,1.0,33.0,0.9705882352941176
1,DIPEACT,DIPLOMADO,2022,2522,3.0,7.0,0.7
1,DIPEACT,DIPLOMADO,2023,2523,5.0,2.0,0.2857142857142857
1,DIPEAI,DIPLOMADO,2017,2018,11.0,,
1,DIPEAI,DIPLOMADO,2018,2019,30.0,,
1,DIPEAI,DIPLOMADO,2019,2020,41.0,,
1,DIPEAI,DIPLOMADO,2020,2021,31.0,,
1,DIPEAI,DIPLOMADO,2021,2022,64.0,,
1,DIPEAI,DIPLOMADO,2022,2522,18.0,14.0,0.4375
1,DIPEAI,DIPLOMADO,2023,2523,3.0,60.0,0.9523809523809523
1,DIPEAI,DIPLOMADO,2024,2524,,10.0,
1,DIPEAI,DIPLOMADO,2025,2525,2.0,21.0,0.9130434782608695
1,DIPEAV,DIPLOMADO,2018,2019,1.0,5.0,0.8333333333333334
1,DIPECC,DIPLOMADO,2023,2523,2.0,6.0,0.75
1,DIPEDEP,DIPLOMADO,2021,2521,32.0,1.0,0.030303030303030304
1,DIPEDEP,DIPLOMADO,2022,2522,17.0,17.0,0.5
1,DIPEDEP,DIPLOMADO,2023,2523,8.0,56.0,0.875
1,DIPEDEP,DIPLOMADO,2024,2524,5.0,42.0,0.8936170212765957
1,DIPEDEP,DIPLOMADO,2025,2525,2.0,8.0,0.8
1,DIPEDII,DIPLOMADO,2023,2523,1.0,4.0,0.8
1,DIPEDSC,DIPLOMADO,2020,2520,14.0,,
1,DIPEDSC,DIPLOMADO,2021,2521,55.0,1.0,0.017857142857142856
1,DIPEDSC,DIPLOMADO,2022,2522,19.0,48.0,0.7164179104477612
1,DIPEDSC,DIPLOMADO,2023,2523,4.0,21.0,0.84
1,DIPEDSC,DIPLOMADO,2024,2524,22.0,66.0,0.75
1,DIPEDSC,DIPLOMADO,2025,2525,71.0,20.0,0.21978021978021978
1,DIPEEC,DIPLOMADO,2021,2022,14.0,,
1,DIPEEC,DIPLOMADO,2022,2023,6.0,1.0,0.14285714285714285
1,DIPEEOP,DIPLOMADO,2025,2525,1.0,22.0,0.9565217391304348
1,DIPEEP,DIPLOMADO,2024,2524,,15.0,
1,DIPEEP,DIPLOMADO,2025,2525,16.0,12.0,0.42857142857142855
1,DIPEESCL,DIPLOMADO,2020,2021,6.0,,
1,DIPEESCL,DIPLOMADO,2021,2521,4.0,5.0,0.5555555555555556
1,DIPEESP,DIPLOMADO,2015,2016,7.0,,
1,DIPEESP,DIPLOMADO,2016,2017,6.0,,
1,DIPEESP,DIPLOMADO,2017,2018,9.0,,
1,DIPEFF,DIPLOMADO,2022,2522,7.0,53.0,0.8833333333333333
1,DIPEFI,DIPLOMADO,2018,2019,5.0,,
1,DIPEFI,DIPLOMADO,2019,2020,10.0,,
1,DIPEFP,DIPLOMADO,2016,2017,6.0,,
1,DIPEG,DIPLOMADO,2007,2008,14.0,,
1,DIPEG,DIPLOMADO,2008,2009,22.0,,
1,DIPEG,DIPLOMADO,2009,2010,19.0,,
1,DIPEG,DIPLOMADO,2010,2011,6.0,,
1,DIPEG,DIPLOMADO,2014,2015,2.0,,
1,DIPEG,DIPLOMADO,2015,2016,2.0,,
1,DIPEG,DIPLOMADO,2016,2017,1.0,,
1,DIPEG,DIPLOMADO,2017,2018,3.0,,
1,DIPEG,DIPLOMADO,2018,2019,2.0,,
1,DIPEG,DIPLOMADO,2019,2020,,4.0,
1,DIPEG,DIPLOMADO,2020,2021,11.0,,
1,DIPEG,DIPLOMADO,2021,2022,2.0,,
1,DIPEG,DIPLOMADO,2023,2024,1.0,3.0,0.75
1,DIPEG,DIPLOMADO,2025,2525,10.0,,
1,DIPEGA,DIPLOMADO,2012,2013,2.0,,
1,DIPEGA,DIPLOMADO,2014,2015,8.0,,
1,DIPEGA,DIPLOMADO,2016,2017,4.0,,
1,DIPEGA,DIPLOMADO,2017,2018,2.0,,
1,DIPEGA,DIPLOMADO,2018,2019,3.0,,
1,DIPEGA,DIPLOMADO,2019,2020,1.0,2.0,0.6666666666666666
1,DIPEGA,DIPLOMADO,2023,2024,,3.0,
1,DIPEGA,DIPLOMADO,2023,2523,13.0,,
1,DIPEGA,DIPLOMADO,2024,2524,8.0,,
1,DIPEGA,DIPLOMADO,2025,2525,3.0,,
1,DIPEGAM,DIPLOMADO,2019,2020,16.0,,
1,DIPEGAM,DIPLOMADO,2020,2021,37.0,,
1,DIPEGAM,DIPLOMADO,2021,2022,49.0,,
1,DIPEGAM,DIPLOMADO,2022,2023,30.0,,
1,DIPEGAM,DIPLOMADO,2023,2024,14.0,,
1,DIPEGBO,DIPLOMADO,2024,2524,5.0,19.0,0.7916666666666666
1,DIPEGBO,DIPLOMADO,2025,2525,4.0,16.0,0.8
1,DIPEGC,DIPLOMADO,2009,2010,19.0,,
1,DIPEGC,DIPLOMADO,2010,2011,14.0,,
1,DIPEGC,DIPLOMADO,2011,2012,15.0,,
1,DIPEGC,DIPLOMADO,2012,2013,33.0,,
1,DIPEGC,DIPLOMADO,2013,2014,27.0,,
1,DIPEGC,DIPLOMADO,2014,2015,37.0,,
1,DIPEGC,DIPLOMADO,2015,2016,48.0,,
1,DIPEGC,DIPLOMADO,2016,2017,38.0,,
1,DIPEGC,DIPLOMADO,2017,2018,,2.0,
1,DIPEGC,DIPLOMADO,2018,2019,54.0,,
1,DIPEGC,DIPLOMADO,2019,2519,30.0,,
1,DIPEGCO,DIPLOMADO,2015,2016,23.0,,
1,DIPEGCO,DIPLOMADO,2018,2019,10.0,,
1,DIPEGCO,DIPLOMADO,2020,2021,5.0,,
1,DIPEGCO,DIPLOMADO,2022,2522,4.0,4.0,0.5
1,DIPEGCO,DIPLOMADO,2024,2524,13.0,,
1,DIPEGCR,DIPLOMADO,2007,2008,74.0,,
1,DIPEGDO,DIPLOMADO,2022,2522,1.0,9.0,0.9
1,DIPEGE,DIPLOMADO,2015,2016,22.0,,
1,DIPEGEES,DIPLOMADO,2023,2523,1.0,10.0,0.9090909090909091
1,DIPEGES,DIPLOMADO,2023,2523,8.0,33.0,0.8048780487804879
1,DIPEGES,DIPLOMADO,2024,2524,5.0,,
1,DIPEGM,DIPLOMADO,2014,2015,18.0,,
1,DIPEGM,DIPLOMADO,2015,2016,26.0,,
1,DIPEGM,DIPLOMADO,2016,2017,22.0,,
1,DIPEGM,DIPLOMADO,2017,2018,11.0,,
1,DIPEGM,DIPLOMADO,2018,2019,11.0,,
1,DIPEGMU,DIPLOMADO,2023,2523,,37.0,
1,DIPEGMU,DIPLOMADO,2024,2524,2.0,17.0,0.8947368421052632
1,DIPEGMU,DIPLOMADO,2025,2525,19.0,,
1,DIPEGR,DIPLOMADO,2018,2518,21.0,,
1,DIPEHID,DIPLOMADO,2020,2021,18.0,,
1,DIPEHID,DIPLOMADO,2021,2022,19.0,,
1,DIPEHID,DIPLOMADO,2022,2023,4.0,,
1,DIPEHID,DIPLOMADO,2023,2024,3.0,26.0,0.896551724137931
1,DIPEIL,DIPLOMADO,2016,2017,29.0,,
1,DIPEIL,DIPLOMADO,2017,2018,11.0,,
1,DIPEIL,DIPLOMADO,2018,2019,2.0,20.0,0.9090909090909091
1,DIPEIL,DIPLOMADO,2019,2020,14.0,,
1,DIPEIL,DIPLOMADO,2021,2521,23.0,,
1,DIPEIL,DIPLOMADO,2023,2523,,2.0,
1,DIPELE,DIPLOMADO,2018,2019,8.0,,
1,DIPELNL,DIPLOMADO,2012,2013,18.0,,
1,DIPELNL,DIPLOMADO,2013,2014,21.0,,
1,DIPEMA,DIPLOMADO,2011,2012,18.0,,
1,DIPEMP,DIPLOMADO,2017,2018,74.0,,
1,DIPEN,DIPLOMADO,2024,2524,,2.0,
1,DIPENAF,DIPLOMADO,2020,2021,22.0,,
1,DIPENAF,DIPLOMADO,2021,2022,30.0,,
1,DIPENAF,DIPLOMADO,2022,2023,8.0,,
1,DIPENAF,DIPLOMADO,2023,2523,2.0,10.0,0.8333333333333334
1,DIPENAF,DIPLOMADO,2024,2524,9.0,2.0,0.18181818181818182
1,DIPENM,DIPLOMADO,2014,2015,7.0,,
1,DIPEOGM,DIPLOMADO,2021,2521,17.0,8.0,0.32
1,DIPEOGM,DIPLOMADO,2022,2522,4.0,38.0,0.9047619047619048
1,DIPEOGM,DIPLOMADO,2023,2523,8.0,18.0,0.6923076923076923
1,DIPEOGM,DIPLOMADO,2024,2524,7.0,18.0,0.72
1,DIPEOGM,DIPLOMADO,2025,2525,15.0,,
1,DIPEPA,DIPLOMADO,2025,2525,12.0,13.0,0.52
1,DIPEPC,DIPLOMADO,2007,2008,23.0,,
1,DIPEPC,DIPLOMADO,2008,2009,20.0,,
1,DIPEPDD,DIPLOMADO,2014,2015,24.0,,
1,DIPEPI,DIPLOMADO,2010,2011,7.0,,
1,DIPEPPM,DIPLOMADO,2023,2523,1.0,17.0,0.9444444444444444
1,DIPEPR,DIPLOMADO,2020,2021,4.0,,
1,DIPEPR,DIPLOMADO,2021,2521,4.0,,
1,DIPEPR,DIPLOMADO,2022,2522,1.0,,
1,DIPEPR,DIPLOMADO,2023,2523,2.0,,
1,DIPEREG,DIPLOMADO,2007,2008,7.0,,
1,DIPERGE,DIPLOMADO,2020,2021,51.0,,
1,DIPERNC,DIPLOMADO,2019,2020,12.0,,
1,DIPERNC,DIPLOMADO,2021,2022,14.0,,
1,DIPERNC,DIPLOMADO,2022,2023,21.0,5.0,0.19230769230769232
1,DIPERNC,DIPLOMADO,2023,2024,1.0,10.0,0.9090909090909091
1,DIPERNC,DIPLOMADO,2024,2524,12.0,,
1,DIPERNC,DIPLOMADO,2025,2525,28.0,,
1,DIPESA,DIPLOMADO,2017,2018,58.0,,
1,DIPESEP,DIPLOMADO,2013,2014,23.0,,
1,DIPESES,DIPLOMADO,2012,2013,11.0,,
1,DIPESES,DIPLOMADO,2013,2014,18.0,,
1,DIPESES,DIPLOMADO,2014,2015,18.0,,
1,DIPESES,DIPLOMADO,2015,2016,14.0,,
1,DIPESES,DIPLOMADO,2019,2020,30.0,,
1,DIPESES,DIPLOMADO,2020,2021,23.0,,
1,DIPESM,DIPLOMADO,2021,2022,9.0,,
1,DIPESSO,DIPLOMADO,2024,2524,1.0,,
1,DIPESSO,DIPLOMADO,2025,2525,5.0,,
1,DIPET,DIPLOMADO,2007,2008,91.0,,
1,DIPET,DIPLOMADO,2008,2009,38.0,,
1,DIPET,DIPLOMADO,2009,2010,29.0,,
1,DIPET,DIPLOMADO,2010,2011,13.0,,
1,DIPETDA,DIPLOMADO,2014,2015,3.0,,
1,DIPETPM,DIPLOMADO,2020,2021,22.0,7.0,0.2413793103448276
1,DIPETPM,DIPLOMADO,2021,2022,47.0,,
1,DIPETPM,DIPLOMADO,2022,2023,36.0,,
1,DIPETPM,DIPLOMADO,2022,2522,1.0,7.0,0.875
1,DIPETPM,DIPLOMADO,2023,2024,4.0,16.0,0.8
1,DIPETPM,DIPLOMADO,2023,2523,20.0,19.0,0.48717948717948717
1,DIPETPM,DIPLOMADO,2024,2025,1.0,24.0,0.96
1,DIPETPM,DIPLOMADO,2024,2524,7.0,10.0,0.5882352941176471
1,DIPETPM,DIPLOMADO,2025,2026,1.0,9.0,0.9
1,DIPETPM,DIPLOMADO,2025,2525,2.0,2.0,0.5
1,DIPETREDU,DIPLOMADO,2024,2524,,139.0,
1,DIPEVMEU,DIPLOMADO,2023,2523,,55.0,
1,DIPEVMEU,DIPLOMADO,2024,2524,52.0,,
1,DIPEYDS,DIPLOMADO,2012,2013,6.0,,
1,DIPEYDS,DIPLOMADO,2013,2014,9.0,,
1,DIPEYDS,DIPLOMADO,2014,2015,5.0,,
1,DIPEYDS,DIPLOMADO,2019,2519,8.0,,
1,DIPEYFE,DIPLOMADO,2021,2521,18.0,,
1,DIPEYFE,DIPLOMADO,2022,2522,19.0,8.0,0.2962962962962963
1,DIPEYFE,DIPLOMADO,2023,2523,12.0,11.0,0.4782608695652174
1,DIPEYFE,DIPLOMADO,2024,2524,12.0,6.0,0.3333333333333333
1,DIPFCC,DIPLOMADO,2018,2019,5.0,,
1,DIPFCD,DIPLOMADO,2019,2020,11.0,,
1,DIPFCD,DIPLOMADO,2020,2021,15.0,,
1,DIPFCD,DIPLOMADO,2021,2521,13.0,3.0,0.1875
1,DIPFCDP,DIPLOMADO,2022,2522,12.0,,
1,DIPFCDP,DIPLOMADO,2024,2524,2.0,8.0,0.8
1,DIPFCDP,DIPLOMADO,2025,2525,7.0,,
1,DIPFCMF,DIPLOMADO,2020,2021,19.0,,
1,DIPFCMF,DIPLOMADO,2021,2521,5.0,5.0,0.5
1,DIPFCMF,DIPLOMADO,2023,2523,2.0,8.0,0.8
1,DIPFCMF,DIPLOMADO,2025,2525,13.0,,
1,DIPFGVB,DIPLOMADO,2024,2524,4.0,1.0,0.2
1,DIPFPGBP,DIPLOMADO,2022,2522,7.0,1.0,0.125
1,DIPFPIT,DIPLOMADO,2010,2011,11.0,,
1,DIPFPIT,DIPLOMADO,2011,2012,17.0,,
1,DIPFPIT,DIPLOMADO,2012,2013,26.0,,
1,DIPFPIT,DIPLOMADO,2013,2014,10.0,,
1,DIPFPIT,DIPLOMADO,2014,2015,25.0,,
1,DIPFPIT,DIPLOMADO,2018,2019,18.0,,
1,DIPFPPS,DIPLOMADO,2025,2525,26.0,,
1,DIPFTO,DIPLOMADO,2020,2021,7.0,,
1,DIPGA,DIPLOMADO,2007,2008,28.0,,
1,DIPGA,DIPLOMADO,2008,2009,21.0,,
1,DIPGA,DIPLOMADO,2009,2010,14.0,,
1,DIPGA,DIPLOMADO,2010,2011,15.0,,
1,DIPGA,DIPLOMADO,2011,2012,27.0,,
1,DIPGA,DIPLOMADO,2012,2013,40.0,,
1,DIPGA,DIPLOMADO,2013,2014,57.0,,
1,DIPGA,DIPLOMADO,2014,2015,54.0,,
1,DIPGA,DIPLOMADO,2015,2016,41.0,,
1,DIPGA,DIPLOMADO,2016,2017,45.0,,
1,DIPGA,DIPLOMADO,2017,2018,52.0,,
1,DIPGA,DIPLOMADO,2018,2019,38.0,,
1,DIPGA,DIPLOMADO,2019,2020,,27.0,
1,DIPGA,DIPLOMADO,2020,2021,16.0,,
1,DIPGAPL,DIPLOMADO,2024,2524,6.0,9.0,0.6
1,DIPGB,DIPLOMADO,2014,2015,9.0,,
1,DIPGC,DIPLOMADO,2007,2008,14.0,,
1,DIPGCA,DIPLOMADO,2007,2008,54.0,,
1,DIPGCAC,DIPLOMADO,2016,2017,23.0,,
1,DIPGCAC,DIPLOMADO,2019,2020,11.0,,
1,DIPGCAC,DIPLOMADO,2020,2021,26.0,,
1,DIPGCAC,DIPLOMADO,2021,2022,14.0,,
1,DIPGCAC,DIPLOMADO,2022,2023,14.0,,
1,DIPGCAC,DIPLOMADO,2025,2525,7.0,,
1,DIPGCAS,DIPLOMADO,2019,2519,2.0,,
1,DIPGCC,DIPLOMADO,2024,2524,1.0,9.0,0.9
1,DIPGCE,DIPLOMADO,2017,2018,31.0,,
1,DIPGCL,DIPLOMADO,2016,2017,28.0,,
1,DIPGCLC,DIPLOMADO,2007,2008,9.0,,
1,DIPGCLC,DIPLOMADO,2008,2009,44.0,,
1,DIPGCLC,DIPLOMADO,2009,2010,15.0,,
1,DIPGCLC,DIPLOMADO,2010,2011,17.0,,
1,DIPGCLC,DIPLOMADO,2011,2012,4.0,,
1,DIPGCLC,DIPLOMADO,2015,2016,33.0,,
1,DIPGCOIF,DIPLOMADO,2024,2524,2.0,19.0,0.9047619047619048
1,DIPGCOIF,DIPLOMADO,2025,2525,6.0,12.0,0.6666666666666666
1,DIPGCSP,DIPLOMADO,2007,2008,3.0,,
1,DIPGCSP,DIPLOMADO,2008,2009,7.0,,
1,DIPGCSP,DIPLOMADO,2009,2010,15.0,,
1,DIPGCSP,DIPLOMADO,2010,2011,10.0,,
1,DIPGCSP,DIPLOMADO,2011,2012,7.0,,
1,DIPGCT,DIPLOMADO,2013,2014,10.0,,
1,DIPGCT,DIPLOMADO,2014,2015,10.0,,
1,DIPGCT,DIPLOMADO,2015,2016,10.0,,
1,DIPGCT,DIPLOMADO,2017,2018,8.0,,
1,DIPGCT,DIPLOMADO,2019,2020,7.0,,
1,DIPGD,DIPLOMADO,2010,2011,44.0,,
1,DIPGEO,DIPLOMADO,2017,2018,16.0,,
1,DIPGEO,DIPLOMADO,2018,2019,27.0,,
1,DIPGEO,DIPLOMADO,2021,2521,33.0,3.0,0.08333333333333333
1,DIPGEO,DIPLOMADO,2022,2522,11.0,18.0,0.6206896551724138
1,DIPGEO,DIPLOMADO,2023,2523,2.0,25.0,0.9259259259259259
1,DIPGEO,DIPLOMADO,2024,2524,,5.0,
1,DIPGEO,DIPLOMADO,2025,2525,2.0,,
1,DIPGEOE,DIPLOMADO,2010,2011,10.0,,
1,DIPGES,DIPLOMADO,2007,2008,46.0,,
1,DIPGES,DIPLOMADO,2008,2009,40.0,,
1,DIPGES,DIPLOMADO,2009,2010,46.0,,
1,DIPGES,DIPLOMADO,2019,2020,35.0,,
1,DIPGETP,DIPLOMADO,2014,2015,16.0,,
1,DIPGETP,DIPLOMADO,2015,2016,30.0,,
1,DIPGETP,DIPLOMADO,2017,2018,4.0,6.0,0.6
1,DIPGF,DIPLOMADO,2020,2021,30.0,,
1,DIPGFIN,DIPLOMADO,2007,2008,10.0,,
1,DIPGFIN,DIPLOMADO,2009,2010,19.0,,
1,DIPGFIN,DIPLOMADO,2010,2011,8.0,,
1,DIPGFIN,DIPLOMADO,2011,2012,18.0,,
1,DIPGFIN,DIPLOMADO,2012,2013,22.0,,
1,DIPGFIN,DIPLOMADO,2013,2014,22.0,,
1,DIPGFIN,DIPLOMADO,2014,2015,21.0,,
1,DIPGFIN,DIPLOMADO,2015,2016,18.0,,
1,DIPGFIN,DIPLOMADO,2016,2017,21.0,,
1,DIPGFIN,DIPLOMADO,2017,2018,32.0,,
1,DIPGFIN,DIPLOMADO,2018,2019,26.0,,
1,DIPGFIN,DIPLOMADO,2019,2020,1.0,13.0,0.9285714285714286
1,DIPGFIN,DIPLOMADO,2020,2021,12.0,,
1,DIPGFIN,DIPLOMADO,2021,2521,8.0,1.0,0.1111111111111111
1,DIPGFIN,DIPLOMADO,2022,2023,3.0,2.0,0.4
1,DIPGFIN,DIPLOMADO,2023,2024,1.0,12.0,0.9230769230769231
1,DIPGFIN,DIPLOMADO,2024,2025,6.0,22.0,0.7857142857142857
1,DIPGFIN,DIPLOMADO,2025,2026,31.0,4.0,0.11428571428571428
1,DIPGFM,DIPLOMADO,2018,2518,1.0,,
1,DIPGFP,DIPLOMADO,2012,2013,7.0,,
1,DIPGGR,DIPLOMADO,2019,2519,201.0,,
1,DIPGGR,DIPLOMADO,2021,2521,11.0,,
1,DIPGIL,DIPLOMADO,2015,2016,25.0,,
1,DIPGIL,DIPLOMADO,2016,2017,25.0,,
1,DIPGIN,DIPLOMADO,2022,2522,2.0,11.0,0.8461538461538461
1,DIPGIN,DIPLOMADO,2023,2523,2.0,5.0,0.7142857142857143
1,DIPGIN,DIPLOMADO,2024,2524,2.0,12.0,0.8571428571428571
1,DIPGIN,DIPLOMADO,2025,2525,13.0,,
1,DIPGINF,DIPLOMADO,2010,2011,16.0,,
1,DIPGINF,DIPLOMADO,2011,2012,11.0,,
1,DIPGINF,DIPLOMADO,2012,2013,17.0,,
1,DIPGINF,DIPLOMADO,2013,2014,23.0,,
1,DIPGINF,DIPLOMADO,2014,2015,27.0,,
1,DIPGINF,DIPLOMADO,2015,2016,19.0,,
1,DIPGINF,DIPLOMADO,2016,2017,9.0,,
1,DIPGINF,DIPLOMADO,2017,2018,13.0,,
1,DIPGINM,DIPLOMADO,2007,2008,11.0,,
1,DIPGIT,DIPLOMADO,2019,2020,13.0,,
1,DIPGLAB,DIPLOMADO,2014,2015,20.0,,
1,DIPGLCD,DIPLOMADO,2010,2011,4.0,,
1,DIPGLDN,DIPLOMADO,2007,2008,10.0,,
1,DIPGLGC,DIPLOMADO,2007,2008,12.0,,
1,DIPGLGC,DIPLOMADO,2008,2009,17.0,,
1,DIPGLGM,DIPLOMADO,2009,2010,28.0,,
1,DIPGLGM,DIPLOMADO,2010,2011,10.0,,
1,DIPGLGM,DIPLOMADO,2011,2012,5.0,,
1,DIPGLGM,DIPLOMADO,2015,2016,6.0,,
1,DIPGLGM,DIPLOMADO,2016,2017,7.0,,
1,DIPGLGM,DIPLOMADO,2017,2018,5.0,,
1,DIPGLGM,DIPLOMADO,2020,2520,7.0,4.0,0.36363636363636365
1,DIPGLGM,DIPLOMADO,2022,2522,,1.0,
1,DIPGLI,DIPLOMADO,2017,2018,25.0,,
1,DIPGLI,DIPLOMADO,2018,2019,23.0,,
1,DIPGLI,DIPLOMADO,2019,2020,,6.0,
1,DIPGLPD,DIPLOMADO,2007,2008,31.0,,
1,DIPGLPD,DIPLOMADO,2008,2009,15.0,,
1,DIPGLPD,DIPLOMADO,2009,2010,15.0,,
1,DIPGLPD,DIPLOMADO,2010,2011,22.0,,
1,DIPGLPD,DIPLOMADO,2011,2012,25.0,,
1,DIPGLPD,DIPLOMADO,2012,2013,38.0,,
1,DIPGLPD,DIPLOMADO,2013,2014,48.0,,
1,DIPGLPD,DIPLOMADO,2014,2015,56.0,,
1,DIPGLPD,DIPLOMADO,2015,2016,39.0,,
1,DIPGLPD,DIPLOMADO,2016,2017,45.0,,
1,DIPGLPD,DIPLOMADO,2017,2018,50.0,,
1,DIPGLPD,DIPLOMADO,2018,2019,39.0,,
1,DIPGLPD,DIPLOMADO,2019,2020,,24.0,
1,DIPGLPD,DIPLOMADO,2020,2021,15.0,,
1,DIPGMDIA,DIPLOMADO,2021,2521,19.0,2.0,0.09523809523809523
1,DIPGPIS,DIPLOMADO,2017,2018,73.0,,
1,DIPGPIS,DIPLOMADO,2018,2019,57.0,,
1,DIPGPIS,DIPLOMADO,2021,2022,67.0,1.0,0.014705882352941176
1,DIPGPIS,DIPLOMADO,2022,2023,55.0,12.0,0.1791044776119403
1,DIPGPIS,DIPLOMADO,2023,2523,9.0,34.0,0.7906976744186046
1,DIPGPIS,DIPLOMADO,2024,2524,7.0,57.0,0.890625
1,DIPGPIS,DIPLOMADO,2025,2525,8.0,8.0,0.5
1,DIPGPM,DIPLOMADO,2011,2012,12.0,,
1,DIPGPMCO,DIPLOMADO,2024,2524,,27.0,
1,DIPGR,DIPLOMADO,2015,2016,12.0,,
1,DIPGR,DIPLOMADO,2016,2017,12.0,,
1,DIPGR,DIPLOMADO,2017,2018,12.0,,
1,DIPGR,DIPLOMADO,2018,2019,16.0,,
1,DIPGR,DIPLOMADO,2019,2020,11.0,,
1,DIPGRDO,DIPLOMADO,2021,2521,13.0,,
1,DIPGRFPD,DIPLOMADO,2023,2523,,17.0,
1,DIPGRFPD,DIPLOMADO,2024,2524,2.0,23.0,0.92
1,DIPGRFPD,DIPLOMADO,2025,2525,2.0,7.0,0.7777777777777778
1,DIPGRH,DIPLOMADO,2011,2012,12.0,,
1,DIPGRH,DIPLOMADO,2012,2013,17.0,,
1,DIPGRH,DIPLOMADO,2013,2014,23.0,,
1,DIPGRH,DIPLOMADO,2014,2015,26.0,,
1,DIPGRH,DIPLOMADO,2015,2016,33.0,,
1,DIPGRH,DIPLOMADO,2016,2017,19.0,,
1,DIPGRH,DIPLOMADO,2017,2018,21.0,,
1,DIPGRH,DIPLOMADO,2018,2019,15.0,,
1,DIPGRH,DIPLOMADO,2019,2020,1.0,17.0,0.9444444444444444
1,DIPGRH,DIPLOMADO,2020,2520,6.0,,
1,DIPGRH,DIPLOMADO,2021,2521,43.0,2.0,0.044444444444444446
1,DIPGRH,DIPLOMADO,2022,2522,11.0,35.0,0.7608695652173914
1,DIPGRH,DIPLOMADO,2023,2523,3.0,21.0,0.875
1,DIPGRH,DIPLOMADO,2024,2524,5.0,74.0,0.9367088607594937
1,DIPGRH,DIPLOMADO,2025,2525,62.0,9.0,0.1267605633802817
1,DIPGS,DIPLOMADO,2007,2008,24.0,,
1,DIPGS,DIPLOMADO,2008,2009,19.0,,
1,DIPGS,DIPLOMADO,2009,2010,21.0,,
1,DIPGS,DIPLOMADO,2010,2011,17.0,,
1,DIPGS,DIPLOMADO,2011,2012,23.0,,
1,DIPGS,DIPLOMADO,2012,2013,26.0,,
1,DIPGS,DIPLOMADO,2013,2014,18.0,,
1,DIPGS,DIPLOMADO,2014,2015,25.0,,
1,DIPGS,DIPLOMADO,2015,2016,12.0,,
1,DIPGS,DIPLOMADO,2016,2017,10.0,,
1,DIPGSA,DIPLOMADO,2012,2013,57.0,,
1,DIPGSA,DIPLOMADO,2013,2014,68.0,,
1,DIPGSA,DIPLOMADO,2014,2015,77.0,,
1,DIPGSA,DIPLOMADO,2015,2016,87.0,,
1,DIPGSA,DIPLOMADO,2016,2017,104.0,,
1,DIPGSA,DIPLOMADO,2017,2018,71.0,,
1,DIPGSA,DIPLOMADO,2018,2019,48.0,,
1,DIPGSA,DIPLOMADO,2019,2020,12.0,,
1,DIPGSA,DIPLOMADO,2020,2021,21.0,,
1,DIPGSA,DIPLOMADO,2021,2022,48.0,,
1,DIPGSA,DIPLOMADO,2022,2023,17.0,10.0,0.37037037037037035
1,DIPGSPP,DIPLOMADO,2017,2018,9.0,,
1,DIPGSPP,DIPLOMADO,2019,2020,31.0,1.0,0.03125
1,DIPGSSO,DIPLOMADO,2012,2013,6.0,,
1,DIPGSSO,DIPLOMADO,2014,2015,1.0,,
1,DIPGSSO,DIPLOMADO,2015,2016,4.0,,
1,DIPGSSO,DIPLOMADO,2018,2019,1.0,,
1,DIPGSSO,DIPLOMADO,2019,2020,1.0,4.0,0.8
1,DIPGSSO,DIPLOMADO,2020,2021,5.0,,
1,DIPGSSO,DIPLOMADO,2021,2022,6.0,,
1,DIPGSSO,DIPLOMADO,2023,2024,,2.0,
1,DIPGSSO,DIPLOMADO,2024,2025,,1.0,
1,DIPGT,DIPLOMADO,2017,2018,85.0,,
1,DIPGT,DIPLOMADO,2018,2019,41.0,,
1,DIPGTEM,DIPLOMADO,2024,2524,84.0,2.0,0.023255813953488372
1,DIPGYDP,DIPLOMADO,2021,2521,3.0,16.0,0.8421052631578947
1,DIPGYDPSP,DIPLOMADO,2022,2522,2.0,8.0,0.8
1,DIPGYDPSP,DIPLOMADO,2023,2523,9.0,13.0,0.5909090909090909
1,DIPGYDPSP,DIPLOMADO,2024,2524,5.0,24.0,0.8275862068965517
1,DIPGYDPSP,DIPLOMADO,2025,2525,,10.0,
1,DIPHMED,DIPLOMADO,2011,2012,23.0,,
1,DIPIALI,DIPLOMADO,2013,2014,25.0,,
1,DIPIAOIT,DIPLOMADO,2025,2525,11.0,,
1,DIPIBEI,DIPLOMADO,2024,2524,5.0,13.0,0.7222222222222222
1,DIPICI,DIPLOMADO,2014,2015,6.0,,
1,DIPICI,DIPLOMADO,2015,2016,1.0,,
1,DIPICLI,DIPLOMADO,2010,2011,23.0,,
1,DIPICLI,DIPLOMADO,2011,2012,22.0,,
1,DIPICLI,DIPLOMADO,2012,2013,8.0,,
1,DIPICLI,DIPLOMADO,2013,2014,11.0,,
1,DIPICMH,DIPLOMADO,2023,2523,3.0,8.0,0.7272727272727273
1,DIPICMH,DIPLOMADO,2024,2524,1.0,8.0,0.8888888888888888
1,DIPICMH,DIPLOMADO,2025,2525,4.0,9.0,0.6923076923076923
1,DIPIDM,DIPLOMADO,2021,2022,21.0,,
1,DIPIDT,DIPLOMADO,2008,2009,18.0,,
1,DIPIDT,DIPLOMADO,2009,2010,11.0,,
1,DIPIDT,DIPLOMADO,2010,2011,5.0,,
1,DIPIDTIC,DIPLOMADO,2014,2015,8.0,,
1,DIPIDTIC,DIPLOMADO,2015,2016,5.0,,
1,DIPIEA,DIPLOMADO,2011,2012,64.0,,
1,DIPIEA,DIPLOMADO,2012,2013,2.0,,
1,DIPIEA,DIPLOMADO,2015,2016,33.0,,
1,DIPIEA,DIPLOMADO,2016,2017,17.0,,
1,DIPIEA,DIPLOMADO,2017,2018,33.0,,
1,DIPIEA,DIPLOMADO,2018,2019,24.0,,
1,DIPIEA,DIPLOMADO,2019,2020,14.0,1.0,0.06666666666666667
1,DIPIEA,DIPLOMADO,2020,2021,35.0,,
1,DIPIEA,DIPLOMADO,2021,2022,23.0,,
1,DIPIEA,DIPLOMADO,2022,2023,18.0,,
1,DIPIEA,DIPLOMADO,2023,2024,9.0,3.0,0.25
1,DIPIEA,DIPLOMADO,2024,2524,6.0,,
1,DIPIEA,DIPLOMADO,2025,2525,4.0,,
1,DIPIEDF,DIPLOMADO,2007,2008,36.0,,
1,DIPIEDF,DIPLOMADO,2008,2009,27.0,,
1,DIPIEDF,DIPLOMADO,2009,2010,22.0,,
1,DIPIEDF,DIPLOMADO,2010,2011,27.0,,
1,DIPIEDF,DIPLOMADO,2011,2012,16.0,,
1,DIPIEDF,DIPLOMADO,2012,2013,2.0,,
1,DIPIEDF,DIPLOMADO,2015,2016,21.0,,
1,DIPIEDF,DIPLOMADO,2016,2017,31.0,,
1,DIPIEDF,DIPLOMADO,2017,2018,17.0,,
1,DIPIEDF,DIPLOMADO,2018,2019,9.0,,
1,DIPIEDF,DIPLOMADO,2019,2020,22.0,,
1,DIPIEDF,DIPLOMADO,2020,2021,17.0,,
1,DIPIEDF,DIPLOMADO,2021,2022,30.0,,
1,DIPIEDF,DIPLOMADO,2022,2023,26.0,1.0,0.037037037037037035
1,DIPIEDF,DIPLOMADO,2023,2024,12.0,13.0,0.52
1,DIPIEDF,DIPLOMADO,2024,2524,3.0,,
1,DIPIEDF,DIPLOMADO,2025,2525,9.0,,
1,DIPIEIP,DIPLOMADO,2022,2522,8.0,1.0,0.1111111111111111
1,DIPIEIP,DIPLOMADO,2023,2523,3.0,8.0,0.7272727272727273
1,DIPIEIP,DIPLOMADO,2024,2524,8.0,2.0,0.2
1,DIPIEIP,DIPLOMADO,2025,2525,10.0,9.0,0.47368421052631576
1,DIPIEYE,DIPLOMADO,2010,2011,16.0,,
1,DIPIEYE,DIPLOMADO,2012,2013,19.0,,
1,DIPIEYE,DIPLOMADO,2021,2022,22.0,,
1,DIPIG,DIPLOMADO,2008,2009,10.0,,
1,DIPIGGS,DIPLOMADO,2025,2525,12.0,8.0,0.4
1,DIPIGPPD,DIPLOMADO,2024,2524,14.0,11.0,0.44
1,DIPIGPPD,DIPLOMADO,2025,2525,3.0,,
1,DIPILSC,DIPLOMADO,2025,2525,21.0,,
1,DIPIMF,DIPLOMADO,2015,2016,12.0,,
1,DIPIMF,DIPLOMADO,2020,2021,10.0,,
1,DIPIMF,DIPLOMADO,2021,2521,4.0,,
1,DIPIMF,DIPLOMADO,2022,2522,1.0,3.0,0.75
1,DIPIMF,DIPLOMADO,2023,2523,1.0,9.0,0.9
1,DIPIMF,DIPLOMADO,2024,2524,10.0,33.0,0.7674418604651163
1,DIPIMF,DIPLOMADO,2025,2525,12.0,7.0,0.3684210526315789
1,DIPIMGC,DIPLOMADO,2019,2020,14.0,1.0,0.06666666666666667
1,DIPIMPL,DIPLOMADO,2015,2016,10.0,,
1,DIPIMPL,DIPLOMADO,2016,2017,10.0,,
1,DIPIMPL,DIPLOMADO,2017,2018,20.0,4.0,0.16666666666666666
1,DIPIMPL,DIPLOMADO,2019,2020,9.0,,
1,DIPINAE,DIPLOMADO,2024,2524,8.0,5.0,0.38461538461538464
1,DIPIRIA,DIPLOMADO,2019,2020,14.0,,
1,DIPIRIA,DIPLOMADO,2023,2523,6.0,,
1,DIPISGD,DIPLOMADO,2020,2520,156.0,,
1,DIPITSO,DIPLOMADO,2018,2019,15.0,1.0,0.0625
1,DIPITSO,DIPLOMADO,2019,2020,6.0,8.0,0.5714285714285714
1,DIPITSO,DIPLOMADO,2020,2021,12.0,8.0,0.4
1,DIPITSO,DIPLOMADO,2021,2022,28.0,,
1,DIPITSO,DIPLOMADO,2022,2023,12.0,6.0,0.3333333333333333
1,DIPITSO,DIPLOMADO,2023,2024,6.0,,
1,DIPITSO,DIPLOMADO,2024,2524,2.0,5.0,0.7142857142857143
1,DIPITSO,DIPLOMADO,2025,2525,2.0,6.0,0.75
1,DIPLAS,DIPLOMADO,2007,2008,10.0,,
1,DIPLDOE,DIPLOMADO,2025,2525,,1.0,
1,DIPLE,DIPLOMADO,2014,2015,39.0,,
1,DIPLE,DIPLOMADO,2016,2017,1.0,,
1,DIPLE,DIPLOMADO,2017,2018,5.0,,
1,DIPLES,DIPLOMADO,2023,2523,,12.0,
1,DIPLG,DIPLOMADO,2013,2014,36.0,,
1,DIPLGEE,DIPLOMADO,2013,2014,1.0,,
1,DIPLI,DIPLOMADO,2018,2019,37.0,,
1,DIPLI,DIPLOMADO,2019,2519,10.0,,
1,DIPLI,DIPLOMADO,2020,2520,23.0,,
1,DIPLI,DIPLOMADO,2021,2521,10.0,11.0,0.5238095238095238
1,DIPLIEA,DIPLOMADO,2021,2521,25.0,2.0,0.07407407407407407
1,DIPLIEA,DIPLOMADO,2022,2522,2.0,12.0,0.8571428571428571
1,DIPLIEA,DIPLOMADO,2023,2523,5.0,,
1,DIPLIEA,DIPLOMADO,2024,2524,1.0,23.0,0.9583333333333334
1,DIPLIEA,DIPLOMADO,2025,2525,12.0,5.0,0.29411764705882354
1,DIPLIEAL,DIPLOMADO,2021,2521,19.0,1.0,0.05
1,DIPLIEAL,DIPLOMADO,2022,2522,,12.0,
1,DIPLIEAL,DIPLOMADO,2023,2523,,3.0,
1,DIPLIEAL,DIPLOMADO,2024,2524,2.0,15.0,0.8823529411764706
1,DIPLIEAL,DIPLOMADO,2025,2525,8.0,4.0,0.3333333333333333
1,DIPLIEO,DIPLOMADO,2021,2521,16.0,2.0,0.1111111111111111
1,DIPLIEO,DIPLOMADO,2022,2522,1.0,7.0,0.875
1,DIPLIEO,DIPLOMADO,2024,2524,1.0,16.0,0.9411764705882353
1,DIPLIEO,DIPLOMADO,2025,2525,7.0,4.0,0.36363636363636365
1,DIPLIJ,DIPLOMADO,2013,2014,28.0,,
1,DIPLIJ,DIPLOMADO,2014,2015,27.0,,
1,DIPLIJ,DIPLOMADO,2016,2017,29.0,,
1,DIPLIJ,DIPLOMADO,2017,2018,28.0,,
1,DIPLIJ,DIPLOMADO,2018,2019,2.0,17.0,0.8947368421052632
1,DIPLIJ,DIPLOMADO,2019,2020,21.0,,
1,DIPLIJ,DIPLOMADO,2020,2520,17.0,,
1,DIPLIJ,DIPLOMADO,2021,2022,41.0,,
1,DIPLIJ,DIPLOMADO,2022,2023,18.0,1.0,0.05263157894736842
1,DIPLIJ,DIPLOMADO,2023,2523,3.0,5.0,0.625
1,DIPLIJ,DIPLOMADO,2024,2524,1.0,6.0,0.8571428571428571
1,DIPLIJ,DIPLOMADO,2025,2525,4.0,4.0,0.5
1,DIPLTSH,DIPLOMADO,2023,2523,5.0,149.0,0.9675324675324676
1,DIPLTSH,DIPLOMADO,2024,2524,2.0,137.0,0.9856115107913669
1,DIPLYDS,DIPLOMADO,2011,2012,27.0,,
1,DIPMAD,DIPLOMADO,2018,2019,17.0,,
1,DIPMAD,DIPLOMADO,2019,2020,18.0,,
1,DIPMAD,DIPLOMADO,2020,2021,6.0,,
1,DIPMAD,DIPLOMADO,2021,2022,13.0,,
1,DIPMAD,DIPLOMADO,2022,2522,7.0,2.0,0.2222222222222222
1,DIPMAD,DIPLOMADO,2023,2523,9.0,7.0,0.4375
1,DIPMAD,DIPLOMADO,2024,2524,3.0,1.0,0.25
1,DIPMAEA,DIPLOMADO,2011,2012,28.0,,
1,DIPMAL,DIPLOMADO,2009,2010,16.0,,
1,DIPMAL,DIPLOMADO,2010,2011,7.0,,
1,DIPMAL,DIPLOMADO,2011,2012,4.0,,
1,DIPMCOM,DIPLOMADO,2009,2010,26.0,,
1,DIPMCOM,DIPLOMADO,2010,2011,8.0,,
1,DIPMCOM,DIPLOMADO,2012,2013,7.0,,
1,DIPMCOM,DIPLOMADO,2013,2014,6.0,,
1,DIPMCOM,DIPLOMADO,2014,2015,12.0,,
1,DIPMCOM,DIPLOMADO,2015,2016,6.0,,
1,DIPMCOM,DIPLOMADO,2016,2017,9.0,,
1,DIPMCOM,DIPLOMADO,2018,2019,18.0,,
1,DIPMCOM,DIPLOMADO,2019,2020,14.0,,
1,DIPMCOM,DIPLOMADO,2020,2021,14.0,,
1,DIPMCOM,DIPLOMADO,2021,2521,13.0,,
1,DIPMCS,DIPLOMADO,2009,2010,11.0,,
1,DIPMD,DIPLOMADO,2009,2010,8.0,,
1,DIPMD,DIPLOMADO,2010,2011,16.0,,
1,DIPMD,DIPLOMADO,2011,2012,11.0,,
1,DIPMD,DIPLOMADO,2012,2013,14.0,,
1,DIPMD,DIPLOMADO,2013,2014,6.0,,
1,DIPMD,DIPLOMADO,2014,2015,12.0,,
1,DIPMD,DIPLOMADO,2015,2016,12.0,,
1,DIPMD,DIPLOMADO,2016,2017,9.0,,
1,DIPMD,DIPLOMADO,2017,2018,6.0,,
1,DIPMD,DIPLOMADO,2018,2019,1.0,13.0,0.9285714285714286
1,DIPMD,DIPLOMADO,2019,2020,2.0,8.0,0.8
1,DIPMD,DIPLOMADO,2021,2022,7.0,,
1,DIPMD,DIPLOMADO,2022,2023,4.0,,
1,DIPMDIA,DIPLOMADO,2022,2522,4.0,12.0,0.75
1,DIPMDIA,DIPLOMADO,2023,2523,2.0,7.0,0.7777777777777778
1,DIPMDIA,DIPLOMADO,2024,2524,1.0,25.0,0.9615384615384616
1,DIPMDIA,DIPLOMADO,2025,2525,25.0,13.0,0.34210526315789475
1,DIPMDYS,DIPLOMADO,2021,2521,3.0,3.0,0.5
1,DIPMEAP,DIPLOMADO,2019,2519,,13.0,
1,DIPMG,DIPLOMADO,2007,2008,26.0,,
1,DIPMG,DIPLOMADO,2008,2009,16.0,,
1,DIPMG,DIPLOMADO,2009,2010,5.0,,
1,DIPMGCS,DIPLOMADO,2019,2020,11.0,,
1,DIPMGCS,DIPLOMADO,2020,2021,7.0,,
1,DIPMGCS,DIPLOMADO,2021,2022,40.0,2.0,0.047619047619047616
1,DIPMGCS,DIPLOMADO,2022,2023,5.0,,
1,DIPMGCS,DIPLOMADO,2023,2523,8.0,39.0,0.8297872340425532
1,DIPMGCS,DIPLOMADO,2024,2524,10.0,1.0,0.09090909090909091
1,DIPMGCS,DIPLOMADO,2025,2525,16.0,,
1,DIPMICC,DIPLOMADO,2021,2521,10.0,,
1,DIPMIG,DIPLOMADO,2017,2018,16.0,,
1,DIPMIG,DIPLOMADO,2019,2020,12.0,,
1,DIPMIG,DIPLOMADO,2020,2021,18.0,,
1,DIPMIG,DIPLOMADO,2021,2521,21.0,1.0,0.045454545454545456
1,DIPMIG,DIPLOMADO,2022,2522,2.0,10.0,0.8333333333333334
1,DIPMIG,DIPLOMADO,2023,2523,3.0,15.0,0.8333333333333334
1,DIPMIG,DIPLOMADO,2024,2524,2.0,14.0,0.875
1,DIPMINE,DIPLOMADO,2021,2022,16.0,,
1,DIPMINE,DIPLOMADO,2022,2023,9.0,,
1,DIPMINE,DIPLOMADO,2023,2024,10.0,,
1,DIPMINE,DIPLOMADO,2024,2025,7.0,,
1,DIPMINE,DIPLOMADO,2025,2026,2.0,,
1,DIPMME,DIPLOMADO,2014,2015,18.0,,
1,DIPMME,DIPLOMADO,2016,2017,17.0,,
1,DIPMME,DIPLOMADO,2017,2018,18.0,,
1,DIPMME,DIPLOMADO,2018,2019,21.0,25.0,0.5434782608695652
1,DIPMME,DIPLOMADO,2019,2020,2.0,,
1,DIPMME,DIPLOMADO,2019,2519,12.0,,
1,DIPMME,DIPLOMADO,2020,2021,1.0,,
1,DIPMME,DIPLOMADO,2020,2520,5.0,1.0,0.16666666666666666
1,DIPMME,DIPLOMADO,2021,2521,7.0,,
1,DIPMME,DIPLOMADO,2024,2524,2.0,8.0,0.8
1,DIPMTCA,DIPLOMADO,2008,2009,45.0,,
1,DIPMTCA,DIPLOMADO,2009,2010,36.0,,
1,DIPMTCA,DIPLOMADO,2010,2011,40.0,,
1,DIPMTCA,DIPLOMADO,2011,2012,4.0,,
1,DIPMTCA,DIPLOMADO,2012,2013,2.0,,
1,DIPMTCA,DIPLOMADO,2013,2014,1.0,,
1,DIPNAH,DIPLOMADO,2018,2019,88.0,,
1,DIPNAH,DIPLOMADO,2019,2020,76.0,,
1,DIPNAH,DIPLOMADO,2020,2021,112.0,,
1,DIPNAH,DIPLOMADO,2021,2022,90.0,,
1,DIPNAH,DIPLOMADO,2022,2023,47.0,5.0,0.09615384615384616
1,DIPNAH,DIPLOMADO,2022,2522,7.0,26.0,0.7878787878787878
1,DIPNAH,DIPLOMADO,2023,2024,14.0,28.0,0.6666666666666666
1,DIPNAH,DIPLOMADO,2023,2523,8.0,29.0,0.7837837837837838
1,DIPNAH,DIPLOMADO,2024,2025,21.0,5.0,0.19230769230769232
1,DIPNAH,DIPLOMADO,2024,2524,10.0,17.0,0.6296296296296297
1,DIPNCSE,DIPLOMADO,2019,2020,17.0,,
1,DIPNCSE,DIPLOMADO,2021,2521,7.0,2.0,0.2222222222222222
1,DIPNCSE,DIPLOMADO,2022,2522,5.0,7.0,0.5833333333333334
1,DIPNCSE,DIPLOMADO,2023,2523,3.0,4.0,0.5714285714285714
1,DIPNICI,DIPLOMADO,2007,2008,112.0,,
1,DIPNICI,DIPLOMADO,2008,2009,99.0,1.0,0.01
1,DIPNICI,DIPLOMADO,2009,2010,107.0,,
1,DIPNICI,DIPLOMADO,2010,2011,86.0,,
1,DIPNICI,DIPLOMADO,2011,2012,104.0,,
1,DIPNICI,DIPLOMADO,2012,2013,87.0,,
1,DIPNICI,DIPLOMADO,2013,2014,58.0,,
1,DIPNICI,DIPLOMADO,2014,2015,70.0,,
1,DIPNICI,DIPLOMADO,2015,2016,20.0,,
1,DIPNICI,DIPLOMADO,2016,2017,12.0,,
1,DIPNICI,DIPLOMADO,2017,2018,11.0,,
1,DIPNICI,DIPLOMADO,2021,2521,19.0,,
1,DIPNICI,DIPLOMADO,2022,2522,21.0,9.0,0.3
1,DIPNICI,DIPLOMADO,2023,2523,1.0,22.0,0.9565217391304348
1,DIPNICI,DIPLOMADO,2024,2524,1.0,17.0,0.9444444444444444
1,DIPNICI,DIPLOMADO,2025,2525,4.0,17.0,0.8095238095238095
1,DIPNICP,DIPLOMADO,2017,2018,11.0,,
1,DIPNICP,DIPLOMADO,2018,2019,21.0,,
1,DIPNICP,DIPLOMADO,2019,2020,33.0,,
1,DIPNICP,DIPLOMADO,2020,2021,48.0,,
1,DIPNICP,DIPLOMADO,2021,2022,51.0,,
1,DIPNICP,DIPLOMADO,2022,2023,22.0,1.0,0.043478260869565216
1,DIPNICP,DIPLOMADO,2023,2523,,20.0,
1,DIPNICP,DIPLOMADO,2024,2524,1.0,6.0,0.8571428571428571
1,DIPNICP,DIPLOMADO,2025,2525,,6.0,
1,DIPNSCI,DIPLOMADO,2021,2521,1.0,4.0,0.8
1,DIPOSEP,DIPLOMADO,2019,2020,5.0,7.0,0.5833333333333334
1,DIPOSEP,DIPLOMADO,2020,2021,36.0,,
1,DIPOSEP,DIPLOMADO,2021,2022,44.0,1.0,0.022222222222222223
1,DIPOSEP,DIPLOMADO,2022,2023,18.0,1.0,0.05263157894736842
1,DIPOSEP,DIPLOMADO,2023,2024,10.0,18.0,0.6428571428571429
1,DIPOSEP,DIPLOMADO,2024,2524,4.0,15.0,0.7894736842105263
1,DIPOSEP,DIPLOMADO,2025,2525,1.0,,
1,DIPOTRC,DIPLOMADO,2017,2018,57.0,,
1,DIPOTRC,DIPLOMADO,2018,2019,10.0,,
1,DIPOTRC,DIPLOMADO,2019,2020,5.0,,
1,DIPOTRC,DIPLOMADO,2020,2021,20.0,,
1,DIPOTRC,DIPLOMADO,2021,2022,8.0,,
1,DIPOTRC,DIPLOMADO,2022,2023,2.0,,
1,DIPPCCD,DIPLOMADO,2014,2015,19.0,,
1,DIPPCCD,DIPLOMADO,2015,2016,19.0,,
1,DIPPCCD,DIPLOMADO,2016,2017,29.0,,
1,DIPPCCD,DIPLOMADO,2017,2018,29.0,,
1,DIPPCCD,DIPLOMADO,2019,2519,12.0,,
1,DIPPCCD,DIPLOMADO,2020,2021,1.0,,
1,DIPPCCD,DIPLOMADO,2020,2520,15.0,2.0,0.11764705882352941
1,DIPPCCD,DIPLOMADO,2021,2022,1.0,,
1,DIPPCCD,DIPLOMADO,2021,2521,8.0,2.0,0.2
1,DIPPCCD,DIPLOMADO,2023,2523,4.0,4.0,0.5
1,DIPPCCD,DIPLOMADO,2024,2524,12.0,12.0,0.5
1,DIPPCCL,DIPLOMADO,2010,2011,15.0,,
1,DIPPCCL,DIPLOMADO,2011,2012,25.0,,
1,DIPPCCL,DIPLOMADO,2012,2013,32.0,,
1,DIPPCCL,DIPLOMADO,2013,2014,27.0,,
1,DIPPCF,DIPLOMADO,2015,2016,16.0,,
1,DIPPCF,DIPLOMADO,2016,2017,7.0,,
1,DIPPD,DIPLOMADO,2013,2014,6.0,,
1,DIPPD,DIPLOMADO,2014,2015,16.0,,
1,DIPPD,DIPLOMADO,2015,2016,16.0,,
1,DIPPD,DIPLOMADO,2016,2017,9.0,,
1,DIPPD,DIPLOMADO,2017,2018,16.0,,
1,DIPPD,DIPLOMADO,2018,2019,8.0,,
1,DIPPDT,DIPLOMADO,2020,2021,27.0,,
1,DIPPDT,DIPLOMADO,2021,2521,24.0,,
1,DIPPDT,DIPLOMADO,2023,2523,7.0,9.0,0.5625
1,DIPPDT,DIPLOMADO,2024,2524,4.0,18.0,0.8181818181818182
1,DIPPDT,DIPLOMADO,2025,2525,9.0,,
1,DIPPED,DIPLOMADO,2008,2009,21.0,,
1,DIPPED,DIPLOMADO,2009,2010,6.0,,
1,DIPPED,DIPLOMADO,2010,2011,19.0,,
1,DIPPED,DIPLOMADO,2011,2012,17.0,,
1,DIPPED,DIPLOMADO,2012,2013,19.0,,
1,DIPPED,DIPLOMADO,2013,2014,9.0,,
1,DIPPED,DIPLOMADO,2016,2017,10.0,,
1,DIPPED,DIPLOMADO,2017,2018,12.0,,
1,DIPPED,DIPLOMADO,2018,2019,7.0,,
1,DIPPEGARD,DIPLOMADO,2024,2524,5.0,154.0,0.9685534591194969
1,DIPPGG,DIPLOMADO,2019,2020,10.0,,
1,DIPPGG,DIPLOMADO,2020,2520,13.0,,
1,DIPPGT,DIPLOMADO,2013,2014,1.0,,
1,DIPPGT,DIPLOMADO,2014,2015,43.0,,
1,DIPPGT,DIPLOMADO,2015,2016,42.0,,
1,DIPPGT,DIPLOMADO,2016,2017,56.0,,
1,DIPPGT,DIPLOMADO,2017,2018,24.0,,
1,DIPPGT,DIPLOMADO,2019,2020,29.0,,
1,DIPPGT,DIPLOMADO,2020,2021,40.0,,
1,DIPPGT,DIPLOMADO,2021,2022,46.0,,
1,DIPPGT,DIPLOMADO,2022,2023,21.0,,
1,DIPPGT,DIPLOMADO,2023,2024,6.0,16.0,0.7272727272727273
1,DIPPGT,DIPLOMADO,2024,2524,2.0,14.0,0.875
1,DIPPGT,DIPLOMADO,2025,2525,8.0,,
1,DIPPIC,DIPLOMADO,2019,2519,8.0,1.0,0.1111111111111111
1,DIPPIC,DIPLOMADO,2021,2521,11.0,,
1,DIPPINF,DIPLOMADO,2007,2008,15.0,,
1,DIPPINF,DIPLOMADO,2008,2009,10.0,,
1,DIPPINF,DIPLOMADO,2009,2010,22.0,,
1,DIPPINF,DIPLOMADO,2010,2011,7.0,,
1,DIPPINF,DIPLOMADO,2011,2012,11.0,,
1,DIPPINF,DIPLOMADO,2012,2013,6.0,,
1,DIPPINF,DIPLOMADO,2013,2014,14.0,,
1,DIPPINF,DIPLOMADO,2014,2015,20.0,,
1,DIPPINF,DIPLOMADO,2015,2016,9.0,,
1,DIPPINF,DIPLOMADO,2016,2017,16.0,,
1,DIPPINF,DIPLOMADO,2017,2018,9.0,,
1,DIPPINF,DIPLOMADO,2018,2019,1.0,,
1,DIPPINF,DIPLOMADO,2019,2519,2.0,,
1,DIPPM,DIPLOMADO,2009,2010,11.0,,
1,DIPPM,DIPLOMADO,2010,2011,10.0,,
1,DIPPM,DIPLOMADO,2011,2012,10.0,,
1,DIPPM,DIPLOMADO,2012,2013,18.0,,
1,DIPPM,DIPLOMADO,2013,2014,17.0,,
1,DIPPM,DIPLOMADO,2014,2015,18.0,,
1,DIPPM,DIPLOMADO,2015,2016,25.0,,
1,DIPPM,DIPLOMADO,2016,2017,15.0,,
1,DIPPM,DIPLOMADO,2017,2018,17.0,,
1,DIPPM,DIPLOMADO,2018,2019,10.0,,
1,DIPPM,DIPLOMADO,2019,2020,,9.0,
1,DIPPM,DIPLOMADO,2020,2021,9.0,,
1,DIPPM,DIPLOMADO,2021,2521,10.0,,
1,DIPPM,DIPLOMADO,2022,2522,,8.0,
1,DIPPM,DIPLOMADO,2023,2523,1.0,14.0,0.9333333333333333
1,DIPPM,DIPLOMADO,2024,2524,2.0,41.0,0.9534883720930233
1,DIPPM,DIPLOMADO,2025,2525,19.0,21.0,0.525
1,DIPPMM,DIPLOMADO,2007,2008,5.0,,
1,DIPPMM,DIPLOMADO,2008,2009,15.0,,
1,DIPPMM,DIPLOMADO,2011,2012,18.0,,
1,DIPPMM,DIPLOMADO,2012,2013,25.0,,
1,DIPPMM,DIPLOMADO,2013,2014,17.0,,
1,DIPPMM,DIPLOMADO,2014,2015,16.0,,
1,DIPPN,DIPLOMADO,2007,2008,16.0,,
1,DIPPPAG,DIPLOMADO,2021,2521,1.0,4.0,0.8
1,DIPPPI,DIPLOMADO,2013,2014,35.0,,
1,DIPPPIS,DIPLOMADO,2016,2017,28.0,,
1,DIPPPUB,DIPLOMADO,2010,2011,18.0,,
1,DIPPPUB,DIPLOMADO,2011,2012,33.0,,
1,DIPPPUB,DIPLOMADO,2012,2013,30.0,,
1,DIPPPUB,DIPLOMADO,2019,2020,2.0,,
1,DIPPRSEP,DIPLOMADO,2018,2518,,24.0,
1,DIPPRSEP,DIPLOMADO,2019,2519,,25.0,
1,DIPPSE,DIPLOMADO,2012,2013,36.0,,
1,DIPPSEI,DIPLOMADO,2022,2522,2.0,,
1,DIPPTAD,DIPLOMADO,2022,2522,92.0,1.0,0.010752688172043012
1,DIPPTAD,DIPLOMADO,2023,2523,1.0,45.0,0.9782608695652174
1,DIPPTAD,DIPLOMADO,2024,2524,16.0,39.0,0.7090909090909091
1,DIPPTG,DIPLOMADO,2021,2521,15.0,,
1,DIPRH,DIPLOMADO,2022,2522,3.0,8.0,0.7272727272727273
1,DIPRH,DIPLOMADO,2023,2523,2.0,7.0,0.7777777777777778
1,DIPRH,DIPLOMADO,2024,2524,4.0,12.0,0.75
1,DIPRHDO,DIPLOMADO,2016,2017,59.0,,
1,DIPRHDO,DIPLOMADO,2017,2018,79.0,,
1,DIPRHDO,DIPLOMADO,2018,2019,90.0,,
1,DIPRHDO,DIPLOMADO,2021,2022,75.0,,
1,DIPRHDO,DIPLOMADO,2022,2023,67.0,19.0,0.22093023255813954
1,DIPRHDO,DIPLOMADO,2023,2523,13.0,96.0,0.8807339449541285
1,DIPRHDO,DIPLOMADO,2024,2524,19.0,90.0,0.8256880733944955
1,DIPRHDO,DIPLOMADO,2025,2525,11.0,16.0,0.5925925925925926
1,DIPRMEE,DIPLOMADO,2014,2015,14.0,,
1,DIPRMEE,DIPLOMADO,2016,2017,12.0,,
1,DIPRMEE,DIPLOMADO,2020,2021,24.0,,
1,DIPRMEE,DIPLOMADO,2021,2521,21.0,,
1,DIPRMEE,DIPLOMADO,2022,2522,,12.0,
1,DIPRMEE,DIPLOMADO,2023,2523,7.0,11.0,0.6111111111111112
1,DIPROCN,DIPLOMADO,2018,2019,4.0,,
1,DIPROCN,DIPLOMADO,2019,2020,7.0,,
1,DIPROCN,DIPLOMADO,2021,2022,6.0,,
1,DIPROCN,DIPLOMADO,2024,2524,1.0,9.0,0.9
1,DIPRSF,DIPLOMADO,2024,2524,2.0,6.0,0.75
1,DIPSD,DIPLOMADO,2007,2008,14.0,,
1,DIPSD,DIPLOMADO,2008,2009,17.0,,
1,DIPSD,DIPLOMADO,2009,2010,4.0,,
1,DIPSGI,DIPLOMADO,2009,2010,15.0,,
1,DIPSGI,DIPLOMADO,2014,2015,3.0,,
1,DIPSGV,DIPLOMADO,2007,2008,42.0,,
1,DIPSIGIP,DIPLOMADO,2024,2524,6.0,8.0,0.5714285714285714
1,DIPSMPM,DIPLOMADO,2020,2021,42.0,,
1,DIPSMPM,DIPLOMADO,2021,2521,6.0,,
1,DIPSPL,DIPLOMADO,2024,2524,4.0,10.0,0.7142857142857143
1,DIPSSREE,DIPLOMADO,2021,2521,10.0,,
1,DIPTDA,DIPLOMADO,2010,2011,11.0,,
1,DIPTDA,DIPLOMADO,2011,2012,11.0,,
1,DIPTFCE,DIPLOMADO,2010,2011,13.0,,
1,DIPTFCE,DIPLOMADO,2012,2013,20.0,,
1,DIPTG,DIPLOMADO,2017,2018,1.0,,
1,DIPTI,DIPLOMADO,2017,2018,3.0,,
1,DIPTI,DIPLOMADO,2018,2019,2.0,,
1,DIPTI,DIPLOMADO,2019,2020,9.0,,
1,DIPTMEH,DIPLOMADO,2014,2015,25.0,,
1,DIPTMEH,DIPLOMADO,2016,2017,14.0,,
1,DIPTMEH,DIPLOMADO,2017,2018,19.0,,
1,DIPTMEH,DIPLOMADO,2018,2019,1.0,10.0,0.9090909090909091
1,DIPTMEH,DIPLOMADO,2019,2020,1.0,,
1,DIPTMEH,DIPLOMADO,2019,2519,7.0,,
1,DIPTMEH,DIPLOMADO,2020,2520,10.0,,
1,DIPTMET,DIPLOMADO,2008,2009,16.0,,
1,DIPVEN,DIPLOMADO,2011,2012,8.0,,
1,DIPVGRS,DIPLOMADO,2019,2519,1.0,,
1,DIPVGRS,DIPLOMADO,2020,2520,1.0,,
1,DOCAYH,DOCTORADO,2025,2525,10.0,,
1,DOCBIO,DOCTORADO,2007,2011,10.0,1.0,0.09090909090909091
1,DOCBIO,DOCTORADO,2008,2012,7.0,,
1,DOCBIO,DOCTORADO,2009,2013,8.0,1.0,0.1111111111111111
1,DOCBIO,DOCTORADO,2010,2014,6.0,2.0,0.25
1,DOCBIO,DOCTORADO,2011,2015,7.0,,
1,DOCBIO,DOCTORADO,2012,2016,6.0,,
1,DOCBIO,DOCTORADO,2013,2017,4.0,2.0,0.3333333333333333
1,DOCBIO,DOCTORADO,2014,2018,2.0,3.0,0.6
1,DOCBIO,DOCTORADO,2015,2019,8.0,1.0,0.1111111111111111
1,DOCBIO,DOCTORADO,2016,2020,5.0,3.0,0.375
1,DOCBIO,DOCTORADO,2017,2021,6.0,,
1,DOCBIO,DOCTORADO,2018,2022,3.0,,
1,DOCBIO,DOCTORADO,2019,2023,2.0,3.0,0.6
1,DOCBIO,DOCTORADO,2020,2024,10.0,2.0,0.16666666666666666
1,DOCBIO,DOCTORADO,2021,2025,2.0,3.0,0.6
1,DOCBIO,DOCTORADO,2022,2026,4.0,,
1,DOCBIO,DOCTORADO,2023,2027,5.0,,
1,DOCBIO,DOCTORADO,2024,2028,9.0,,
1,DOCBIO,DOCTORADO,2025,2029,3.0,,
1,DOCCSADM,DOCTORADO,2010,2015,19.0,2.0,0.09523809523809523
1,DOCCSADM,DOCTORADO,2011,2016,10.0,,
1,DOCCSADM,DOCTORADO,2012,2017,9.0,1.0,0.1
1,DOCCSADM,DOCTORADO,2013,2018,6.0,,
1,DOCCSADM,DOCTORADO,2014,2019,8.0,1.0,0.1111111111111111
1,DOCCSADM,DOCTORADO,2015,2020,5.0,1.0,0.16666666666666666
1,DOCCSADM,DOCTORADO,2016,2021,5.0,3.0,0.375
1,DOCCSADM,DOCTORADO,2017,2022,6.0,5.0,0.45454545454545453
1,DOCCSADM,DOCTORADO,2018,2023,5.0,4.0,0.4444444444444444
1,DOCCSADM,DOCTORADO,2019,2024,3.0,4.0,0.5714285714285714
1,DOCCSALIM,DOCTORADO,2007,2011,4.0,,
1,DOCCSALIM,DOCTORADO,2008,2012,5.0,,
1,DOCCSALIM,DOCTORADO,2009,2013,1.0,1.0,0.5
1,DOCCSALIM,DOCTORADO,2010,2014,3.0,1.0,0.25
1,DOCCSALIM,DOCTORADO,2011,2015,3.0,2.0,0.4
1,DOCCSALIM,DOCTORADO,2012,2016,1.0,,
1,DOCCSALIM,DOCTORADO,2013,2017,3.0,,
1,DOCCSALIM,DOCTORADO,2014,2018,,1.0,
1,DOCCSALIM,DOCTORADO,2015,2019,1.0,2.0,0.6666666666666666
1,DOCCSALIM,DOCTORADO,2016,2020,,2.0,
1,DOCCSALIM,DOCTORADO,2017,2021,1.0,,
1,DOCCSALIM,DOCTORADO,2018,2022,2.0,2.0,0.5
1,DOCCSALIM,DOCTORADO,2019,2023,6.0,,
1,DOCCSALIM,DOCTORADO,2020,2024,7.0,,
1,DOCCSALIM,DOCTORADO,2021,2025,3.0,1.0,0.25
1,DOCCSALIM,DOCTORADO,2022,2026,2.0,,
1,DOCCSALIM,DOCTORADO,2023,2027,4.0,,
1,DOCCSALIM,DOCTORADO,2024,2028,8.0,,
1,DOCCSALIM,DOCTORADO,2025,2029,3.0,,
1,DOCCSEDUC,DOCTORADO,2010,2013,14.0,,
1,DOCCSEDUC,DOCTORADO,2011,2014,19.0,1.0,0.05
1,DOCCSEDUC,DOCTORADO,2012,2015,7.0,1.0,0.125
1,DOCCSEDUC,DOCTORADO,2013,2016,8.0,,
1,DOCCSEDUC,DOCTORADO,2014,2017,7.0,,
1,DOCCSEDUC,DOCTORADO,2015,2018,5.0,,
1,DOCCSFIS,DOCTORADO,2007,2011,2.0,,
1,DOCCSFIS,DOCTORADO,2008,2012,4.0,3.0,0.42857142857142855
1,DOCCSFIS,DOCTORADO,2009,2013,3.0,,
1,DOCCSFIS,DOCTORADO,2010,2014,2.0,1.0,0.3333333333333333
1,DOCCSFIS,DOCTORADO,2011,2015,,5.0,
1,DOCCSFIS,DOCTORADO,2012,2016,1.0,4.0,0.8
1,DOCCSFIS,DOCTORADO,2013,2017,,1.0,
1,DOCCSFIS,DOCTORADO,2014,2018,3.0,4.0,0.5714285714285714
1,DOCCSFIS,DOCTORADO,2015,2019,1.0,4.0,0.8
1,DOCCSFIS,DOCTORADO,2016,2020,1.0,2.0,0.6666666666666666
1,DOCCSFIS,DOCTORADO,2017,2021,5.0,1.0,0.16666666666666666
1,DOCCSFIS,DOCTORADO,2018,2022,4.0,,
1,DOCCSFIS,DOCTORADO,2019,2023,3.0,,
1,DOCCSFIS,DOCTORADO,2020,2024,3.0,1.0,0.25
1,DOCCSFIS,DOCTORADO,2021,2025,4.0,,
1,DOCCSFIS,DOCTORADO,2022,2026,2.0,,
1,DOCCSFIS,DOCTORADO,2023,2027,7.0,,
1,DOCCSFIS,DOCTORADO,2024,2028,3.0,,
1,DOCCSFIS,DOCTORADO,2025,2029,2.0,,
1,DOCCSING,DOCTORADO,2007,2011,23.0,2.0,0.08
1,DOCCSING,DOCTORADO,2008,2012,17.0,2.0,0.10526315789473684
1,DOCCSING,DOCTORADO,2009,2013,9.0,3.0,0.25
1,DOCCSING,DOCTORADO,2010,2014,13.0,5.0,0.2777777777777778
1,DOCCSING,DOCTORADO,2011,2015,6.0,6.0,0.5
1,DOCCSING,DOCTORADO,2012,2015,7.0,2.0,0.2222222222222222
1,DOCCSING,DOCTORADO,2012,2016,7.0,4.0,0.36363636363636365
1,DOCCSING,DOCTORADO,2013,2016,2.0,,
1,DOCCSING,DOCTORADO,2013,2017,7.0,7.0,0.5
1,DOCCSING,DOCTORADO,2014,2017,,1.0,
1,DOCCSING,DOCTORADO,2014,2018,9.0,7.0,0.4375
1,DOCCSING,DOCTORADO,2015,2018,1.0,,
1,DOCCSING,DOCTORADO,2015,2019,4.0,4.0,0.5
1,DOCCSING,DOCTORADO,2016,2019,,2.0,
1,DOCCSING,DOCTORADO,2016,2020,8.0,9.0,0.5294117647058824
1,DOCCSING,DOCTORADO,2017,2020,1.0,,
1,DOCCSING,DOCTORADO,2017,2021,12.0,17.0,0.5862068965517241
1,DOCCSING,DOCTORADO,2018,2022,19.0,12.0,0.3870967741935484
1,DOCCSING,DOCTORADO,2019,2023,18.0,14.0,0.4375
1,DOCCSING,DOCTORADO,2020,2024,6.0,5.0,0.45454545454545453
1,DOCCSING,DOCTORADO,2020,2520,1.0,3.0,0.75
1,DOCCSING,DOCTORADO,2021,2025,13.0,10.0,0.43478260869565216
1,DOCCSING,DOCTORADO,2022,2026,10.0,3.0,0.23076923076923078
1,DOCCSING,DOCTORADO,2023,2027,18.0,,
1,DOCCSING,DOCTORADO,2023,2523,1.0,,
1,DOCCSING,DOCTORADO,2024,2028,17.0,,
1,DOCCSING,DOCTORADO,2024,2524,7.0,,
1,DOCCSING,DOCTORADO,2025,2029,15.0,,
1,DOCCSING,DOCTORADO,2025,2525,8.0,,
1,DOCCSMAT,DOCTORADO,2007,2011,,1.0,
1,DOCCSMAT,DOCTORADO,2008,2012,4.0,3.0,0.42857142857142855
1,DOCCSMAT,DOCTORADO,2009,2013,2.0,,
1,DOCCSMAT,DOCTORADO,2010,2014,4.0,,
1,DOCCSMAT,DOCTORADO,2011,2015,1.0,3.0,0.75
1,DOCCSMAT,DOCTORADO,2013,2017,4.0,,
1,DOCCSMAT,DOCTORADO,2014,2018,2.0,1.0,0.3333333333333333
1,DOCCSMAT,DOCTORADO,2015,2019,,2.0,
1,DOCCSMAT,DOCTORADO,2016,2020,4.0,1.0,0.2
1,DOCCSMAT,DOCTORADO,2017,2021,,1.0,
1,DOCCSMAT,DOCTORADO,2018,2022,2.0,1.0,0.3333333333333333
1,DOCCSMAT,DOCTORADO,2019,2023,2.0,3.0,0.6
1,DOCCSMAT,DOCTORADO,2020,2024,3.0,,
1,DOCCSMAT,DOCTORADO,2021,2025,3.0,,
1,DOCCSMAT,DOCTORADO,2022,2026,1.0,,
1,DOCCSMAT,DOCTORADO,2023,2027,2.0,,
1,DOCCSMAT,DOCTORADO,2024,2028,6.0,,
1,DOCCSMAT,DOCTORADO,2025,2029,4.0,,
1,DOCESTAM,DOCTORADO,2007,2011,16.0,2.0,0.1111111111111111
1,DOCESTAM,DOCTORADO,2008,2012,20.0,3.0,0.13043478260869565
1,DOCESTAM,DOCTORADO,2009,2013,23.0,5.0,0.17857142857142858
1,DOCESTAM,DOCTORADO,2010,2014,18.0,3.0,0.14285714285714285
1,DOCESTAM,DOCTORADO,2011,2015,15.0,4.0,0.21052631578947367
1,DOCESTAM,DOCTORADO,2012,2016,9.0,1.0,0.1
1,DOCESTAM,DOCTORADO,2013,2017,12.0,2.0,0.14285714285714285
1,DOCESTAM,DOCTORADO,2014,2018,15.0,1.0,0.0625
1,DOCESTAM,DOCTORADO,2015,2019,7.0,5.0,0.4166666666666667
1,DOCESTAM,DOCTORADO,2016,2020,7.0,7.0,0.5
1,DOCESTAM,DOCTORADO,2017,2021,6.0,2.0,0.25
1,DOCESTAM,DOCTORADO,2018,2022,11.0,3.0,0.21428571428571427
1,DOCESTAM,DOCTORADO,2019,2023,10.0,4.0,0.2857142857142857
1,DOCESTAM,DOCTORADO,2020,2024,6.0,8.0,0.5714285714285714
1,DOCESTAM,DOCTORADO,2021,2025,4.0,7.0,0.6363636363636364
1,DOCESTAM,DOCTORADO,2022,2026,11.0,,
1,DOCESTAM,DOCTORADO,2023,2027,10.0,,
1,DOCESTAM,DOCTORADO,2024,2028,13.0,,
1,DOCESTAM,DOCTORADO,2025,2029,12.0,,
1,DOCHIST,DOCTORADO,2013,2017,1.0,2.0,0.6666666666666666
1,DOCHIST,DOCTORADO,2014,2018,4.0,2.0,0.3333333333333333
1,DOCHIST,DOCTORADO,2015,2019,2.0,3.0,0.6
1,DOCHIST,DOCTORADO,2016,2020,3.0,3.0,0.5
1,DOCHIST,DOCTORADO,2017,2021,4.0,1.0,0.2
1,DOCHIST,DOCTORADO,2018,2022,3.0,3.0,0.5
1,DOCHIST,DOCTORADO,2019,2023,5.0,2.0,0.2857142857142857
1,DOCHIST,DOCTORADO,2020,2024,2.0,1.0,0.3333333333333333
1,DOCHIST,DOCTORADO,2021,2025,1.0,5.0,0.8333333333333334
1,DOCHIST,DOCTORADO,2022,2026,6.0,,
1,DOCHIST,DOCTORADO,2023,2027,2.0,,
1,DOCHIST,DOCTORADO,2024,2028,5.0,,
1,DOCHIST,DOCTORADO,2025,2029,7.0,,
1,DOCITI,DOCTORADO,2025,2525,7.0,,
1,DOCMICROBIO,DOCTORADO,2007,2011,2.0,2.0,0.5
1,DOCMICROBIO,DOCTORADO,2008,2012,3.0,4.0,0.5714285714285714
1,DOCMICROBIO,DOCTORADO,2009,2013,3.0,1.0,0.25
1,DOCMICROBIO,DOCTORADO,2010,2014,2.0,3.0,0.6
1,DOCMICROBIO,DOCTORADO,2011,2015,2.0,2.0,0.5
1,DOCMICROBIO,DOCTORADO,2012,2016,2.0,,
1,DOCMICROBIO,DOCTORADO,2013,2017,1.0,,
1,DOCMICROBIO,DOCTORADO,2014,2018,1.0,1.0,0.5
1,DOCMICROBIO,DOCTORADO,2015,2019,4.0,1.0,0.2
1,DOCMICROBIO,DOCTORADO,2016,2020,1.0,,
1,DOCMICROBIO,DOCTORADO,2017,2021,1.0,,
1,DOCMICROBIO,DOCTORADO,2018,2022,4.0,,
1,DOCMICROBIO,DOCTORADO,2019,2023,1.0,,
1,DOCMICROBIO,DOCTORADO,2020,2024,3.0,2.0,0.4
1,DOCMICROBIO,DOCTORADO,2021,2025,6.0,1.0,0.14285714285714285
1,DOCMICROBIO,DOCTORADO,2022,2026,2.0,,
1,DOCMICROBIO,DOCTORADO,2023,2027,5.0,,
1,DOCMICROBIO,DOCTORADO,2024,2028,4.0,,
1,DOCMICROBIO,DOCTORADO,2025,2029,5.0,,
1,DOCNEUROC,DOCTORADO,2011,2015,1.0,1.0,0.5
1,DOCNEUROC,DOCTORADO,2012,2016,,2.0,
1,DOCNEUROC,DOCTORADO,2013,2017,3.0,1.0,0.25
1,DOCNEUROC,DOCTORADO,2014,2018,1.0,3.0,0.75
1,DOCNEUROC,DOCTORADO,2015,2019,2.0,,
1,DOCNEUROC,DOCTORADO,2016,2020,2.0,,
1,DOCNEUROC,DOCTORADO,2017,2021,4.0,,
1,DOCNEUROC,DOCTORADO,2018,2022,2.0,,
1,DOCNEUROC,DOCTORADO,2019,2023,3.0,,
1,DOCNEUROC,DOCTORADO,2020,2024,3.0,1.0,0.25
1,DOCNEUROC,DOCTORADO,2021,2025,1.0,1.0,0.5
1,DOCNEUROC,DOCTORADO,2022,2026,2.0,,
1,DOCNEUROC,DOCTORADO,2023,2027,3.0,,
1,DOCNEUROC,DOCTORADO,2024,2028,3.0,,
1,DOCNEUROC,DOCTORADO,2025,2029,4.0,,
1,DOCPSIC,DOCTORADO,2010,2013,15.0,,
1,DOCPSIC,DOCTORADO,2011,2014,,1.0,
1,DOCPSIC,DOCTORADO,2012,2015,7.0,,
1,DOCPSIC,DOCTORADO,2013,2016,2.0,,
1,DOCPSIC,DOCTORADO,2014,2017,6.0,,
1,DOCQUIM,DOCTORADO,2007,2011,4.0,5.0,0.5555555555555556
1,DOCQUIM,DOCTORADO,2008,2012,4.0,7.0,0.6363636363636364
1,DOCQUIM,DOCTORADO,2009,2013,9.0,5.0,0.35714285714285715
1,DOCQUIM,DOCTORADO,2010,2014,9.0,1.0,0.1
1,DOCQUIM,DOCTORADO,2011,2015,4.0,,
1,DOCQUIM,DOCTORADO,2012,2016,5.0,6.0,0.5454545454545454
1,DOCQUIM,DOCTORADO,2013,2017,5.0,3.0,0.375
1,DOCQUIM,DOCTORADO,2014,2018,4.0,5.0,0.5555555555555556
1,DOCQUIM,DOCTORADO,2015,2019,4.0,7.0,0.6363636363636364
1,DOCQUIM,DOCTORADO,2016,2020,5.0,3.0,0.375
1,DOCQUIM,DOCTORADO,2017,2021,8.0,1.0,0.1111111111111111
1,DOCQUIM,DOCTORADO,2018,2022,4.0,,
1,DOCQUIM,DOCTORADO,2019,2023,13.0,1.0,0.07142857142857142
1,DOCQUIM,DOCTORADO,2020,2024,4.0,2.0,0.3333333333333333
1,DOCQUIM,DOCTORADO,2021,2025,7.0,1.0,0.125
1,DOCQUIM,DOCTORADO,2022,2026,7.0,,
1,DOCQUIM,DOCTORADO,2023,2027,13.0,,
1,DOCQUIM,DOCTORADO,2024,2028,10.0,,
1,DOCQUIM,DOCTORADO,2025,2029,7.0,,
1,ENF,PREGRADO,2007,2012,15.0,45.0,0.75
1,ENF,PREGRADO,2008,2013,11.0,55.0,0.8333333333333334
1,ENF,PREGRADO,2009,2014,13.0,50.0,0.7936507936507936
1,ENF,PREGRADO,2010,2015,14.0,54.0,0.7941176470588235
1,ENF,PREGRADO,2011,2016,18.0,44.0,0.7096774193548387
1,ENF,PREGRADO,2012,2017,32.0,51.0,0.6144578313253012
1,ENF,PREGRADO,2013,2018,31.0,41.0,0.5694444444444444
1,ENF,PREGRADO,2014,2019,56.0,20.0,0.2631578947368421
1,ENF,PREGRADO,2015,2020,48.0,16.0,0.25
1,ENF,PREGRADO,2016,2021,30.0,32.0,0.5161290322580645
1,ENF,PREGRADO,2017,2022,31.0,21.0,0.40384615384615385
1,ENF,PREGRADO,2018,2023,35.0,29.0,0.453125
1,ENF,PREGRADO,2019,2024,33.0,36.0,0.5217391304347826
1,ENF,PREGRADO,2020,2025,25.0,51.0,0.6710526315789473
1,ENF,PREGRADO,2021,2026,35.0,27.0,0.43548387096774194
1,ENF,PREGRADO,2022,2027,59.0,,
1,ENF,PREGRADO,2023,2028,67.0,,
1,ENF,PREGRADO,2024,2029,46.0,,
1,ENF,PREGRADO,2025,2030,49.0,,
1,GDP,PREGRADO,2025,2030,39.0,,
1,HCS,PREGRADO,2012,2017,23.0,,
1,HCS,PREGRADO,2013,2018,12.0,,
1,HCS,PREGRADO,2014,2019,29.0,,
1,HCS,PREGRADO,2015,2020,22.0,,
1,HCS,PREGRADO,2016,2021,19.0,,
1,HCS,PREGRADO,2017,2022,17.0,,
1,HCS,PREGRADO,2018,2023,30.0,,
1,HCS,PREGRADO,2019,2024,23.0,15.0,0.39473684210526316
1,HCS,PREGRADO,2020,2024,26.0,6.0,0.1875
1,HCS,PREGRADO,2021,2025,13.0,6.0,0.3157894736842105
1,HCS,PREGRADO,2022,2026,17.0,,
1,HCS,PREGRADO,2023,2027,30.0,,
1,HCS,PREGRADO,2024,2028,29.0,,
1,HCS,PREGRADO,2025,2029,44.0,,
1,ICAMB,PREGRADO,2020,2026,61.0,5.0,0.07575757575757576
1,ICAMB,PREGRADO,2021,2027,59.0,,
1,ICAMB,PREGRADO,2022,2028,70.0,,
1,ICAMB,PREGRADO,2023,2026,1.0,2.0,0.6666666666666666
1,ICAMB,PREGRADO,2023,2029,46.0,,
1,ICAMB,PREGRADO,2024,2027,5.0,,
1,ICAMB,PREGRADO,2024,2030,46.0,,
1,ICAMB,PREGRADO,2025,2028,5.0,,
1,ICAMB,PREGRADO,2025,2031,48.0,,
1,ICBIO,PREGRADO,2020,2026,65.0,3.0,0.04411764705882353
1,ICBIO,PREGRADO,2021,2027,61.0,,
1,ICBIO,PREGRADO,2022,2028,68.0,,
1,ICBIO,PREGRADO,2023,2029,69.0,,
1,ICBIO,PREGRADO,2024,2030,70.0,,
1,ICBIO,PREGRADO,2025,2031,73.0,,
1,ICBIOM,PREGRADO,2020,2026,56.0,7.0,0.1111111111111111
1,ICBIOM,PREGRADO,2021,2027,72.0,,
1,ICBIOM,PREGRADO,2022,2028,76.0,,
1,ICBIOM,PREGRADO,2023,2029,76.0,,
1,ICBIOM,PREGRADO,2024,2030,51.0,,
1,ICBIOM,PREGRADO,2025,2031,77.0,,
1,ICELEC,PREGRADO,2007,2009,7.0,8.0,0.5333333333333333
1,ICELEC,PREGRADO,2007,2013,96.0,9.0,0.08571428571428572
1,ICELEC,PREGRADO,2008,2014,118.0,15.0,0.11278195488721804
1,ICELEC,PREGRADO,2009,2011,8.0,7.0,0.4666666666666667
1,ICELEC,PREGRADO,2009,2015,119.0,8.0,0.06299212598425197
1,ICELEC,PREGRADO,2010,2016,129.0,12.0,0.0851063829787234
1,ICELEC,PREGRADO,2011,2013,12.0,6.0,0.3333333333333333
1,ICELEC,PREGRADO,2011,2017,121.0,9.0,0.06923076923076923
1,ICELEC,PREGRADO,2012,2014,3.0,3.0,0.5
1,ICELEC,PREGRADO,2012,2017,14.0,11.0,0.44
1,ICELEC,PREGRADO,2012,2018,182.0,16.0,0.08080808080808081
1,ICELEC,PREGRADO,2013,2018,17.0,12.0,0.41379310344827586
1,ICELEC,PREGRADO,2013,2019,140.0,10.0,0.06666666666666667
1,ICELEC,PREGRADO,2014,2016,4.0,4.0,0.5
1,ICELEC,PREGRADO,2014,2019,16.0,12.0,0.42857142857142855
1,ICELEC,PREGRADO,2014,2020,152.0,18.0,0.10588235294117647
1,ICELEC,PREGRADO,2015,2020,16.0,11.0,0.4074074074074074
1,ICELEC,PREGRADO,2015,2021,122.0,15.0,0.10948905109489052
1,ICELEC,PREGRADO,2016,2018,1.0,4.0,0.8
1,ICELEC,PREGRADO,2016,2021,22.0,8.0,0.26666666666666666
1,ICELEC,PREGRADO,2016,2022,97.0,21.0,0.17796610169491525
1,ICELEC,PREGRADO,2017,2022,11.0,8.0,0.42105263157894735
1,ICELEC,PREGRADO,2017,2023,110.0,12.0,0.09836065573770492
1,ICELEC,PREGRADO,2018,2023,13.0,7.0,0.35
1,ICELEC,PREGRADO,2018,2024,104.0,22.0,0.1746031746031746
1,ICELEC,PREGRADO,2019,2024,4.0,15.0,0.7894736842105263
1,ICELEC,PREGRADO,2019,2025,106.0,25.0,0.19083969465648856
1,ICELEC,PREGRADO,2020,2022,3.0,4.0,0.5714285714285714
1,ICELEC,PREGRADO,2020,2025,8.0,12.0,0.6
1,ICELEC,PREGRADO,2020,2026,151.0,8.0,0.050314465408805034
1,ICELEC,PREGRADO,2021,2023,3.0,4.0,0.5714285714285714
1,ICELEC,PREGRADO,2021,2026,23.0,18.0,0.43902439024390244
1,ICELEC,PREGRADO,2021,2027,131.0,,
1,ICELEC,PREGRADO,2022,2024,5.0,1.0,0.16666666666666666
1,ICELEC,PREGRADO,2022,2027,19.0,11.0,0.36666666666666664
1,ICELEC,PREGRADO,2022,2028,119.0,,
1,ICELEC,PREGRADO,2023,2025,3.0,1.0,0.25
1,ICELEC,PREGRADO,2023,2028,28.0,1.0,0.034482758620689655
1,ICELEC,PREGRADO,2023,2029,123.0,,
1,ICELEC,PREGRADO,2024,2026,1.0,,
1,ICELEC,PREGRADO,2024,2029,23.0,,
1,ICELEC,PREGRADO,2024,2030,103.0,,
1,ICELEC,PREGRADO,2025,2027,3.0,,
1,ICELEC,PREGRADO,2025,2030,26.0,,
1,ICELEC,PREGRADO,2025,2031,106.0,,
1,ICETE,PREGRADO,2025,2031,26.0,,
1,ICGEOG,PREGRADO,2007,2013,44.0,,
1,ICGEOG,PREGRADO,2008,2014,33.0,,
1,ICGEOG,PREGRADO,2009,2015,21.0,8.0,0.27586206896551724
1,ICGEOG,PREGRADO,2010,2016,20.0,11.0,0.3548387096774194
1,ICGEOG,PREGRADO,2011,2017,43.0,1.0,0.022727272727272728
1,ICGEOG,PREGRADO,2012,2018,29.0,,
1,ICGEOG,PREGRADO,2013,2019,43.0,8.0,0.1568627450980392
1,ICGEOG,PREGRADO,2014,2020,44.0,2.0,0.043478260869565216
1,ICGEOG,PREGRADO,2015,2021,35.0,7.0,0.16666666666666666
1,ICGEOG,PREGRADO,2016,2022,30.0,,
1,ICGEOG,PREGRADO,2017,2023,41.0,,
1,ICGEOG,PREGRADO,2018,2019,1.0,,
1,ICGEOG,PREGRADO,2018,2024,39.0,3.0,0.07142857142857142
1,ICGEOG,PREGRADO,2019,2025,41.0,1.0,0.023809523809523808
1,ICGEOG,PREGRADO,2020,2026,31.0,1.0,0.03125
1,ICGEOG,PREGRADO,2021,2027,6.0,,
1,ICGEOG,PREGRADO,2022,2028,2.0,,
1,ICGEOG,PREGRADO,2023,2029,8.0,,
1,ICGEOM,PREGRADO,2022,2028,18.0,,
1,ICGEOM,PREGRADO,2023,2029,23.0,,
1,ICGEOM,PREGRADO,2023,2523,2.0,,
1,ICGEOM,PREGRADO,2024,2030,31.0,,
1,ICGEOM,PREGRADO,2025,2028,3.0,,
1,ICGEOM,PREGRADO,2025,2031,42.0,,
1,ICIND,PREGRADO,2007,2011,54.0,31.0,0.36470588235294116
1,ICIND,PREGRADO,2007,2013,44.0,58.0,0.5686274509803921
1,ICIND,PREGRADO,2008,2012,72.0,32.0,0.3076923076923077
1,ICIND,PREGRADO,2008,2014,68.0,68.0,0.5
1,ICIND,PREGRADO,2009,2013,70.0,32.0,0.3137254901960784
1,ICIND,PREGRADO,2009,2015,67.0,54.0,0.4462809917355372
1,ICIND,PREGRADO,2010,2014,68.0,33.0,0.32673267326732675
1,ICIND,PREGRADO,2010,2016,72.0,52.0,0.41935483870967744
1,ICIND,PREGRADO,2011,2015,50.0,42.0,0.45652173913043476
1,ICIND,PREGRADO,2011,2017,68.0,57.0,0.456
1,ICIND,PREGRADO,2012,2016,56.0,29.0,0.3411764705882353
1,ICIND,PREGRADO,2012,2018,96.0,92.0,0.48936170212765956
1,ICIND,PREGRADO,2013,2017,46.0,36.0,0.43902439024390244
1,ICIND,PREGRADO,2013,2019,81.0,82.0,0.5030674846625767
1,ICIND,PREGRADO,2014,2018,41.0,24.0,0.36923076923076925
1,ICIND,PREGRADO,2014,2020,109.0,44.0,0.2875816993464052
1,ICIND,PREGRADO,2015,2019,46.0,34.0,0.425
1,ICIND,PREGRADO,2015,2021,80.0,76.0,0.48717948717948717
1,ICIND,PREGRADO,2016,2020,28.0,31.0,0.5254237288135594
1,ICIND,PREGRADO,2016,2022,73.0,60.0,0.45112781954887216
1,ICIND,PREGRADO,2017,2021,31.0,29.0,0.48333333333333334
1,ICIND,PREGRADO,2017,2023,86.0,45.0,0.3435114503816794
1,ICIND,PREGRADO,2018,2022,44.0,26.0,0.37142857142857144
1,ICIND,PREGRADO,2018,2024,78.0,51.0,0.3953488372093023
1,ICIND,PREGRADO,2019,2023,39.0,35.0,0.47297297297297297
1,ICIND,PREGRADO,2019,2025,82.0,39.0,0.32231404958677684
1,ICIND,PREGRADO,2020,2024,46.0,30.0,0.39473684210526316
1,ICIND,PREGRADO,2020,2026,162.0,8.0,0.047058823529411764
1,ICIND,PREGRADO,2021,2025,104.0,55.0,0.34591194968553457
1,ICIND,PREGRADO,2021,2027,153.0,1.0,0.006493506493506494
1,ICIND,PREGRADO,2022,2026,120.0,37.0,0.2356687898089172
1,ICIND,PREGRADO,2022,2028,155.0,,
1,ICIND,PREGRADO,2023,2027,154.0,3.0,0.01910828025477707
1,ICIND,PREGRADO,2023,2029,148.0,,
1,ICIND,PREGRADO,2024,2028,184.0,,
1,ICIND,PREGRADO,2024,2030,106.0,,
1,ICIND,PREGRADO,2025,2029,213.0,,
1,ICIND,PREGRADO,2025,2031,121.0,,
1,ICINF,PREGRADO,2007,2012,12.0,4.0,0.25
1,ICINF,PREGRADO,2007,2013,78.0,4.0,0.04878048780487805
1,ICINF,PREGRADO,2008,2013,16.0,6.0,0.2727272727272727
1,ICINF,PREGRADO,2008,2014,75.0,11.0,0.12790697674418605
1,ICINF,PREGRADO,2009,2010,9.0,12.0,0.5714285714285714
1,ICINF,PREGRADO,2009,2014,12.0,9.0,0.42857142857142855
1,ICINF,PREGRADO,2009,2015,68.0,12.0,0.15
1,ICINF,PREGRADO,2010,2015,12.0,8.0,0.4
1,ICINF,PREGRADO,2010,2016,83.0,6.0,0.06741573033707865
1,ICINF,PREGRADO,2011,2016,11.0,14.0,0.56
1,ICINF,PREGRADO,2011,2017,82.0,7.0,0.07865168539325842
1,ICINF,PREGRADO,2012,2013,10.0,4.0,0.2857142857142857
1,ICINF,PREGRADO,2012,2017,7.0,5.0,0.4166666666666667
1,ICINF,PREGRADO,2012,2018,108.0,16.0,0.12903225806451613
1,ICINF,PREGRADO,2013,2018,6.0,3.0,0.3333333333333333
1,ICINF,PREGRADO,2013,2019,118.0,9.0,0.07086614173228346
1,ICINF,PREGRADO,2014,2019,11.0,6.0,0.35294117647058826
1,ICINF,PREGRADO,2014,2020,109.0,2.0,0.018018018018018018
1,ICINF,PREGRADO,2015,2016,3.0,11.0,0.7857142857142857
1,ICINF,PREGRADO,2015,2020,8.0,6.0,0.42857142857142855
1,ICINF,PREGRADO,2015,2021,98.0,7.0,0.06666666666666667
1,ICINF,PREGRADO,2016,2021,8.0,9.0,0.5294117647058824
1,ICINF,PREGRADO,2016,2022,97.0,3.0,0.03
1,ICINF,PREGRADO,2017,2022,4.0,1.0,0.2
1,ICINF,PREGRADO,2017,2023,94.0,5.0,0.050505050505050504
1,ICINF,PREGRADO,2018,2022,3.0,1.0,0.25
1,ICINF,PREGRADO,2018,2024,105.0,9.0,0.07894736842105263
1,ICINF,PREGRADO,2019,2023,4.0,2.0,0.3333333333333333
1,ICINF,PREGRADO,2019,2025,107.0,10.0,0.08547008547008547
1,ICINF,PREGRADO,2020,2024,3.0,,
1,ICINF,PREGRADO,2020,2026,103.0,10.0,0.08849557522123894
1,ICINF,PREGRADO,2021,2025,4.0,,
1,ICINF,PREGRADO,2021,2027,128.0,,
1,ICINF,PREGRADO,2022,2026,7.0,,
1,ICINF,PREGRADO,2022,2028,122.0,,
1,ICINF,PREGRADO,2023,2024,1.0,9.0,0.9
1,ICINF,PREGRADO,2023,2027,3.0,,
1,ICINF,PREGRADO,2023,2029,125.0,,
1,ICINF,PREGRADO,2024,2030,83.0,,
1,ICINF,PREGRADO,2025,2031,109.0,,
1,ICMEC,PREGRADO,2007,2010,23.0,7.0,0.23333333333333334
1,ICMEC,PREGRADO,2007,2013,83.0,5.0,0.056818181818181816
1,ICMEC,PREGRADO,2008,2011,29.0,12.0,0.2926829268292683
1,ICMEC,PREGRADO,2008,2014,92.0,5.0,0.05154639175257732
1,ICMEC,PREGRADO,2009,2012,29.0,10.0,0.2564102564102564
1,ICMEC,PREGRADO,2009,2015,103.0,2.0,0.01904761904761905
1,ICMEC,PREGRADO,2010,2013,23.0,8.0,0.25806451612903225
1,ICMEC,PREGRADO,2010,2016,97.0,10.0,0.09345794392523364
1,ICMEC,PREGRADO,2011,2014,20.0,8.0,0.2857142857142857
1,ICMEC,PREGRADO,2011,2017,136.0,7.0,0.04895104895104895
1,ICMEC,PREGRADO,2012,2015,27.0,10.0,0.2702702702702703
1,ICMEC,PREGRADO,2012,2018,206.0,9.0,0.04186046511627907
1,ICMEC,PREGRADO,2013,2016,13.0,7.0,0.35
1,ICMEC,PREGRADO,2013,2019,139.0,18.0,0.11464968152866242
1,ICMEC,PREGRADO,2014,2017,26.0,5.0,0.16129032258064516
1,ICMEC,PREGRADO,2014,2020,151.0,12.0,0.0736196319018405
1,ICMEC,PREGRADO,2015,2018,11.0,8.0,0.42105263157894735
1,ICMEC,PREGRADO,2015,2021,140.0,21.0,0.13043478260869565
1,ICMEC,PREGRADO,2016,2019,16.0,9.0,0.36
1,ICMEC,PREGRADO,2016,2022,96.0,6.0,0.058823529411764705
1,ICMEC,PREGRADO,2017,2020,10.0,,
1,ICMEC,PREGRADO,2017,2023,83.0,23.0,0.2169811320754717
1,ICMEC,PREGRADO,2018,2021,19.0,14.0,0.42424242424242425
1,ICMEC,PREGRADO,2018,2024,97.0,16.0,0.1415929203539823
1,ICMEC,PREGRADO,2019,2022,10.0,11.0,0.5238095238095238
1,ICMEC,PREGRADO,2019,2025,93.0,12.0,0.11428571428571428
1,ICMEC,PREGRADO,2020,2023,10.0,5.0,0.3333333333333333
1,ICMEC,PREGRADO,2020,2026,103.0,1.0,0.009615384615384616
1,ICMEC,PREGRADO,2021,2024,11.0,12.0,0.5217391304347826
1,ICMEC,PREGRADO,2021,2027,104.0,,
1,ICMEC,PREGRADO,2022,2025,8.0,4.0,0.3333333333333333
1,ICMEC,PREGRADO,2022,2028,102.0,,
1,ICMEC,PREGRADO,2023,2026,12.0,8.0,0.4
1,ICMEC,PREGRADO,2023,2029,103.0,,
1,ICMEC,PREGRADO,2024,2027,6.0,,
1,ICMEC,PREGRADO,2024,2030,89.0,,
1,ICMEC,PREGRADO,2025,2028,7.0,,
1,ICMEC,PREGRADO,2025,2031,111.0,,
1,ICMECAT,PREGRADO,2020,2026,64.0,6.0,0.08571428571428572
1,ICMECAT,PREGRADO,2021,2027,76.0,,
1,ICMECAT,PREGRADO,2022,2028,85.0,,
1,ICMECAT,PREGRADO,2023,2029,77.0,,
1,ICMECAT,PREGRADO,2024,2030,99.0,,
1,ICMECAT,PREGRADO,2025,2031,111.0,,
1,ICMET,PREGRADO,2007,2013,53.0,2.0,0.03636363636363636
1,ICMET,PREGRADO,2008,2011,16.0,3.0,0.15789473684210525
1,ICMET,PREGRADO,2008,2014,53.0,6.0,0.1016949152542373
1,ICMET,PREGRADO,2009,2012,1.0,1.0,0.5
1,ICMET,PREGRADO,2009,2015,54.0,4.0,0.06896551724137931
1,ICMET,PREGRADO,2010,2013,9.0,1.0,0.1
1,ICMET,PREGRADO,2010,2016,55.0,3.0,0.05172413793103448
1,ICMET,PREGRADO,2011,2014,12.0,2.0,0.14285714285714285
1,ICMET,PREGRADO,2011,2017,56.0,8.0,0.125
1,ICMET,PREGRADO,2012,2015,19.0,2.0,0.09523809523809523
1,ICMET,PREGRADO,2012,2018,86.0,7.0,0.07526881720430108
1,ICMET,PREGRADO,2013,2016,30.0,3.0,0.09090909090909091
1,ICMET,PREGRADO,2013,2019,68.0,13.0,0.16049382716049382
1,ICMET,PREGRADO,2014,2017,16.0,2.0,0.1111111111111111
1,ICMET,PREGRADO,2014,2020,63.0,6.0,0.08695652173913043
1,ICMET,PREGRADO,2015,2018,11.0,1.0,0.08333333333333333
1,ICMET,PREGRADO,2015,2021,67.0,5.0,0.06944444444444445
1,ICMET,PREGRADO,2016,2022,53.0,2.0,0.03636363636363636
1,ICMET,PREGRADO,2017,2023,56.0,2.0,0.034482758620689655
1,ICMET,PREGRADO,2018,2024,66.0,3.0,0.043478260869565216
1,ICMET,PREGRADO,2019,2025,59.0,6.0,0.09230769230769231
1,ICMET,PREGRADO,2020,2026,71.0,,
1,ICMET,PREGRADO,2021,2027,66.0,,
1,ICMET,PREGRADO,2022,2028,59.0,,
1,ICMET,PREGRADO,2023,2029,68.0,,
1,ICMET,PREGRADO,2024,2030,65.0,,
1,ICMET,PREGRADO,2025,2027,6.0,,
1,ICMET,PREGRADO,2025,2031,68.0,,
1,ICMIN,PREGRADO,2007,2010,28.0,,
1,ICMIN,PREGRADO,2007,2013,82.0,5.0,0.05747126436781609
1,ICMIN,PREGRADO,2008,2011,44.0,,
1,ICMIN,PREGRADO,2008,2014,93.0,6.0,0.06060606060606061
1,ICMIN,PREGRADO,2009,2012,11.0,,
1,ICMIN,PREGRADO,2009,2015,87.0,10.0,0.10309278350515463
1,ICMIN,PREGRADO,2010,2013,16.0,1.0,0.058823529411764705
1,ICMIN,PREGRADO,2010,2016,99.0,10.0,0.09174311926605505
1,ICMIN,PREGRADO,2011,2014,23.0,,
1,ICMIN,PREGRADO,2011,2017,143.0,13.0,0.08333333333333333
1,ICMIN,PREGRADO,2012,2015,26.0,2.0,0.07142857142857142
1,ICMIN,PREGRADO,2012,2018,155.0,24.0,0.1340782122905028
1,ICMIN,PREGRADO,2013,2016,91.0,10.0,0.09900990099009901
1,ICMIN,PREGRADO,2013,2019,157.0,14.0,0.08187134502923976
1,ICMIN,PREGRADO,2014,2017,62.0,5.0,0.07462686567164178
1,ICMIN,PREGRADO,2014,2020,180.0,17.0,0.08629441624365482
1,ICMIN,PREGRADO,2015,2018,66.0,10.0,0.13157894736842105
1,ICMIN,PREGRADO,2015,2021,153.0,17.0,0.1
1,ICMIN,PREGRADO,2016,2019,39.0,3.0,0.07142857142857142
1,ICMIN,PREGRADO,2016,2022,89.0,2.0,0.02197802197802198
1,ICMIN,PREGRADO,2017,2020,24.0,,
1,ICMIN,PREGRADO,2017,2023,87.0,13.0,0.13
1,ICMIN,PREGRADO,2018,2021,30.0,4.0,0.11764705882352941
1,ICMIN,PREGRADO,2018,2024,81.0,15.0,0.15625
1,ICMIN,PREGRADO,2019,2022,24.0,7.0,0.22580645161290322
1,ICMIN,PREGRADO,2019,2025,80.0,12.0,0.13043478260869565
1,ICMIN,PREGRADO,2020,2023,19.0,4.0,0.17391304347826086
1,ICMIN,PREGRADO,2020,2026,91.0,1.0,0.010869565217391304
1,ICMIN,PREGRADO,2021,2024,23.0,8.0,0.25806451612903225
1,ICMIN,PREGRADO,2021,2027,97.0,1.0,0.01020408163265306
1,ICMIN,PREGRADO,2022,2025,23.0,4.0,0.14814814814814814
1,ICMIN,PREGRADO,2022,2028,91.0,,
1,ICMIN,PREGRADO,2023,2026,24.0,,
1,ICMIN,PREGRADO,2023,2029,90.0,,
1,ICMIN,PREGRADO,2024,2027,21.0,,
1,ICMIN,PREGRADO,2024,2030,83.0,,
1,ICMIN,PREGRADO,2025,2028,21.0,,
1,ICMIN,PREGRADO,2025,2031,98.0,,
1,ICOBR,PREGRADO,2007,2008,1.0,,
1,ICOBR,PREGRADO,2007,2013,58.0,36.0,0.3829787234042553
1,ICOBR,PREGRADO,2008,2009,3.0,1.0,0.25
1,ICOBR,PREGRADO,2008,2014,68.0,32.0,0.32
1,ICOBR,PREGRADO,2009,2015,47.0,36.0,0.43373493975903615
1,ICOBR,PREGRADO,2010,2011,,2.0,
1,ICOBR,PREGRADO,2010,2016,73.0,28.0,0.27722772277227725
1,ICOBR,PREGRADO,2011,2012,3.0,,
1,ICOBR,PREGRADO,2011,2014,32.0,12.0,0.2727272727272727
1,ICOBR,PREGRADO,2011,2017,69.0,28.0,0.28865979381443296
1,ICOBR,PREGRADO,2012,2013,1.0,2.0,0.6666666666666666
1,ICOBR,PREGRADO,2012,2015,10.0,5.0,0.3333333333333333
1,ICOBR,PREGRADO,2012,2018,91.0,33.0,0.2661290322580645
1,ICOBR,PREGRADO,2013,2014,1.0,,
1,ICOBR,PREGRADO,2013,2016,14.0,6.0,0.3
1,ICOBR,PREGRADO,2013,2019,84.0,24.0,0.2222222222222222
1,ICOBR,PREGRADO,2014,2015,1.0,1.0,0.5
1,ICOBR,PREGRADO,2014,2017,,2.0,
1,ICOBR,PREGRADO,2014,2020,102.0,27.0,0.20930232558139536
1,ICOBR,PREGRADO,2015,2021,89.0,25.0,0.21929824561403508
1,ICOBR,PREGRADO,2016,2022,78.0,15.0,0.16129032258064516
1,ICOBR,PREGRADO,2017,2020,23.0,3.0,0.11538461538461539
1,ICOBR,PREGRADO,2017,2023,81.0,15.0,0.15625
1,ICOBR,PREGRADO,2018,2019,,1.0,
1,ICOBR,PREGRADO,2018,2021,16.0,3.0,0.15789473684210525
1,ICOBR,PREGRADO,2018,2024,76.0,22.0,0.22448979591836735
1,ICOBR,PREGRADO,2019,2022,3.0,6.0,0.6666666666666666
1,ICOBR,PREGRADO,2019,2025,79.0,14.0,0.15053763440860216
1,ICOBR,PREGRADO,2020,2023,11.0,10.0,0.47619047619047616
1,ICOBR,PREGRADO,2020,2026,92.0,13.0,0.12380952380952381
1,ICOBR,PREGRADO,2021,2024,16.0,11.0,0.4074074074074074
1,ICOBR,PREGRADO,2021,2027,102.0,,
1,ICOBR,PREGRADO,2022,2025,6.0,4.0,0.4
1,ICOBR,PREGRADO,2022,2028,89.0,,
1,ICOBR,PREGRADO,2023,2024,,1.0,
1,ICOBR,PREGRADO,2023,2026,18.0,2.0,0.1
1,ICOBR,PREGRADO,2023,2029,88.0,,
1,ICOBR,PREGRADO,2024,2027,12.0,1.0,0.07692307692307693
1,ICOBR,PREGRADO,2024,2030,83.0,,
1,ICOBR,PREGRADO,2025,2028,19.0,,
1,ICOBR,PREGRADO,2025,2029,5.0,,
1,ICOBR,PREGRADO,2025,2031,119.0,,
1,ICQUIM,PREGRADO,2007,2013,42.0,20.0,0.3225806451612903
1,ICQUIM,PREGRADO,2008,2014,55.0,15.0,0.21428571428571427
1,ICQUIM,PREGRADO,2009,2015,53.0,16.0,0.2318840579710145
1,ICQUIM,PREGRADO,2010,2016,53.0,24.0,0.3116883116883117
1,ICQUIM,PREGRADO,2011,2017,65.0,19.0,0.2261904761904762
1,ICQUIM,PREGRADO,2012,2018,100.0,15.0,0.13043478260869565
1,ICQUIM,PREGRADO,2013,2019,69.0,28.0,0.28865979381443296
1,ICQUIM,PREGRADO,2014,2015,,1.0,
1,ICQUIM,PREGRADO,2014,2020,86.0,18.0,0.17307692307692307
1,ICQUIM,PREGRADO,2015,2021,70.0,9.0,0.11392405063291139
1,ICQUIM,PREGRADO,2016,2022,54.0,10.0,0.15625
1,ICQUIM,PREGRADO,2017,2018,,2.0,
1,ICQUIM,PREGRADO,2017,2023,58.0,10.0,0.14705882352941177
1,ICQUIM,PREGRADO,2018,2019,,2.0,
1,ICQUIM,PREGRADO,2018,2024,55.0,16.0,0.22535211267605634
1,ICQUIM,PREGRADO,2019,2025,54.0,19.0,0.2602739726027397
1,ICQUIM,PREGRADO,2020,2026,58.0,9.0,0.13432835820895522
1,ICQUIM,PREGRADO,2021,2023,,7.0,
1,ICQUIM,PREGRADO,2021,2027,68.0,,
1,ICQUIM,PREGRADO,2022,2028,67.0,,
1,ICQUIM,PREGRADO,2023,2029,68.0,,
1,ICQUIM,PREGRADO,2023,2523,,1.0,
1,ICQUIM,PREGRADO,2024,2025,,1.0,
1,ICQUIM,PREGRADO,2024,2027,5.0,,
1,ICQUIM,PREGRADO,2024,2030,71.0,,
1,ICQUIM,PREGRADO,2025,2028,4.0,,
1,ICQUIM,PREGRADO,2025,2031,81.0,,
1,ICTEL,PREGRADO,2020,2026,39.0,2.0,0.04878048780487805
1,ICTEL,PREGRADO,2021,2027,24.0,,
1,ICTEL,PREGRADO,2022,2028,13.0,,
1,ICTEL,PREGRADO,2023,2029,45.0,,
1,ICTEL,PREGRADO,2024,2030,45.0,,
1,ICTEL,PREGRADO,2025,2031,59.0,,
1,IEAMB,PREGRADO,2007,2010,14.0,1.0,0.06666666666666667
1,IEAMB,PREGRADO,2008,2010,1.0,4.0,0.8
1,IEAMB,PREGRADO,2008,2011,12.0,,
1,IEAMB,PREGRADO,2008,2012,,1.0,
1,IEAMB,PREGRADO,2009,2011,1.0,,
1,IEAMB,PREGRADO,2009,2012,7.0,8.0,0.5333333333333333
1,IEAMB,PREGRADO,2010,2012,,5.0,
1,IEAMB,PREGRADO,2010,2013,10.0,4.0,0.2857142857142857
1,IEAMB,PREGRADO,2011,2014,10.0,5.0,0.3333333333333333
1,IEAMB,PREGRADO,2012,2014,1.0,2.0,0.6666666666666666
1,IEAMB,PREGRADO,2012,2015,4.0,2.0,0.3333333333333333
1,IEAMB,PREGRADO,2013,2015,,2.0,
1,IEAMB,PREGRADO,2013,2016,9.0,,
1,IEAMB,PREGRADO,2014,2016,,1.0,
1,IEAMB,PREGRADO,2014,2017,4.0,,
1,IEAMB,PREGRADO,2015,2017,1.0,2.0,0.6666666666666666
1,IEAMB,PREGRADO,2015,2018,12.0,3.0,0.2
1,IEAMB,PREGRADO,2016,2019,22.0,3.0,0.12
1,IEAMB,PREGRADO,2017,2020,10.0,6.0,0.375
1,IEAMB,PREGRADO,2018,2020,2.0,,
1,IEAMB,PREGRADO,2018,2021,15.0,3.0,0.16666666666666666
1,IEAMB,PREGRADO,2019,2022,6.0,3.0,0.3333333333333333
1,IEAMB,PREGRADO,2020,2023,5.0,7.0,0.5833333333333334
1,IEAMB,PREGRADO,2021,2024,7.0,3.0,0.3
1,IEAMB,PREGRADO,2022,2025,,5.0,
1,IEAMB,PREGRADO,2023,2026,6.0,,
1,IEAMB,PREGRADO,2024,2027,8.0,,
1,IEAMB,PREGRADO,2025,2028,7.0,,
1,IECLIM,PREGRADO,2007,2011,45.0,,
1,IECLIM,PREGRADO,2008,2012,52.0,,
1,IECLIM,PREGRADO,2009,2013,49.0,3.0,0.057692307692307696
1,IECLIM,PREGRADO,2010,2014,45.0,2.0,0.0425531914893617
1,IECLIM,PREGRADO,2011,2015,46.0,1.0,0.02127659574468085
1,IECLIM,PREGRADO,2012,2016,61.0,1.0,0.016129032258064516
1,IECLIM,PREGRADO,2013,2016,3.0,1.0,0.25
1,IECLIM,PREGRADO,2013,2017,57.0,1.0,0.017241379310344827
1,IECLIM,PREGRADO,2014,2018,63.0,,
1,IECLIM,PREGRADO,2015,2019,57.0,,
1,IECLIM,PREGRADO,2016,2019,,1.0,
1,IECLIM,PREGRADO,2016,2020,39.0,,
1,IECLIM,PREGRADO,2017,2021,61.0,,
1,IECLIM,PREGRADO,2018,2022,60.0,1.0,0.01639344262295082
1,IECLIM,PREGRADO,2019,2023,29.0,,
1,IECLIM,PREGRADO,2020,2024,6.0,,
1,IECLIM,PREGRADO,2021,2025,9.0,1.0,0.1
1,IECLIM,PREGRADO,2022,2026,10.0,,
1,IECLIM,PREGRADO,2023,2027,11.0,,
1,IECLIM,PREGRADO,2024,2028,12.0,,
1,IECLIM,PREGRADO,2025,2028,1.0,,
1,IECLIM,PREGRADO,2025,2029,19.0,,
1,IEELEC,PREGRADO,2007,2008,8.0,5.0,0.38461538461538464
1,IEELEC,PREGRADO,2007,2010,55.0,15.0,0.21428571428571427
1,IEELEC,PREGRADO,2007,2011,75.0,7.0,0.08536585365853659
1,IEELEC,PREGRADO,2008,2009,6.0,8.0,0.5714285714285714
1,IEELEC,PREGRADO,2008,2011,44.0,8.0,0.15384615384615385
1,IEELEC,PREGRADO,2008,2012,93.0,6.0,0.06060606060606061
1,IEELEC,PREGRADO,2009,2010,16.0,10.0,0.38461538461538464
1,IEELEC,PREGRADO,2009,2012,89.0,4.0,0.043010752688172046
1,IEELEC,PREGRADO,2009,2013,95.0,8.0,0.07766990291262135
1,IEELEC,PREGRADO,2010,2011,7.0,15.0,0.6818181818181818
1,IEELEC,PREGRADO,2010,2013,90.0,12.0,0.11764705882352941
1,IEELEC,PREGRADO,2010,2014,85.0,7.0,0.07608695652173914
1,IEELEC,PREGRADO,2011,2012,15.0,6.0,0.2857142857142857
1,IEELEC,PREGRADO,2011,2014,61.0,10.0,0.14084507042253522
1,IEELEC,PREGRADO,2011,2015,86.0,6.0,0.06521739130434782
1,IEELEC,PREGRADO,2012,2013,11.0,5.0,0.3125
1,IEELEC,PREGRADO,2012,2015,70.0,24.0,0.2553191489361702
1,IEELEC,PREGRADO,2012,2016,112.0,2.0,0.017543859649122806
1,IEELEC,PREGRADO,2013,2014,6.0,2.0,0.25
1,IEELEC,PREGRADO,2013,2016,66.0,28.0,0.2978723404255319
1,IEELEC,PREGRADO,2013,2017,93.0,11.0,0.10576923076923077
1,IEELEC,PREGRADO,2014,2015,4.0,8.0,0.6666666666666666
1,IEELEC,PREGRADO,2014,2017,81.0,38.0,0.31932773109243695
1,IEELEC,PREGRADO,2014,2018,107.0,8.0,0.06956521739130435
1,IEELEC,PREGRADO,2015,2016,6.0,3.0,0.3333333333333333
1,IEELEC,PREGRADO,2015,2018,91.0,24.0,0.20869565217391303
1,IEELEC,PREGRADO,2015,2019,94.0,5.0,0.050505050505050504
1,IEELEC,PREGRADO,2016,2017,4.0,9.0,0.6923076923076923
1,IEELEC,PREGRADO,2016,2019,103.0,26.0,0.20155038759689922
1,IEELEC,PREGRADO,2016,2020,75.0,1.0,0.013157894736842105
1,IEELEC,PREGRADO,2017,2018,2.0,3.0,0.6
1,IEELEC,PREGRADO,2017,2020,68.0,15.0,0.18072289156626506
1,IEELEC,PREGRADO,2017,2021,76.0,6.0,0.07317073170731707
1,IEELEC,PREGRADO,2018,2021,60.0,16.0,0.21052631578947367
1,IEELEC,PREGRADO,2018,2022,81.0,2.0,0.024096385542168676
1,IEELEC,PREGRADO,2019,2020,9.0,3.0,0.25
1,IEELEC,PREGRADO,2019,2022,56.0,25.0,0.30864197530864196
1,IEELEC,PREGRADO,2019,2023,88.0,8.0,0.08333333333333333
1,IEELEC,PREGRADO,2020,2021,30.0,22.0,0.4230769230769231
1,IEELEC,PREGRADO,2020,2023,42.0,12.0,0.2222222222222222
1,IEELEC,PREGRADO,2020,2024,70.0,11.0,0.13580246913580246
1,IEELEC,PREGRADO,2021,2022,8.0,4.0,0.3333333333333333
1,IEELEC,PREGRADO,2021,2024,86.0,41.0,0.3228346456692913
1,IEELEC,PREGRADO,2021,2025,72.0,2.0,0.02702702702702703
1,IEELEC,PREGRADO,2022,2023,5.0,2.0,0.2857142857142857
1,IEELEC,PREGRADO,2022,2025,75.0,14.0,0.15730337078651685
1,IEELEC,PREGRADO,2022,2026,58.0,,
1,IEELEC,PREGRADO,2023,2024,10.0,1.0,0.09090909090909091
1,IEELEC,PREGRADO,2023,2026,58.0,7.0,0.1076923076923077
1,IEELEC,PREGRADO,2023,2027,58.0,,
1,IEELEC,PREGRADO,2024,2025,13.0,3.0,0.1875
1,IEELEC,PREGRADO,2024,2027,70.0,1.0,0.014084507042253521
1,IEELEC,PREGRADO,2024,2028,65.0,,
1,IEELEC,PREGRADO,2024,2524,1.0,,
1,IEELEC,PREGRADO,2025,2026,7.0,,
1,IEELEC,PREGRADO,2025,2028,59.0,,
1,IEELEC,PREGRADO,2025,2029,66.0,,
1,IEESTRUC,PREGRADO,2019,2024,1.0,,
1,IEGEOM,PREGRADO,2007,2010,17.0,7.0,0.2916666666666667
1,IEGEOM,PREGRADO,2007,2011,47.0,,
1,IEGEOM,PREGRADO,2008,2009,1.0,12.0,0.9230769230769231
1,IEGEOM,PREGRADO,2008,2011,17.0,4.0,0.19047619047619047
1,IEGEOM,PREGRADO,2008,2012,46.0,3.0,0.061224489795918366
1,IEGEOM,PREGRADO,2009,2012,11.0,4.0,0.26666666666666666
1,IEGEOM,PREGRADO,2009,2013,33.0,17.0,0.34
1,IEGEOM,PREGRADO,2010,2011,,6.0,
1,IEGEOM,PREGRADO,2010,2013,17.0,1.0,0.05555555555555555
1,IEGEOM,PREGRADO,2010,2014,44.0,7.0,0.13725490196078433
1,IEGEOM,PREGRADO,2011,2014,8.0,1.0,0.1111111111111111
1,IEGEOM,PREGRADO,2011,2015,44.0,2.0,0.043478260869565216
1,IEGEOM,PREGRADO,2012,2013,4.0,,
1,IEGEOM,PREGRADO,2012,2015,6.0,3.0,0.3333333333333333
1,IEGEOM,PREGRADO,2012,2016,53.0,4.0,0.07017543859649122
1,IEGEOM,PREGRADO,2013,2014,4.0,4.0,0.5
1,IEGEOM,PREGRADO,2013,2016,20.0,2.0,0.09090909090909091
1,IEGEOM,PREGRADO,2013,2017,55.0,3.0,0.05172413793103448
1,IEGEOM,PREGRADO,2014,2015,,3.0,
1,IEGEOM,PREGRADO,2014,2017,9.0,2.0,0.18181818181818182
1,IEGEOM,PREGRADO,2014,2018,48.0,1.0,0.02040816326530612
1,IEGEOM,PREGRADO,2015,2016,4.0,1.0,0.2
1,IEGEOM,PREGRADO,2015,2018,7.0,2.0,0.2222222222222222
1,IEGEOM,PREGRADO,2015,2019,49.0,1.0,0.02
1,IEGEOM,PREGRADO,2016,2017,1.0,2.0,0.6666666666666666
1,IEGEOM,PREGRADO,2016,2019,7.0,1.0,0.125
1,IEGEOM,PREGRADO,2016,2020,48.0,,
1,IEGEOM,PREGRADO,2017,2020,8.0,,
1,IEGEOM,PREGRADO,2017,2021,48.0,,
1,IEGEOM,PREGRADO,2018,2019,2.0,,
1,IEGEOM,PREGRADO,2018,2021,16.0,2.0,0.1111111111111111
1,IEGEOM,PREGRADO,2018,2022,43.0,2.0,0.044444444444444446
1,IEGEOM,PREGRADO,2019,2022,17.0,2.0,0.10526315789473684
1,IEGEOM,PREGRADO,2019,2023,50.0,,
1,IEGEOM,PREGRADO,2020,2021,1.0,,
1,IEGEOM,PREGRADO,2020,2023,11.0,1.0,0.08333333333333333
1,IEGEOM,PREGRADO,2020,2024,14.0,1.0,0.06666666666666667
1,IEGEOM,PREGRADO,2021,2024,11.0,5.0,0.3125
1,IEGEOM,PREGRADO,2021,2025,10.0,,
1,IEGEOM,PREGRADO,2022,2025,4.0,3.0,0.42857142857142855
1,IEGEOM,PREGRADO,2023,2026,5.0,1.0,0.16666666666666666
1,IEGEOM,PREGRADO,2024,2027,4.0,,
1,IEGEOM,PREGRADO,2025,2028,6.0,,
1,IEIND,PREGRADO,2007,2011,125.0,45.0,0.2647058823529412
1,IEIND,PREGRADO,2008,2012,126.0,82.0,0.3942307692307692
1,IEIND,PREGRADO,2009,2013,134.0,64.0,0.32323232323232326
1,IEIND,PREGRADO,2010,2014,103.0,68.0,0.39766081871345027
1,IEIND,PREGRADO,2011,2015,114.0,52.0,0.3132530120481928
1,IEIND,PREGRADO,2012,2016,126.0,40.0,0.24096385542168675
1,IEIND,PREGRADO,2013,2017,128.0,62.0,0.3263157894736842
1,IEIND,PREGRADO,2014,2018,141.0,59.0,0.295
1,IEIND,PREGRADO,2015,2019,139.0,52.0,0.27225130890052357
1,IEIND,PREGRADO,2016,2020,122.0,32.0,0.2077922077922078
1,IEIND,PREGRADO,2017,2021,113.0,40.0,0.26143790849673204
1,IEIND,PREGRADO,2018,2022,128.0,51.0,0.2849162011173184
1,IEIND,PREGRADO,2019,2023,107.0,56.0,0.34355828220858897
1,IEIND,PREGRADO,2020,2024,87.0,52.0,0.37410071942446044
1,IEIND,PREGRADO,2021,2025,164.0,23.0,0.12299465240641712
1,IEIND,PREGRADO,2022,2026,139.0,10.0,0.06711409395973154
1,IEIND,PREGRADO,2023,2027,182.0,3.0,0.016216216216216217
1,IEIND,PREGRADO,2024,2028,141.0,,
1,IEIND,PREGRADO,2025,2029,130.0,1.0,0.007633587786259542
1,IEINF,PREGRADO,2007,2011,62.0,13.0,0.17333333333333334
1,IEINF,PREGRADO,2008,2012,77.0,20.0,0.20618556701030927
1,IEINF,PREGRADO,2009,2010,38.0,25.0,0.3968253968253968
1,IEINF,PREGRADO,2009,2013,99.0,18.0,0.15384615384615385
1,IEINF,PREGRADO,2010,2014,55.0,15.0,0.21428571428571427
1,IEINF,PREGRADO,2011,2015,86.0,10.0,0.10416666666666667
1,IEINF,PREGRADO,2012,2013,37.0,6.0,0.13953488372093023
1,IEINF,PREGRADO,2012,2016,93.0,11.0,0.10576923076923077
1,IEINF,PREGRADO,2013,2017,89.0,12.0,0.1188118811881188
1,IEINF,PREGRADO,2014,2018,85.0,11.0,0.11458333333333333
1,IEINF,PREGRADO,2015,2016,29.0,21.0,0.42
1,IEINF,PREGRADO,2015,2019,72.0,15.0,0.1724137931034483
1,IEINF,PREGRADO,2016,2020,61.0,3.0,0.046875
1,IEINF,PREGRADO,2017,2021,68.0,3.0,0.04225352112676056
1,IEINF,PREGRADO,2018,2022,87.0,11.0,0.11224489795918367
1,IEINF,PREGRADO,2019,2023,71.0,16.0,0.1839080459770115
1,IEINF,PREGRADO,2020,2024,73.0,8.0,0.09876543209876543
1,IEINF,PREGRADO,2021,2025,86.0,12.0,0.12244897959183673
1,IEINF,PREGRADO,2022,2026,83.0,,
1,IEINF,PREGRADO,2023,2024,7.0,24.0,0.7741935483870968
1,IEINF,PREGRADO,2023,2027,81.0,,
1,IEINF,PREGRADO,2024,2028,78.0,,
1,IEINF,PREGRADO,2025,2029,84.0,,
1,IEMEC,PREGRADO,2007,2011,100.0,25.0,0.2
1,IEMEC,PREGRADO,2008,2012,102.0,18.0,0.15
1,IEMEC,PREGRADO,2009,2013,106.0,27.0,0.20300751879699247
1,IEMEC,PREGRADO,2010,2014,117.0,24.0,0.1702127659574468
1,IEMEC,PREGRADO,2011,2015,117.0,20.0,0.145985401459854
1,IEMEC,PREGRADO,2012,2016,123.0,30.0,0.19607843137254902
1,IEMEC,PREGRADO,2013,2017,113.0,32.0,0.2206896551724138
1,IEMEC,PREGRADO,2014,2018,123.0,48.0,0.2807017543859649
1,IEMEC,PREGRADO,2015,2019,108.0,31.0,0.22302158273381295
1,IEMEC,PREGRADO,2016,2020,71.0,15.0,0.1744186046511628
1,IEMEC,PREGRADO,2017,2021,86.0,14.0,0.14
1,IEMEC,PREGRADO,2018,2022,73.0,15.0,0.17045454545454544
1,IEMEC,PREGRADO,2019,2023,84.0,27.0,0.24324324324324326
1,IEMEC,PREGRADO,2020,2024,64.0,10.0,0.13513513513513514
1,IEMEC,PREGRADO,2021,2025,40.0,7.0,0.14893617021276595
1,IEMEC,PREGRADO,2022,2026,49.0,4.0,0.07547169811320754
1,IEMEC,PREGRADO,2023,2027,58.0,,
1,IEMEC,PREGRADO,2024,2028,64.0,1.0,0.015384615384615385
1,IEMEC,PREGRADO,2025,2029,69.0,,
1,IEMET,PREGRADO,2007,2011,57.0,2.0,0.03389830508474576
1,IEMET,PREGRADO,2008,2012,47.0,12.0,0.2033898305084746
1,IEMET,PREGRADO,2009,2013,52.0,2.0,0.037037037037037035
1,IEMET,PREGRADO,2010,2014,43.0,3.0,0.06521739130434782
1,IEMET,PREGRADO,2011,2015,49.0,5.0,0.09259259259259259
1,IEMET,PREGRADO,2012,2016,58.0,3.0,0.04918032786885246
1,IEMET,PREGRADO,2013,2017,58.0,7.0,0.1076923076923077
1,IEMET,PREGRADO,2014,2018,60.0,5.0,0.07692307692307693
1,IEMET,PREGRADO,2015,2019,52.0,9.0,0.14754098360655737
1,IEMET,PREGRADO,2016,2020,45.0,1.0,0.021739130434782608
1,IEMET,PREGRADO,2017,2021,48.0,2.0,0.04
1,IEMET,PREGRADO,2018,2022,47.0,,
1,IEMET,PREGRADO,2019,2023,28.0,,
1,IEMET,PREGRADO,2020,2024,19.0,,
1,IEMET,PREGRADO,2021,2025,14.0,,
1,IEMET,PREGRADO,2022,2026,12.0,,
1,IEMET,PREGRADO,2023,2027,30.0,,
1,IEMET,PREGRADO,2024,2028,32.0,,
1,IEMET,PREGRADO,2025,2029,34.0,,
1,IEMIN,PREGRADO,2007,2011,90.0,7.0,0.07216494845360824
1,IEMIN,PREGRADO,2008,2012,74.0,7.0,0.08641975308641975
1,IEMIN,PREGRADO,2009,2013,83.0,4.0,0.04597701149425287
1,IEMIN,PREGRADO,2010,2014,81.0,5.0,0.05813953488372093
1,IEMIN,PREGRADO,2011,2015,66.0,4.0,0.05714285714285714
1,IEMIN,PREGRADO,2012,2016,91.0,2.0,0.021505376344086023
1,IEMIN,PREGRADO,2013,2017,90.0,4.0,0.0425531914893617
1,IEMIN,PREGRADO,2014,2018,103.0,5.0,0.046296296296296294
1,IEMIN,PREGRADO,2015,2019,89.0,2.0,0.02197802197802198
1,IEMIN,PREGRADO,2016,2020,72.0,,
1,IEMIN,PREGRADO,2017,2021,61.0,,
1,IEMIN,PREGRADO,2018,2022,64.0,,
1,IEMIN,PREGRADO,2019,2023,66.0,1.0,0.014925373134328358
1,IEMIN,PREGRADO,2020,2024,48.0,,
1,IEMIN,PREGRADO,2021,2025,54.0,,
1,IEMIN,PREGRADO,2022,2026,37.0,,
1,IEMIN,PREGRADO,2023,2027,57.0,1.0,0.017241379310344827
1,IEMIN,PREGRADO,2024,2028,57.0,,
1,IEMIN,PREGRADO,2025,2029,71.0,,
1,IEQUIM,PREGRADO,2007,2011,41.0,9.0,0.18
1,IEQUIM,PREGRADO,2008,2010,3.0,4.0,0.5714285714285714
1,IEQUIM,PREGRADO,2008,2011,6.0,,
1,IEQUIM,PREGRADO,2008,2012,54.0,6.0,0.1
1,IEQUIM,PREGRADO,2009,2011,1.0,4.0,0.8
1,IEQUIM,PREGRADO,2009,2012,20.0,3.0,0.13043478260869565
1,IEQUIM,PREGRADO,2009,2013,50.0,12.0,0.1935483870967742
1,IEQUIM,PREGRADO,2010,2012,5.0,6.0,0.5454545454545454
1,IEQUIM,PREGRADO,2010,2013,18.0,7.0,0.28
1,IEQUIM,PREGRADO,2010,2014,53.0,14.0,0.208955223880597
1,IEQUIM,PREGRADO,2011,2013,4.0,,
1,IEQUIM,PREGRADO,2011,2014,26.0,2.0,0.07142857142857142
1,IEQUIM,PREGRADO,2011,2015,59.0,1.0,0.016666666666666666
1,IEQUIM,PREGRADO,2012,2014,1.0,1.0,0.5
1,IEQUIM,PREGRADO,2012,2015,28.0,5.0,0.15151515151515152
1,IEQUIM,PREGRADO,2012,2016,76.0,9.0,0.10588235294117647
1,IEQUIM,PREGRADO,2013,2015,1.0,3.0,0.75
1,IEQUIM,PREGRADO,2013,2016,17.0,2.0,0.10526315789473684
1,IEQUIM,PREGRADO,2013,2017,58.0,2.0,0.03333333333333333
1,IEQUIM,PREGRADO,2014,2016,,4.0,
1,IEQUIM,PREGRADO,2014,2017,18.0,2.0,0.1
1,IEQUIM,PREGRADO,2014,2018,64.0,23.0,0.26436781609195403
1,IEQUIM,PREGRADO,2015,2017,,3.0,
1,IEQUIM,PREGRADO,2015,2018,19.0,4.0,0.17391304347826086
1,IEQUIM,PREGRADO,2015,2019,60.0,4.0,0.0625
1,IEQUIM,PREGRADO,2016,2018,1.0,3.0,0.75
1,IEQUIM,PREGRADO,2016,2019,15.0,5.0,0.25
1,IEQUIM,PREGRADO,2016,2020,47.0,,
1,IEQUIM,PREGRADO,2017,2020,17.0,2.0,0.10526315789473684
1,IEQUIM,PREGRADO,2017,2021,49.0,3.0,0.057692307692307696
1,IEQUIM,PREGRADO,2018,2020,1.0,1.0,0.5
1,IEQUIM,PREGRADO,2018,2021,6.0,5.0,0.45454545454545453
1,IEQUIM,PREGRADO,2018,2022,49.0,1.0,0.02
1,IEQUIM,PREGRADO,2019,2022,15.0,11.0,0.4230769230769231
1,IEQUIM,PREGRADO,2019,2023,54.0,,
1,IEQUIM,PREGRADO,2020,2023,19.0,,
1,IEQUIM,PREGRADO,2020,2024,43.0,3.0,0.06521739130434782
1,IEQUIM,PREGRADO,2021,2024,13.0,13.0,0.5
1,IEQUIM,PREGRADO,2021,2025,18.0,1.0,0.05263157894736842
1,IEQUIM,PREGRADO,2022,2025,8.0,4.0,0.3333333333333333
1,IEQUIM,PREGRADO,2022,2026,14.0,,
1,IEQUIM,PREGRADO,2023,2026,12.0,4.0,0.25
1,IEQUIM,PREGRADO,2023,2027,15.0,,
1,IEQUIM,PREGRADO,2023,2523,,1.0,
1,IEQUIM,PREGRADO,2024,2027,11.0,,
1,IEQUIM,PREGRADO,2024,2028,24.0,,
1,IEQUIM,PREGRADO,2024,2524,1.0,1.0,0.5
1,IEQUIM,PREGRADO,2025,2028,7.0,,
1,IEQUIM,PREGRADO,2025,2029,37.0,,
1,INGAGRO,PREGRADO,2007,2012,49.0,1.0,0.02
1,INGAGRO,PREGRADO,2008,2013,50.0,2.0,0.038461538461538464
1,INGAGRO,PREGRADO,2009,2014,46.0,9.0,0.16363636363636364
1,INGAGRO,PREGRADO,2010,2015,51.0,5.0,0.08928571428571429
1,INGAGRO,PREGRADO,2011,2016,38.0,23.0,0.3770491803278688
1,INGAGRO,PREGRADO,2012,2017,17.0,9.0,0.34615384615384615
1,INGAGRO,PREGRADO,2013,2018,39.0,16.0,0.2909090909090909
1,INGAGRO,PREGRADO,2014,2019,63.0,7.0,0.1
1,INGAGRO,PREGRADO,2015,2020,55.0,9.0,0.140625
1,INGAGRO,PREGRADO,2016,2021,36.0,,
1,INGAGRO,PREGRADO,2017,2022,28.0,3.0,0.0967741935483871
1,INGAGRO,PREGRADO,2018,2023,34.0,5.0,0.1282051282051282
1,INGAGRO,PREGRADO,2019,2024,19.0,7.0,0.2692307692307692
1,INGAGRO,PREGRADO,2020,2025,32.0,8.0,0.2
1,INGAGRO,PREGRADO,2021,2026,24.0,,
1,INGAGRO,PREGRADO,2022,2027,22.0,,
1,INGAGRO,PREGRADO,2023,2028,26.0,,
1,INGAGRO,PREGRADO,2024,2029,21.0,,
1,INGAGRO,PREGRADO,2025,2030,25.0,,
1,INGAL,PREGRADO,2007,2012,23.0,18.0,0.43902439024390244
1,INGAL,PREGRADO,2008,2013,29.0,15.0,0.3409090909090909
1,INGAL,PREGRADO,2009,2014,28.0,16.0,0.36363636363636365
1,INGAL,PREGRADO,2010,2015,37.0,12.0,0.24489795918367346
1,INGAL,PREGRADO,2011,2016,40.0,4.0,0.09090909090909091
1,INGAL,PREGRADO,2012,2017,19.0,6.0,0.24
1,INGAL,PREGRADO,2013,2018,60.0,7.0,0.1044776119402985
1,INGAL,PREGRADO,2014,2019,49.0,4.0,0.07547169811320754
1,INGAL,PREGRADO,2015,2020,51.0,4.0,0.07272727272727272
1,INGAL,PREGRADO,2016,2021,36.0,2.0,0.05263157894736842
1,INGAL,PREGRADO,2017,2022,24.0,11.0,0.3142857142857143
1,INGAL,PREGRADO,2018,2023,25.0,15.0,0.375
1,INGAL,PREGRADO,2019,2024,34.0,8.0,0.19047619047619047
1,INGAL,PREGRADO,2020,2025,42.0,5.0,0.10638297872340426
1,INGAL,PREGRADO,2021,2026,27.0,,
1,INGAL,PREGRADO,2022,2027,21.0,,
1,INGAL,PREGRADO,2023,2028,31.0,,
1,INGAL,PREGRADO,2024,2029,22.0,,
1,INGAL,PREGRADO,2025,2030,41.0,,
1,INGAMB,PREGRADO,2007,2012,35.0,,
1,INGAMB,PREGRADO,2008,2013,45.0,1.0,0.021739130434782608
1,INGAMB,PREGRADO,2009,2014,41.0,1.0,0.023809523809523808
1,INGAMB,PREGRADO,2010,2015,42.0,1.0,0.023255813953488372
1,INGAMB,PREGRADO,2011,2016,37.0,10.0,0.2127659574468085
1,INGAMB,PREGRADO,2012,2017,53.0,5.0,0.08620689655172414
1,INGAMB,PREGRADO,2013,2018,45.0,8.0,0.1509433962264151
1,INGAMB,PREGRADO,2014,2019,55.0,7.0,0.11290322580645161
1,INGAMB,PREGRADO,2015,2020,50.0,1.0,0.0196078431372549
1,INGAMB,PREGRADO,2016,2021,50.0,,
1,INGAMB,PREGRADO,2017,2022,44.0,5.0,0.10204081632653061
1,INGAMB,PREGRADO,2018,2019,1.0,,
1,INGAMB,PREGRADO,2018,2023,50.0,3.0,0.05660377358490566
1,INGAMB,PREGRADO,2019,2024,59.0,3.0,0.04838709677419355
1,INGAMB,PREGRADO,2020,2025,,1.0,
1,INGBIO,PREGRADO,2007,2012,31.0,8.0,0.20512820512820512
1,INGBIO,PREGRADO,2008,2013,40.0,9.0,0.1836734693877551
1,INGBIO,PREGRADO,2009,2014,34.0,11.0,0.24444444444444444
1,INGBIO,PREGRADO,2010,2015,55.0,4.0,0.06779661016949153
1,INGBIO,PREGRADO,2011,2016,49.0,3.0,0.057692307692307696
1,INGBIO,PREGRADO,2012,2017,82.0,5.0,0.05747126436781609
1,INGBIO,PREGRADO,2013,2018,59.0,2.0,0.03278688524590164
1,INGBIO,PREGRADO,2014,2019,62.0,4.0,0.06060606060606061
1,INGBIO,PREGRADO,2015,2020,61.0,5.0,0.07575757575757576
1,INGBIO,PREGRADO,2016,2021,43.0,5.0,0.10416666666666667
1,INGBIO,PREGRADO,2017,2022,47.0,,
1,INGBIO,PREGRADO,2018,2023,49.0,,
1,INGBIO,PREGRADO,2019,2024,51.0,6.0,0.10526315789473684
1,INGCO,PREGRADO,2007,2010,17.0,6.0,0.2608695652173913
1,INGCO,PREGRADO,2007,2012,45.0,115.0,0.71875
1,INGCO,PREGRADO,2008,2011,19.0,3.0,0.13636363636363635
1,INGCO,PREGRADO,2008,2013,60.0,121.0,0.6685082872928176
1,INGCO,PREGRADO,2009,2012,16.0,6.0,0.2727272727272727
1,INGCO,PREGRADO,2009,2014,50.0,151.0,0.7512437810945274
1,INGCO,PREGRADO,2010,2013,15.0,6.0,0.2857142857142857
1,INGCO,PREGRADO,2010,2015,53.0,162.0,0.7534883720930232
1,INGCO,PREGRADO,2011,2014,9.0,4.0,0.3076923076923077
1,INGCO,PREGRADO,2011,2016,69.0,121.0,0.6368421052631579
1,INGCO,PREGRADO,2012,2015,12.0,13.0,0.52
1,INGCO,PREGRADO,2012,2017,51.0,149.0,0.745
1,INGCO,PREGRADO,2013,2016,15.0,20.0,0.5714285714285714
1,INGCO,PREGRADO,2013,2018,119.0,65.0,0.3532608695652174
1,INGCO,PREGRADO,2014,2019,170.0,64.0,0.27350427350427353
1,INGCO,PREGRADO,2015,2020,181.0,158.0,0.46607669616519176
1,INGCO,PREGRADO,2016,2021,212.0,166.0,0.43915343915343913
1,INGCO,PREGRADO,2017,2022,207.0,144.0,0.41025641025641024
1,INGCO,PREGRADO,2018,2023,148.0,271.0,0.6467780429594272
1,INGCO,PREGRADO,2019,2024,179.0,283.0,0.6125541125541125
1,INGCO,PREGRADO,2020,2025,189.0,314.0,0.6242544731610338
1,INGCO,PREGRADO,2021,2026,455.0,77.0,0.14473684210526316
1,INGCO,PREGRADO,2022,2027,438.0,49.0,0.10061601642710473
1,INGCO,PREGRADO,2023,2028,466.0,10.0,0.02100840336134454
1,INGCO,PREGRADO,2024,2029,424.0,1.0,0.002352941176470588
1,INGCO,PREGRADO,2025,2028,36.0,,
1,INGCO,PREGRADO,2025,2029,62.0,,
1,INGCO,PREGRADO,2025,2030,372.0,,
1,INGCO,PREGRADO,2025,2525,1.0,,
1,INGEST,PREGRADO,2007,2012,28.0,7.0,0.2
1,INGEST,PREGRADO,2008,2013,28.0,9.0,0.24324324324324326
1,INGEST,PREGRADO,2009,2014,21.0,15.0,0.4166666666666667
1,INGEST,PREGRADO,2010,2015,26.0,11.0,0.2972972972972973
1,INGEST,PREGRADO,2011,2016,26.0,13.0,0.3333333333333333
1,INGEST,PREGRADO,2012,2017,32.0,10.0,0.23809523809523808
1,INGEST,PREGRADO,2013,2018,29.0,18.0,0.3829787234042553
1,INGEST,PREGRADO,2014,2019,33.0,22.0,0.4
1,INGEST,PREGRADO,2015,2020,32.0,12.0,0.2727272727272727
1,INGEST,PREGRADO,2016,2021,45.0,4.0,0.08163265306122448
1,INGEST,PREGRADO,2017,2022,33.0,10.0,0.23255813953488372
1,INGEST,PREGRADO,2018,2023,47.0,3.0,0.06
1,INGEST,PREGRADO,2019,2024,42.0,5.0,0.10638297872340426
1,INGEST,PREGRADO,2020,2025,42.0,3.0,0.06666666666666667
1,INGEST,PREGRADO,2021,2026,38.0,,
1,INGEST,PREGRADO,2022,2027,43.0,,
1,INGEST,PREGRADO,2023,2028,26.0,,
1,INGEST,PREGRADO,2024,2029,35.0,,
1,INGEST,PREGRADO,2025,2030,40.0,,
1,INGFI,PREGRADO,2007,2013,56.0,,
1,INGFI,PREGRADO,2008,2014,48.0,6.0,0.1111111111111111
1,INGFI,PREGRADO,2009,2015,35.0,8.0,0.18604651162790697
1,INGFI,PREGRADO,2010,2016,43.0,1.0,0.022727272727272728
1,INGFI,PREGRADO,2011,2017,48.0,3.0,0.058823529411764705
1,INGFI,PREGRADO,2012,2018,46.0,1.0,0.02127659574468085
1,INGFI,PREGRADO,2013,2019,36.0,,
1,INGFI,PREGRADO,2014,2020,48.0,,
1,INGFI,PREGRADO,2015,2021,47.0,1.0,0.020833333333333332
1,INGFI,PREGRADO,2016,2022,44.0,2.0,0.043478260869565216
1,INGFI,PREGRADO,2017,2023,45.0,3.0,0.0625
1,INGFI,PREGRADO,2018,2024,45.0,8.0,0.1509433962264151
1,INGFI,PREGRADO,2019,2025,55.0,8.0,0.12698412698412698
1,INGFI,PREGRADO,2020,2026,59.0,,
1,INGFI,PREGRADO,2021,2027,64.0,,
1,INGFI,PREGRADO,2022,2028,62.0,,
1,INGFI,PREGRADO,2023,2029,45.0,,
1,INGFI,PREGRADO,2024,2030,43.0,,
1,INGFI,PREGRADO,2025,2031,43.0,,
1,INGMA,PREGRADO,2007,2013,58.0,1.0,0.01694915254237288
1,INGMA,PREGRADO,2008,2014,40.0,4.0,0.09090909090909091
1,INGMA,PREGRADO,2009,2015,44.0,1.0,0.022222222222222223
1,INGMA,PREGRADO,2010,2016,40.0,1.0,0.024390243902439025
1,INGMA,PREGRADO,2011,2017,44.0,,
1,INGMA,PREGRADO,2012,2018,34.0,2.0,0.05555555555555555
1,INGMA,PREGRADO,2013,2019,42.0,1.0,0.023255813953488372
1,INGMA,PREGRADO,2014,2020,41.0,,
1,INGMA,PREGRADO,2015,2021,39.0,1.0,0.025
1,INGMA,PREGRADO,2016,2022,35.0,,
1,INGMA,PREGRADO,2017,2023,38.0,1.0,0.02564102564102564
1,INGMA,PREGRADO,2018,2019,17.0,2.0,0.10526315789473684
1,INGMA,PREGRADO,2018,2024,44.0,5.0,0.10204081632653061
1,INGMA,PREGRADO,2019,2025,43.0,2.0,0.044444444444444446
1,INGMA,PREGRADO,2020,2026,52.0,,
1,INGMA,PREGRADO,2021,2027,45.0,,
1,INGMA,PREGRADO,2022,2028,28.0,,
1,INGMA,PREGRADO,2023,2029,39.0,,
1,INGMA,PREGRADO,2024,2030,39.0,,
1,INGMA,PREGRADO,2025,2031,46.0,,
1,KINE,PREGRADO,2016,2021,18.0,14.0,0.4375
1,KINE,PREGRADO,2017,2022,16.0,15.0,0.4838709677419355
1,KINE,PREGRADO,2018,2023,21.0,10.0,0.3225806451612903
1,KINE,PREGRADO,2019,2024,25.0,22.0,0.46808510638297873
1,KINE,PREGRADO,2020,2025,35.0,27.0,0.43548387096774194
1,KINE,PREGRADO,2021,2026,53.0,10.0,0.15873015873015872
1,KINE,PREGRADO,2022,2027,56.0,,
1,KINE,PREGRADO,2023,2028,53.0,,
1,KINE,PREGRADO,2024,2029,49.0,,
1,KINE,PREGRADO,2025,2030,59.0,,
1,LAT,PREGRADO,2007,2012,28.0,20.0,0.4166666666666667
1,LAT,PREGRADO,2008,2013,30.0,16.0,0.34782608695652173
1,LAT,PREGRADO,2009,2014,26.0,14.0,0.35
1,LAT,PREGRADO,2010,2015,28.0,17.0,0.37777777777777777
1,LAT,PREGRADO,2011,2016,20.0,20.0,0.5
1,LAT,PREGRADO,2012,2017,26.0,17.0,0.3953488372093023
1,LAT,PREGRADO,2013,2018,30.0,12.0,0.2857142857142857
1,LAT,PREGRADO,2014,2019,35.0,17.0,0.3269230769230769
1,LAT,PREGRADO,2015,2020,30.0,15.0,0.3333333333333333
1,LAT,PREGRADO,2016,2021,42.0,3.0,0.06666666666666667
1,LAT,PREGRADO,2017,2022,34.0,13.0,0.2765957446808511
1,LAT,PREGRADO,2018,2023,22.0,22.0,0.5
1,LAT,PREGRADO,2019,2024,20.0,24.0,0.5454545454545454
1,LAT,PREGRADO,2020,2025,35.0,15.0,0.3
1,LAT,PREGRADO,2021,2026,55.0,,
1,LAT,PREGRADO,2022,2027,63.0,,
1,LAT,PREGRADO,2023,2028,63.0,,
1,LAT,PREGRADO,2024,2029,53.0,,
1,LAT,PREGRADO,2025,2030,63.0,,
1,LCC,PREGRADO,2007,2012,48.0,4.0,0.07692307692307693
1,LCC,PREGRADO,2008,2013,44.0,6.0,0.12
1,LCC,PREGRADO,2009,2014,44.0,9.0,0.16981132075471697
1,LCC,PREGRADO,2010,2015,35.0,10.0,0.2222222222222222
1,LCC,PREGRADO,2011,2016,44.0,4.0,0.08333333333333333
1,LCC,PREGRADO,2012,2017,28.0,4.0,0.125
1,LCC,PREGRADO,2013,2018,37.0,3.0,0.075
1,LCC,PREGRADO,2014,2019,29.0,4.0,0.12121212121212122
1,LCC,PREGRADO,2015,2020,54.0,7.0,0.11475409836065574
1,LCC,PREGRADO,2016,2021,37.0,10.0,0.2127659574468085
1,LCC,PREGRADO,2017,2022,35.0,9.0,0.20454545454545456
1,LCC,PREGRADO,2018,2019,1.0,15.0,0.9375
1,LCC,PREGRADO,2018,2023,36.0,12.0,0.25
1,LCC,PREGRADO,2019,2020,1.0,8.0,0.8888888888888888
1,LCC,PREGRADO,2019,2024,37.0,8.0,0.17777777777777778
1,LCC,PREGRADO,2020,2021,2.0,2.0,0.5
1,LCC,PREGRADO,2020,2025,29.0,7.0,0.19444444444444445
1,LCC,PREGRADO,2021,2026,38.0,1.0,0.02564102564102564
1,LCC,PREGRADO,2022,2023,,6.0,
1,LCC,PREGRADO,2022,2027,43.0,,
1,LCC,PREGRADO,2023,2024,,2.0,
1,LCC,PREGRADO,2023,2028,44.0,,
1,LCC,PREGRADO,2024,2025,,5.0,
1,LCC,PREGRADO,2024,2029,46.0,,
1,LCC,PREGRADO,2025,2030,57.0,,
1,LEB,PREGRADO,2007,2012,32.0,8.0,0.2
1,LEB,PREGRADO,2008,2013,27.0,9.0,0.25
1,LEB,PREGRADO,2009,2014,22.0,10.0,0.3125
1,LEB,PREGRADO,2010,2015,31.0,4.0,0.11428571428571428
1,LEB,PREGRADO,2011,2016,22.0,7.0,0.2413793103448276
1,LEB,PREGRADO,2012,2017,28.0,12.0,0.3
1,LEB,PREGRADO,2013,2018,24.0,4.0,0.14285714285714285
1,LEB,PREGRADO,2014,2019,27.0,7.0,0.20588235294117646
1,LEB,PREGRADO,2015,2020,36.0,3.0,0.07692307692307693
1,LEB,PREGRADO,2016,2021,30.0,9.0,0.23076923076923078
1,LEB,PREGRADO,2017,2022,36.0,6.0,0.14285714285714285
1,LEB,PREGRADO,2018,2023,38.0,11.0,0.22448979591836735
1,LEB,PREGRADO,2019,2024,39.0,16.0,0.2909090909090909
1,LEB,PREGRADO,2020,2025,43.0,11.0,0.2037037037037037
1,LEB,PREGRADO,2021,2026,55.0,2.0,0.03508771929824561
1,LEB,PREGRADO,2022,2027,52.0,,
1,LEB,PREGRADO,2023,2028,51.0,,
1,LEB,PREGRADO,2024,2029,52.0,,
1,LEB,PREGRADO,2025,2030,53.0,,
1,LEE,PREGRADO,2007,2012,22.0,15.0,0.40540540540540543
1,LEE,PREGRADO,2008,2013,33.0,9.0,0.21428571428571427
1,LEE,PREGRADO,2009,2014,26.0,20.0,0.43478260869565216
1,LEE,PREGRADO,2010,2015,28.0,12.0,0.3
1,LEE,PREGRADO,2011,2016,34.0,12.0,0.2608695652173913
1,LEE,PREGRADO,2012,2017,37.0,14.0,0.27450980392156865
1,LEE,PREGRADO,2013,2018,42.0,8.0,0.16
1,LEE,PREGRADO,2014,2019,21.0,28.0,0.5714285714285714
1,LEE,PREGRADO,2015,2020,37.0,13.0,0.26
1,LEE,PREGRADO,2016,2021,34.0,13.0,0.2765957446808511
1,LEE,PREGRADO,2017,2022,31.0,13.0,0.29545454545454547
1,LEE,PREGRADO,2018,2023,30.0,24.0,0.4444444444444444
1,LEE,PREGRADO,2019,2024,27.0,33.0,0.55
1,LEE,PREGRADO,2020,2025,21.0,37.0,0.6379310344827587
1,LEE,PREGRADO,2021,2026,62.0,,
1,LEE,PREGRADO,2022,2027,54.0,,
1,LEE,PREGRADO,2023,2028,43.0,,
1,LEE,PREGRADO,2024,2029,51.0,,
1,LEE,PREGRADO,2025,2030,58.0,,
1,LEI,PREGRADO,2007,2010,43.0,,
1,LEI,PREGRADO,2008,2011,44.0,,
1,LEI,PREGRADO,2009,2012,41.0,,
1,LEI,PREGRADO,2010,2013,36.0,,
1,LEI,PREGRADO,2011,2014,35.0,,
1,LEI,PREGRADO,2012,2015,20.0,,
1,LEI,PREGRADO,2013,2016,36.0,,
1,LEI,PREGRADO,2014,2017,20.0,2.0,0.09090909090909091
1,LEM,PREGRADO,2007,2008,21.0,,
1,LEM,PREGRADO,2008,2009,29.0,1.0,0.03333333333333333
1,LEM,PREGRADO,2009,2010,23.0,,
1,LEM,PREGRADO,2010,2011,38.0,1.0,0.02564102564102564
1,LFM,PREGRADO,2007,2008,63.0,,
1,LFM,PREGRADO,2008,2009,29.0,1.0,0.03333333333333333
1,LFM,PREGRADO,2009,2010,33.0,,
1,LFM,PREGRADO,2010,2011,37.0,2.0,0.05128205128205128
1,LFM,PREGRADO,2011,2012,39.0,4.0,0.09302325581395349
1,LFM,PREGRADO,2012,2013,19.0,,
1,LICAF,PREGRADO,2007,2012,37.0,19.0,0.3392857142857143
1,LICAF,PREGRADO,2008,2013,32.0,20.0,0.38461538461538464
1,LICAF,PREGRADO,2009,2014,20.0,26.0,0.5652173913043478
1,LICAF,PREGRADO,2010,2015,39.0,13.0,0.25
1,LICAF,PREGRADO,2011,2016,19.0,7.0,0.2692307692307692
1,LICAF,PREGRADO,2012,2017,13.0,1.0,0.07142857142857142
1,LICAF,PREGRADO,2013,2018,14.0,,
1,LICAF,PREGRADO,2014,2019,1.0,,
1,LICAF,PREGRADO,2015,2020,,1.0,
1,LICAFENDEP,PREGRADO,2014,2019,12.0,3.0,0.2
1,LICAFENDEP,PREGRADO,2015,2020,14.0,8.0,0.36363636363636365
1,LICAFENDEP,PREGRADO,2016,2021,13.0,20.0,0.6060606060606061
1,LICAFENDEP,PREGRADO,2017,2022,15.0,15.0,0.5
1,LICAFENDEP,PREGRADO,2018,2023,29.0,15.0,0.3409090909090909
1,LICAFENDEP,PREGRADO,2019,2024,19.0,18.0,0.4864864864864865
1,LICAFENDEP,PREGRADO,2020,2025,23.0,10.0,0.30303030303030304
1,LICAFENDEP,PREGRADO,2021,2026,41.0,,
1,LICAFENDEP,PREGRADO,2022,2027,39.0,,
1,LICAFENDEP,PREGRADO,2023,2028,48.0,,
1,LICAFENDEP,PREGRADO,2024,2029,36.0,,
1,LICAFENDEP,PREGRADO,2025,2030,56.0,,
1,LICAFTERAP,PREGRADO,2014,2019,14.0,20.0,0.5882352941176471
1,LICAFTERAP,PREGRADO,2015,2020,13.0,9.0,0.4090909090909091
1,LICAFTERAP,PREGRADO,2016,2021,8.0,15.0,0.6521739130434783
1,LICAFTERAP,PREGRADO,2017,2022,13.0,9.0,0.4090909090909091
1,LICAFTERAP,PREGRADO,2018,2023,17.0,13.0,0.43333333333333335
1,LICAFTERAP,PREGRADO,2019,2024,12.0,12.0,0.5
1,LICAFTERAP,PREGRADO,2020,2025,16.0,12.0,0.42857142857142855
1,LICAFTERAP,PREGRADO,2021,2026,20.0,3.0,0.13043478260869565
1,LICAFTERAP,PREGRADO,2022,2027,22.0,,
1,LICAFTERAP,PREGRADO,2023,2028,29.0,,
1,LICAFTERAP,PREGRADO,2024,2029,29.0,,
1,LICAFTERAP,PREGRADO,2025,2030,31.0,,
1,LOG,PREGRADO,2008,2010,9.0,21.0,0.7
1,LOG,PREGRADO,2009,2011,3.0,12.0,0.8
1,LOG,PREGRADO,2010,2012,4.0,9.0,0.6923076923076923
1,LOG,PREGRADO,2011,2013,1.0,10.0,0.9090909090909091
1,LOG,PREGRADO,2013,2015,2.0,12.0,0.8571428571428571
1,LOG,PREGRADO,2014,2016,4.0,10.0,0.7142857142857143
1,LOG,PREGRADO,2015,2017,3.0,7.0,0.7
1,LOG,PREGRADO,2016,2018,6.0,5.0,0.45454545454545453
1,LOG,PREGRADO,2017,2019,7.0,6.0,0.46153846153846156
1,LOG,PREGRADO,2018,2020,5.0,,
1,LQC,PREGRADO,2007,2012,16.0,17.0,0.5151515151515151
1,LQC,PREGRADO,2008,2013,23.0,9.0,0.28125
1,LQC,PREGRADO,2009,2014,23.0,10.0,0.30303030303030304
1,LQC,PREGRADO,2010,2015,28.0,11.0,0.28205128205128205
1,LQC,PREGRADO,2011,2016,20.0,7.0,0.25925925925925924
1,LQC,PREGRADO,2012,2017,28.0,7.0,0.2
1,LQC,PREGRADO,2013,2018,24.0,2.0,0.07692307692307693
1,LQC,PREGRADO,2014,2019,42.0,1.0,0.023255813953488372
1,LQC,PREGRADO,2015,2020,39.0,3.0,0.07142857142857142
1,LQC,PREGRADO,2016,2021,28.0,2.0,0.06666666666666667
1,LQC,PREGRADO,2017,2022,34.0,4.0,0.10526315789473684
1,LQC,PREGRADO,2018,2023,36.0,4.0,0.1
1,LQC,PREGRADO,2019,2024,31.0,5.0,0.1388888888888889
1,LQC,PREGRADO,2020,2025,36.0,2.0,0.05263157894736842
1,LQC,PREGRADO,2021,2026,27.0,,
1,LQC,PREGRADO,2022,2027,17.0,,
1,LQC,PREGRADO,2023,2028,23.0,,
1,LQC,PREGRADO,2024,2029,31.0,,
1,LQC,PREGRADO,2025,2030,31.0,,
1,MAGADE,MAGISTER,2007,2008,3.0,22.0,0.88
1,MAGADE,MAGISTER,2007,2009,13.0,6.0,0.3157894736842105
1,MAGADE,MAGISTER,2008,2009,2.0,26.0,0.9285714285714286
1,MAGADE,MAGISTER,2008,2010,17.0,5.0,0.22727272727272727
1,MAGADE,MAGISTER,2009,2010,24.0,,
1,MAGADE,MAGISTER,2009,2011,21.0,9.0,0.3
1,MAGADE,MAGISTER,2010,2011,23.0,,
1,MAGADE,MAGISTER,2010,2012,36.0,7.0,0.16279069767441862
1,MAGADE,MAGISTER,2011,2012,19.0,,
1,MAGADE,MAGISTER,2011,2013,36.0,18.0,0.3333333333333333
1,MAGADE,MAGISTER,2012,2013,19.0,,
1,MAGADE,MAGISTER,2012,2014,27.0,15.0,0.35714285714285715
1,MAGADE,MAGISTER,2013,2014,43.0,,
1,MAGADE,MAGISTER,2013,2015,28.0,22.0,0.44
1,MAGADE,MAGISTER,2014,2015,44.0,,
1,MAGADE,MAGISTER,2014,2016,24.0,29.0,0.5471698113207547
1,MAGADE,MAGISTER,2015,2016,46.0,,
1,MAGADE,MAGISTER,2015,2017,36.0,42.0,0.5384615384615384
1,MAGADE,MAGISTER,2016,2017,30.0,,
1,MAGADE,MAGISTER,2016,2018,30.0,44.0,0.5945945945945946
1,MAGADE,MAGISTER,2017,2018,21.0,,
1,MAGADE,MAGISTER,2017,2019,32.0,24.0,0.42857142857142855
1,MAGADE,MAGISTER,2018,2019,26.0,,
1,MAGADE,MAGISTER,2018,2020,25.0,38.0,0.6031746031746031
1,MAGADE,MAGISTER,2019,2021,11.0,13.0,0.5416666666666666
1,MAGADE,MAGISTER,2019,2519,28.0,,
1,MAGADE,MAGISTER,2020,2022,52.0,40.0,0.43478260869565216
1,MAGADE,MAGISTER,2020,2520,25.0,,
1,MAGADE,MAGISTER,2021,2023,50.0,37.0,0.42528735632183906
1,MAGADE,MAGISTER,2022,2024,30.0,46.0,0.6052631578947368
1,MAGADE,MAGISTER,2022,2522,29.0,,
1,MAGADE,MAGISTER,2023,2523,48.0,50.0,0.5102040816326531
1,MAGADE,MAGISTER,2024,2524,120.0,,
1,MAGADE,MAGISTER,2025,2525,65.0,,
1,MAGAP,MAGISTER,2014,2016,12.0,4.0,0.25
1,MAGAP,MAGISTER,2015,2017,8.0,6.0,0.42857142857142855
1,MAGAP,MAGISTER,2016,2018,3.0,9.0,0.75
1,MAGAP,MAGISTER,2017,2019,3.0,5.0,0.625
1,MAGAP,MAGISTER,2018,2020,4.0,13.0,0.7647058823529411
1,MAGAP,MAGISTER,2019,2021,7.0,9.0,0.5625
1,MAGAP,MAGISTER,2020,2022,3.0,13.0,0.8125
1,MAGAP,MAGISTER,2021,2023,4.0,13.0,0.7647058823529411
1,MAGAP,MAGISTER,2022,2024,4.0,9.0,0.6923076923076923
1,MAGAP,MAGISTER,2023,2025,1.0,13.0,0.9285714285714286
1,MAGAP,MAGISTER,2024,2026,13.0,,
1,MAGAP,MAGISTER,2025,2027,14.0,,
1,MAGARH,MAGISTER,2007,2010,19.0,1.0,0.05
1,MAGARH,MAGISTER,2008,2011,16.0,2.0,0.1111111111111111
1,MAGARH,MAGISTER,2009,2012,16.0,4.0,0.2
1,MAGARH,MAGISTER,2010,2013,14.0,,
1,MAGARH,MAGISTER,2011,2014,17.0,1.0,0.05555555555555555
1,MAGARH,MAGISTER,2012,2015,16.0,1.0,0.058823529411764705
1,MAGARH,MAGISTER,2013,2016,27.0,6.0,0.18181818181818182
1,MAGARH,MAGISTER,2014,2017,19.0,1.0,0.05
1,MAGARH,MAGISTER,2015,2018,20.0,3.0,0.13043478260869565
1,MAGARH,MAGISTER,2016,2019,13.0,3.0,0.1875
1,MAGARH,MAGISTER,2017,2020,11.0,2.0,0.15384615384615385
1,MAGARH,MAGISTER,2018,2021,5.0,3.0,0.375
1,MAGARH,MAGISTER,2019,2022,9.0,4.0,0.3076923076923077
1,MAGARH,MAGISTER,2020,2023,4.0,1.0,0.2
1,MAGARH,MAGISTER,2021,2024,17.0,8.0,0.32
1,MAGARH,MAGISTER,2022,2025,5.0,5.0,0.5
1,MAGARH,MAGISTER,2023,2026,3.0,8.0,0.7272727272727273
1,MAGARH,MAGISTER,2024,2027,9.0,,
1,MAGARH,MAGISTER,2025,2028,9.0,,
1,MAGAS,MAGISTER,2008,2010,9.0,,
1,MAGAS,MAGISTER,2011,2013,8.0,,
1,MAGAS,MAGISTER,2013,2015,4.0,,
1,MAGAS,MAGISTER,2015,2017,13.0,,
1,MAGAS,MAGISTER,2017,2019,11.0,,
1,MAGCA,MAGISTER,2020,2022,8.0,,
1,MAGCA,MAGISTER,2021,2023,6.0,9.0,0.6
1,MAGCA,MAGISTER,2022,2522,6.0,6.0,0.5
1,MAGCA,MAGISTER,2023,2025,4.0,5.0,0.5555555555555556
1,MAGCA,MAGISTER,2024,2026,8.0,,
1,MAGCA,MAGISTER,2025,2525,23.0,,
1,MAGCAG,MAGISTER,2007,2009,6.0,4.0,0.4
1,MAGCAG,MAGISTER,2008,2010,8.0,49.0,0.8596491228070176
1,MAGCAG,MAGISTER,2009,2011,11.0,29.0,0.725
1,MAGCAG,MAGISTER,2010,2012,18.0,44.0,0.7096774193548387
1,MAGCAG,MAGISTER,2011,2013,14.0,17.0,0.5483870967741935
1,MAGCAG,MAGISTER,2012,2014,10.0,13.0,0.5652173913043478
1,MAGCAG,MAGISTER,2013,2015,10.0,9.0,0.47368421052631576
1,MAGCAG,MAGISTER,2014,2016,4.0,4.0,0.5
1,MAGCAG,MAGISTER,2015,2017,11.0,28.0,0.717948717948718
1,MAGCAG,MAGISTER,2016,2018,1.0,21.0,0.9545454545454546
1,MAGCAG,MAGISTER,2017,2019,11.0,11.0,0.5
1,MAGCAG,MAGISTER,2018,2020,9.0,9.0,0.5
1,MAGCAG,MAGISTER,2019,2021,10.0,3.0,0.23076923076923078
1,MAGCC,MAGISTER,2010,2012,13.0,12.0,0.48
1,MAGCC,MAGISTER,2011,2013,18.0,12.0,0.4
1,MAGCC,MAGISTER,2012,2014,5.0,7.0,0.5833333333333334
1,MAGCC,MAGISTER,2013,2015,6.0,9.0,0.6
1,MAGCC,MAGISTER,2014,2016,7.0,5.0,0.4166666666666667
1,MAGCC,MAGISTER,2015,2017,5.0,8.0,0.6153846153846154
1,MAGCC,MAGISTER,2016,2018,8.0,13.0,0.6190476190476191
1,MAGCC,MAGISTER,2017,2019,5.0,8.0,0.6153846153846154
1,MAGCC,MAGISTER,2018,2020,5.0,5.0,0.5
1,MAGCC,MAGISTER,2019,2021,1.0,6.0,0.8571428571428571
1,MAGCC,MAGISTER,2020,2022,4.0,5.0,0.5555555555555556
1,MAGCC,MAGISTER,2021,2023,3.0,4.0,0.5714285714285714
1,MAGCC,MAGISTER,2022,2024,4.0,2.0,0.3333333333333333
1,MAGCC,MAGISTER,2023,2523,2.0,4.0,0.6666666666666666
1,MAGCC,MAGISTER,2024,2524,11.0,,
1,MAGCC,MAGISTER,2025,2525,6.0,,
1,MAGCDA,MAGISTER,2011,2013,,6.0,
1,MAGCDA,MAGISTER,2013,2015,2.0,,
1,MAGCDAGPP,MAGISTER,2024,2524,20.0,,
1,MAGCDAGPP,MAGISTER,2025,2525,25.0,,
1,MAGCDI,MAGISTER,2007,2008,1.0,,
1,MAGCDI,MAGISTER,2007,2009,39.0,6.0,0.13333333333333333
1,MAGCDI,MAGISTER,2008,2010,10.0,15.0,0.6
1,MAGCDI,MAGISTER,2009,2011,13.0,24.0,0.6486486486486487
1,MAGCDI,MAGISTER,2010,2012,24.0,34.0,0.5862068965517241
1,MAGCDI,MAGISTER,2011,2013,12.0,23.0,0.6571428571428571
1,MAGCDI,MAGISTER,2012,2013,1.0,,
1,MAGCDI,MAGISTER,2012,2014,16.0,25.0,0.6097560975609756
1,MAGCDI,MAGISTER,2013,2015,9.0,21.0,0.7
1,MAGCDI,MAGISTER,2014,2016,14.0,23.0,0.6216216216216216
1,MAGCDI,MAGISTER,2015,2017,11.0,34.0,0.7555555555555555
1,MAGCDI,MAGISTER,2016,2018,17.0,26.0,0.6046511627906976
1,MAGCDI,MAGISTER,2017,2019,14.0,24.0,0.631578947368421
1,MAGCDI,MAGISTER,2018,2020,22.0,30.0,0.5769230769230769
1,MAGCDI,MAGISTER,2019,2021,12.0,24.0,0.6666666666666666
1,MAGCDI,MAGISTER,2020,2022,24.0,26.0,0.52
1,MAGCDI,MAGISTER,2021,2023,6.0,32.0,0.8421052631578947
1,MAGCDI,MAGISTER,2022,2024,4.0,33.0,0.8918918918918919
1,MAGCDI,MAGISTER,2023,2025,5.0,29.0,0.8529411764705882
1,MAGCDI,MAGISTER,2024,2026,37.0,1.0,0.02631578947368421
1,MAGCDI,MAGISTER,2024,2524,14.0,,
1,MAGCDI,MAGISTER,2025,2027,5.0,,
1,MAGCDI,MAGISTER,2025,2525,21.0,,
1,MAGCE,MAGISTER,2016,2018,4.0,,
1,MAGCE,MAGISTER,2017,2019,5.0,1.0,0.16666666666666666
1,MAGCE,MAGISTER,2018,2020,5.0,,
1,MAGCE,MAGISTER,2019,2021,1.0,2.0,0.6666666666666666
1,MAGCE,MAGISTER,2020,2022,5.0,1.0,0.16666666666666666
1,MAGCE,MAGISTER,2021,2023,5.0,,
1,MAGCE,MAGISTER,2022,2024,2.0,1.0,0.3333333333333333
1,MAGCE,MAGISTER,2023,2025,3.0,,
1,MAGCE,MAGISTER,2024,2026,2.0,,
1,MAGCE,MAGISTER,2025,2027,1.0,,
1,MAGCIME,MAGISTER,2021,2521,1.0,2.0,0.6666666666666666
1,MAGCIME,MAGISTER,2022,2522,,4.0,
1,MAGCIME,MAGISTER,2023,2523,5.0,3.0,0.375
1,MAGCIME,MAGISTER,2024,2524,10.0,,
1,MAGCIME,MAGISTER,2025,2525,9.0,,
1,MAGCM,MAGISTER,2008,2010,1.0,2.0,0.6666666666666666
1,MAGCM,MAGISTER,2009,2011,6.0,,
1,MAGCM,MAGISTER,2010,2012,6.0,1.0,0.14285714285714285
1,MAGCM,MAGISTER,2011,2013,12.0,4.0,0.25
1,MAGCM,MAGISTER,2012,2014,1.0,1.0,0.5
1,MAGCM,MAGISTER,2013,2015,1.0,4.0,0.8
1,MAGCM,MAGISTER,2014,2016,1.0,1.0,0.5
1,MAGCM,MAGISTER,2015,2017,7.0,2.0,0.2222222222222222
1,MAGCM,MAGISTER,2016,2018,3.0,,
1,MAGCM,MAGISTER,2017,2019,2.0,5.0,0.7142857142857143
1,MAGCM,MAGISTER,2018,2020,3.0,7.0,0.7
1,MAGCM,MAGISTER,2019,2021,1.0,1.0,0.5
1,MAGCM,MAGISTER,2020,2022,3.0,2.0,0.4
1,MAGCM,MAGISTER,2021,2023,3.0,4.0,0.5714285714285714
1,MAGCM,MAGISTER,2022,2024,4.0,2.0,0.3333333333333333
1,MAGCM,MAGISTER,2023,2025,2.0,1.0,0.3333333333333333
1,MAGCM,MAGISTER,2024,2026,5.0,,
1,MAGCM,MAGISTER,2025,2027,8.0,,
1,MAGCS,MAGISTER,2014,2016,10.0,1.0,0.09090909090909091
1,MAGCS,MAGISTER,2015,2017,14.0,1.0,0.06666666666666667
1,MAGCS,MAGISTER,2016,2018,14.0,1.0,0.06666666666666667
1,MAGCS,MAGISTER,2017,2019,7.0,1.0,0.125
1,MAGCS,MAGISTER,2018,2020,10.0,2.0,0.16666666666666666
1,MAGCS,MAGISTER,2019,2021,7.0,1.0,0.125
1,MAGCS,MAGISTER,2020,2022,4.0,3.0,0.42857142857142855
1,MAGCS,MAGISTER,2021,2023,7.0,1.0,0.125
1,MAGCS,MAGISTER,2022,2024,2.0,3.0,0.6
1,MAGCS,MAGISTER,2023,2025,2.0,3.0,0.6
1,MAGCS,MAGISTER,2024,2026,5.0,,
1,MAGCS,MAGISTER,2025,2027,6.0,,
1,MAGCSF,MAGISTER,2018,2020,1.0,5.0,0.8333333333333334
1,MAGCSF,MAGISTER,2019,2021,,3.0,
1,MAGCSF,MAGISTER,2020,2022,1.0,3.0,0.75
1,MAGCSF,MAGISTER,2021,2023,2.0,4.0,0.6666666666666666
1,MAGCSF,MAGISTER,2023,2025,6.0,3.0,0.3333333333333333
1,MAGCSF,MAGISTER,2024,2026,6.0,,
1,MAGCSF,MAGISTER,2025,2027,5.0,,
1,MAGEDM,MAGISTER,2013,2015,8.0,3.0,0.2727272727272727
1,MAGEDM,MAGISTER,2014,2016,16.0,5.0,0.23809523809523808
1,MAGEDM,MAGISTER,2015,2017,10.0,1.0,0.09090909090909091
1,MAGEDM,MAGISTER,2016,2018,11.0,,
1,MAGEDM,MAGISTER,2017,2019,6.0,3.0,0.3333333333333333
1,MAGEDM,MAGISTER,2019,2021,7.0,,
1,MAGEDM,MAGISTER,2020,2022,3.0,2.0,0.4
1,MAGEDM,MAGISTER,2021,2023,12.0,1.0,0.07692307692307693
1,MAGEDM,MAGISTER,2022,2024,5.0,2.0,0.2857142857142857
1,MAGEDM,MAGISTER,2023,2025,2.0,2.0,0.5
1,MAGEDM,MAGISTER,2024,2026,6.0,,
1,MAGEDM,MAGISTER,2025,2027,8.0,,
1,MAGEDU,MAGISTER,2007,2009,93.0,27.0,0.225
1,MAGEDU,MAGISTER,2008,2010,51.0,22.0,0.3013698630136986
1,MAGEDU,MAGISTER,2009,2011,44.0,10.0,0.18518518518518517
1,MAGEDU,MAGISTER,2010,2012,37.0,20.0,0.3508771929824561
1,MAGEDU,MAGISTER,2011,2013,60.0,22.0,0.2682926829268293
1,MAGEDU,MAGISTER,2012,2014,36.0,26.0,0.41935483870967744
1,MAGEDU,MAGISTER,2013,2015,66.0,26.0,0.2826086956521739
1,MAGEDU,MAGISTER,2014,2016,25.0,24.0,0.4897959183673469
1,MAGEDU,MAGISTER,2015,2017,43.0,34.0,0.44155844155844154
1,MAGEDU,MAGISTER,2016,2018,36.0,23.0,0.3898305084745763
1,MAGEDU,MAGISTER,2017,2019,7.0,29.0,0.8055555555555556
1,MAGEDU,MAGISTER,2018,2020,28.0,12.0,0.3
1,MAGEDU,MAGISTER,2019,2021,9.0,30.0,0.7692307692307693
1,MAGEDU,MAGISTER,2020,2022,,15.0,
1,MAGEDU,MAGISTER,2021,2023,9.0,16.0,0.64
1,MAGEDU,MAGISTER,2022,2024,4.0,19.0,0.8260869565217391
1,MAGEDU,MAGISTER,2022,2522,4.0,7.0,0.6363636363636364
1,MAGEDU,MAGISTER,2023,2025,11.0,24.0,0.6857142857142857
1,MAGEDU,MAGISTER,2024,2026,20.0,1.0,0.047619047619047616
1,MAGEDU,MAGISTER,2024,2524,4.0,1.0,0.2
1,MAGEDU,MAGISTER,2025,2027,20.0,,
1,MAGEF,MAGISTER,2007,2009,19.0,,
1,MAGEF,MAGISTER,2008,2010,14.0,1.0,0.06666666666666667
1,MAGEF,MAGISTER,2009,2011,39.0,4.0,0.09302325581395349
1,MAGEF,MAGISTER,2010,2012,20.0,,
1,MAGEF,MAGISTER,2011,2013,47.0,2.0,0.04081632653061224
1,MAGEF,MAGISTER,2012,2014,26.0,2.0,0.07142857142857142
1,MAGEF,MAGISTER,2013,2015,48.0,3.0,0.058823529411764705
1,MAGEF,MAGISTER,2014,2016,27.0,8.0,0.22857142857142856
1,MAGEF,MAGISTER,2015,2017,17.0,4.0,0.19047619047619047
1,MAGEF,MAGISTER,2016,2018,33.0,8.0,0.1951219512195122
1,MAGEF,MAGISTER,2017,2019,21.0,1.0,0.045454545454545456
1,MAGEF,MAGISTER,2018,2020,19.0,1.0,0.05
1,MAGEF,MAGISTER,2019,2021,18.0,6.0,0.25
1,MAGEF,MAGISTER,2020,2022,23.0,10.0,0.30303030303030304
1,MAGEF,MAGISTER,2021,2023,26.0,9.0,0.2571428571428571
1,MAGEF,MAGISTER,2022,2024,11.0,6.0,0.35294117647058826
1,MAGEF,MAGISTER,2023,2025,19.0,8.0,0.2962962962962963
1,MAGEF,MAGISTER,2024,2026,12.0,,
1,MAGEF,MAGISTER,2025,2027,17.0,,
1,MAGEI,MAGISTER,2007,2010,9.0,1.0,0.1
1,MAGEI,MAGISTER,2008,2011,7.0,4.0,0.36363636363636365
1,MAGEI,MAGISTER,2009,2012,10.0,3.0,0.23076923076923078
1,MAGEI,MAGISTER,2010,2013,7.0,1.0,0.125
1,MAGEI,MAGISTER,2011,2014,10.0,4.0,0.2857142857142857
1,MAGEI,MAGISTER,2012,2015,5.0,3.0,0.375
1,MAGEI,MAGISTER,2013,2016,7.0,4.0,0.36363636363636365
1,MAGEI,MAGISTER,2014,2017,13.0,6.0,0.3157894736842105
1,MAGEI,MAGISTER,2015,2018,9.0,8.0,0.47058823529411764
1,MAGEI,MAGISTER,2016,2019,7.0,7.0,0.5
1,MAGEI,MAGISTER,2017,2020,6.0,1.0,0.14285714285714285
1,MAGEI,MAGISTER,2018,2021,5.0,4.0,0.4444444444444444
1,MAGEI,MAGISTER,2019,2022,2.0,3.0,0.6
1,MAGEI,MAGISTER,2020,2023,2.0,5.0,0.7142857142857143
1,MAGEI,MAGISTER,2021,2024,2.0,1.0,0.3333333333333333
1,MAGEI,MAGISTER,2022,2025,3.0,2.0,0.4
1,MAGEI,MAGISTER,2023,2026,4.0,1.0,0.2
1,MAGEI,MAGISTER,2024,2027,5.0,,
1,MAGEI,MAGISTER,2025,2028,3.0,,
1,MAGEII,MAGISTER,2007,2009,7.0,,
1,MAGEII,MAGISTER,2008,2010,25.0,10.0,0.2857142857142857
1,MAGEII,MAGISTER,2009,2011,16.0,5.0,0.23809523809523808
1,MAGEII,MAGISTER,2010,2012,21.0,12.0,0.36363636363636365
1,MAGEII,MAGISTER,2011,2013,20.0,3.0,0.13043478260869565
1,MAGEII,MAGISTER,2012,2014,16.0,4.0,0.2
1,MAGEII,MAGISTER,2013,2015,16.0,5.0,0.23809523809523808
1,MAGEII,MAGISTER,2014,2016,20.0,3.0,0.13043478260869565
1,MAGEII,MAGISTER,2015,2017,19.0,5.0,0.20833333333333334
1,MAGEII,MAGISTER,2016,2018,24.0,3.0,0.1111111111111111
1,MAGEII,MAGISTER,2017,2019,15.0,2.0,0.11764705882352941
1,MAGEII,MAGISTER,2018,2020,14.0,1.0,0.06666666666666667
1,MAGEII,MAGISTER,2019,2021,7.0,,
1,MAGEII,MAGISTER,2020,2022,9.0,5.0,0.35714285714285715
1,MAGEII,MAGISTER,2021,2023,7.0,6.0,0.46153846153846156
1,MAGEII,MAGISTER,2021,2521,1.0,,
1,MAGEII,MAGISTER,2022,2024,4.0,,
1,MAGEII,MAGISTER,2022,2522,5.0,7.0,0.5833333333333334
1,MAGEII,MAGISTER,2023,2025,20.0,7.0,0.25925925925925924
1,MAGEII,MAGISTER,2024,2026,46.0,2.0,0.041666666666666664
1,MAGEII,MAGISTER,2025,2525,27.0,,
1,MAGEPA,MAGISTER,2024,2524,9.0,,
1,MAGEPA,MAGISTER,2025,2525,11.0,,
1,MAGFC,MAGISTER,2007,2009,5.0,,
1,MAGFC,MAGISTER,2008,2010,9.0,,
1,MAGFC,MAGISTER,2009,2011,4.0,,
1,MAGFC,MAGISTER,2010,2012,9.0,1.0,0.1
1,MAGFC,MAGISTER,2011,2013,9.0,1.0,0.1
1,MAGFC,MAGISTER,2012,2014,12.0,,
1,MAGFC,MAGISTER,2013,2015,7.0,2.0,0.2222222222222222
1,MAGFC,MAGISTER,2014,2016,12.0,,
1,MAGFC,MAGISTER,2015,2017,6.0,,
1,MAGFC,MAGISTER,2016,2018,6.0,2.0,0.25
1,MAGFC,MAGISTER,2016,2019,2.0,,
1,MAGFC,MAGISTER,2017,2020,2.0,,
1,MAGFC,MAGISTER,2018,2021,6.0,6.0,0.5
1,MAGFC,MAGISTER,2019,2022,7.0,2.0,0.2222222222222222
1,MAGFC,MAGISTER,2020,2023,5.0,2.0,0.2857142857142857
1,MAGFC,MAGISTER,2021,2024,5.0,5.0,0.5
1,MAGFC,MAGISTER,2022,2025,3.0,2.0,0.4
1,MAGFC,MAGISTER,2023,2026,2.0,3.0,0.6
1,MAGFC,MAGISTER,2024,2524,9.0,,
1,MAGFC,MAGISTER,2025,2525,8.0,,
1,MAGFIN,MAGISTER,2018,2019,18.0,,
1,MAGFIN,MAGISTER,2019,2020,13.0,,
1,MAGFIN,MAGISTER,2020,2021,4.0,,
1,MAGFIN,MAGISTER,2021,2022,2.0,,
1,MAGFIN,MAGISTER,2022,2522,5.0,11.0,0.6875
1,MAGFIN,MAGISTER,2023,2523,,1.0,
1,MAGFIN,MAGISTER,2025,2525,4.0,,
1,MAGFP,MAGISTER,2007,2009,3.0,1.0,0.25
1,MAGFP,MAGISTER,2008,2010,12.0,1.0,0.07692307692307693
1,MAGFP,MAGISTER,2009,2011,6.0,,
1,MAGFP,MAGISTER,2010,2012,6.0,1.0,0.14285714285714285
1,MAGFP,MAGISTER,2011,2013,7.0,,
1,MAGFP,MAGISTER,2012,2014,4.0,,
1,MAGFP,MAGISTER,2013,2015,2.0,,
1,MAGFP,MAGISTER,2016,2018,4.0,,
1,MAGFP,MAGISTER,2017,2019,7.0,1.0,0.125
1,MAGFP,MAGISTER,2018,2020,2.0,2.0,0.5
1,MAGFP,MAGISTER,2019,2021,2.0,,
1,MAGGEO,MAGISTER,2010,2012,39.0,2.0,0.04878048780487805
1,MAGGEO,MAGISTER,2011,2013,15.0,7.0,0.3181818181818182
1,MAGGEO,MAGISTER,2012,2014,18.0,,
1,MAGGEO,MAGISTER,2013,2015,7.0,2.0,0.2222222222222222
1,MAGGEO,MAGISTER,2014,2016,12.0,1.0,0.07692307692307693
1,MAGGEO,MAGISTER,2015,2017,8.0,,
1,MAGGP,MAGISTER,2007,2009,6.0,4.0,0.4
1,MAGGP,MAGISTER,2008,2010,8.0,2.0,0.2
1,MAGGP,MAGISTER,2009,2011,15.0,1.0,0.0625
1,MAGGP,MAGISTER,2010,2012,27.0,8.0,0.22857142857142856
1,MAGGP,MAGISTER,2011,2013,24.0,7.0,0.22580645161290322
1,MAGGP,MAGISTER,2012,2014,20.0,9.0,0.3103448275862069
1,MAGGP,MAGISTER,2013,2015,23.0,3.0,0.11538461538461539
1,MAGGP,MAGISTER,2014,2016,40.0,12.0,0.23076923076923078
1,MAGGP,MAGISTER,2015,2017,45.0,30.0,0.4
1,MAGGP,MAGISTER,2016,2018,23.0,39.0,0.6290322580645161
1,MAGGP,MAGISTER,2017,2019,17.0,30.0,0.6382978723404256
1,MAGGP,MAGISTER,2018,2020,19.0,18.0,0.4864864864864865
1,MAGGP,MAGISTER,2019,2021,13.0,9.0,0.4090909090909091
1,MAGGP,MAGISTER,2020,2022,17.0,7.0,0.2916666666666667
1,MAGGP,MAGISTER,2021,2023,25.0,15.0,0.375
1,MAGGP,MAGISTER,2022,2024,18.0,10.0,0.35714285714285715
1,MAGGP,MAGISTER,2023,2025,18.0,22.0,0.55
1,MAGGP,MAGISTER,2024,2026,19.0,1.0,0.05
1,MAGGP,MAGISTER,2025,2027,12.0,,
1,MAGGT,MAGISTER,2007,2009,9.0,,
1,MAGGT,MAGISTER,2008,2010,7.0,,
1,MAGGT,MAGISTER,2009,2011,11.0,,
1,MAGGT,MAGISTER,2010,2012,7.0,,
1,MAGGT,MAGISTER,2011,2013,7.0,,
1,MAGGT,MAGISTER,2012,2014,5.0,,
1,MAGGT,MAGISTER,2013,2015,11.0,,
1,MAGGT,MAGISTER,2014,2016,5.0,,
1,MAGGT,MAGISTER,2015,2017,12.0,1.0,0.07692307692307693
1,MAGGT,MAGISTER,2017,2019,7.0,3.0,0.3
1,MAGGT,MAGISTER,2018,2020,3.0,,
1,MAGHE,MAGISTER,2018,2019,9.0,2.0,0.18181818181818182
1,MAGHE,MAGISTER,2019,2020,5.0,1.0,0.16666666666666666
1,MAGHE,MAGISTER,2020,2021,1.0,,
1,MAGHE,MAGISTER,2021,2022,9.0,,
1,MAGHE,MAGISTER,2022,2023,4.0,,
1,MAGHE,MAGISTER,2023,2024,4.0,,
1,MAGHE,MAGISTER,2025,2026,3.0,,
1,MAGHI,MAGISTER,2007,2009,19.0,,
1,MAGHI,MAGISTER,2008,2010,28.0,,
1,MAGHI,MAGISTER,2009,2011,21.0,,
1,MAGHI,MAGISTER,2010,2012,26.0,,
1,MAGHI,MAGISTER,2011,2013,19.0,1.0,0.05
1,MAGHI,MAGISTER,2012,2014,13.0,3.0,0.1875
1,MAGHI,MAGISTER,2013,2015,12.0,2.0,0.14285714285714285
1,MAGHI,MAGISTER,2014,2016,5.0,5.0,0.5
1,MAGHI,MAGISTER,2015,2017,9.0,7.0,0.4375
1,MAGHI,MAGISTER,2016,2018,5.0,8.0,0.6153846153846154
1,MAGHI,MAGISTER,2017,2019,8.0,9.0,0.5294117647058824
1,MAGHI,MAGISTER,2018,2020,4.0,9.0,0.6923076923076923
1,MAGHI,MAGISTER,2019,2021,4.0,6.0,0.6
1,MAGHI,MAGISTER,2020,2022,9.0,5.0,0.35714285714285715
1,MAGHI,MAGISTER,2021,2023,3.0,10.0,0.7692307692307693
1,MAGHI,MAGISTER,2022,2024,1.0,7.0,0.875
1,MAGHI,MAGISTER,2023,2025,5.0,8.0,0.6153846153846154
1,MAGHI,MAGISTER,2024,2026,12.0,,
1,MAGHI,MAGISTER,2025,2027,10.0,,
1,MAGIE,MAGISTER,2019,2021,1.0,4.0,0.8
1,MAGIE,MAGISTER,2020,2022,2.0,2.0,0.5
1,MAGIE,MAGISTER,2021,2023,1.0,4.0,0.8
1,MAGIE,MAGISTER,2022,2024,,4.0,
1,MAGIE,MAGISTER,2023,2025,1.0,3.0,0.75
1,MAGIE,MAGISTER,2024,2524,4.0,,
1,MAGIE,MAGISTER,2025,2525,1.0,,
1,MAGII,MAGISTER,2007,2009,9.0,11.0,0.55
1,MAGII,MAGISTER,2008,2010,17.0,5.0,0.22727272727272727
1,MAGII,MAGISTER,2009,2011,7.0,8.0,0.5333333333333333
1,MAGII,MAGISTER,2010,2012,6.0,4.0,0.4
1,MAGII,MAGISTER,2011,2013,12.0,6.0,0.3333333333333333
1,MAGII,MAGISTER,2012,2014,14.0,13.0,0.48148148148148145
1,MAGII,MAGISTER,2013,2015,5.0,10.0,0.6666666666666666
1,MAGII,MAGISTER,2014,2016,16.0,17.0,0.5151515151515151
1,MAGII,MAGISTER,2015,2017,8.0,10.0,0.5555555555555556
1,MAGII,MAGISTER,2016,2018,4.0,9.0,0.6923076923076923
1,MAGII,MAGISTER,2017,2019,6.0,2.0,0.25
1,MAGII,MAGISTER,2018,2020,10.0,4.0,0.2857142857142857
1,MAGII,MAGISTER,2019,2021,4.0,5.0,0.5555555555555556
1,MAGII,MAGISTER,2020,2022,6.0,4.0,0.4
1,MAGII,MAGISTER,2021,2023,7.0,13.0,0.65
1,MAGII,MAGISTER,2022,2024,4.0,5.0,0.5555555555555556
1,MAGII,MAGISTER,2023,2025,7.0,9.0,0.5625
1,MAGII,MAGISTER,2024,2026,13.0,1.0,0.07142857142857142
1,MAGII,MAGISTER,2025,2027,15.0,1.0,0.0625
1,MAGIT,MAGISTER,2015,2017,2.0,4.0,0.6666666666666666
1,MAGIT,MAGISTER,2016,2018,1.0,5.0,0.8333333333333334
1,MAGIT,MAGISTER,2017,2019,,4.0,
1,MAGIT,MAGISTER,2018,2020,3.0,7.0,0.7
1,MAGIT,MAGISTER,2019,2021,3.0,7.0,0.7
1,MAGIT,MAGISTER,2020,2022,5.0,6.0,0.5454545454545454
1,MAGIT,MAGISTER,2021,2023,2.0,9.0,0.8181818181818182
1,MAGIT,MAGISTER,2022,2024,2.0,8.0,0.8
1,MAGIT,MAGISTER,2023,2025,,12.0,
1,MAGIT,MAGISTER,2024,2026,12.0,,
1,MAGIT,MAGISTER,2025,2027,6.0,,
1,MAGLG,MAGISTER,2007,2009,8.0,1.0,0.1111111111111111
1,MAGLG,MAGISTER,2008,2010,25.0,1.0,0.038461538461538464
1,MAGLG,MAGISTER,2009,2011,13.0,4.0,0.23529411764705882
1,MAGLG,MAGISTER,2010,2012,18.0,2.0,0.1
1,MAGLG,MAGISTER,2011,2013,25.0,4.0,0.13793103448275862
1,MAGLG,MAGISTER,2012,2014,24.0,2.0,0.07692307692307693
1,MAGLG,MAGISTER,2013,2015,20.0,4.0,0.16666666666666666
1,MAGLG,MAGISTER,2014,2016,30.0,6.0,0.16666666666666666
1,MAGLG,MAGISTER,2015,2018,9.0,5.0,0.35714285714285715
1,MAGLG,MAGISTER,2016,2019,4.0,2.0,0.3333333333333333
1,MAGLG,MAGISTER,2017,2020,5.0,7.0,0.5833333333333334
1,MAGLG,MAGISTER,2018,2021,9.0,2.0,0.18181818181818182
1,MAGLG,MAGISTER,2019,2022,11.0,2.0,0.15384615384615385
1,MAGLG,MAGISTER,2020,2023,8.0,1.0,0.1111111111111111
1,MAGLG,MAGISTER,2021,2024,9.0,2.0,0.18181818181818182
1,MAGLG,MAGISTER,2021,2521,1.0,1.0,0.5
1,MAGLG,MAGISTER,2022,2522,3.0,6.0,0.6666666666666666
1,MAGLG,MAGISTER,2023,2523,4.0,1.0,0.2
1,MAGLG,MAGISTER,2024,2524,9.0,,
1,MAGLG,MAGISTER,2025,2525,12.0,,
1,MAGLI,MAGISTER,2007,2009,10.0,,
1,MAGLI,MAGISTER,2008,2010,18.0,,
1,MAGLI,MAGISTER,2009,2011,22.0,1.0,0.043478260869565216
1,MAGLI,MAGISTER,2010,2012,22.0,1.0,0.043478260869565216
1,MAGLI,MAGISTER,2011,2013,30.0,3.0,0.09090909090909091
1,MAGLI,MAGISTER,2012,2014,23.0,1.0,0.041666666666666664
1,MAGLI,MAGISTER,2013,2015,14.0,3.0,0.17647058823529413
1,MAGLI,MAGISTER,2014,2016,9.0,1.0,0.1
1,MAGLI,MAGISTER,2015,2017,7.0,1.0,0.125
1,MAGLI,MAGISTER,2016,2018,2.0,,
1,MAGLI,MAGISTER,2017,2019,1.0,4.0,0.8
1,MAGLI,MAGISTER,2018,2020,4.0,5.0,0.5555555555555556
1,MAGLI,MAGISTER,2019,2021,3.0,2.0,0.4
1,MAGLI,MAGISTER,2020,2022,3.0,,
1,MAGLI,MAGISTER,2021,2023,3.0,8.0,0.7272727272727273
1,MAGLI,MAGISTER,2022,2024,1.0,4.0,0.8
1,MAGLI,MAGISTER,2023,2025,3.0,6.0,0.6666666666666666
1,MAGLI,MAGISTER,2024,2026,12.0,,
1,MAGLI,MAGISTER,2025,2027,11.0,,
1,MAGMA,MAGISTER,2007,2009,132.0,2.0,0.014925373134328358
1,MAGMA,MAGISTER,2008,2010,55.0,1.0,0.017857142857142856
1,MAGMA,MAGISTER,2009,2011,71.0,2.0,0.0273972602739726
1,MAGMA,MAGISTER,2010,2012,76.0,4.0,0.05
1,MAGMA,MAGISTER,2011,2013,64.0,3.0,0.04477611940298507
1,MAGMA,MAGISTER,2012,2014,66.0,4.0,0.05714285714285714
1,MAGMA,MAGISTER,2013,2015,57.0,9.0,0.13636363636363635
1,MAGMA,MAGISTER,2014,2016,25.0,11.0,0.3055555555555556
1,MAGMA,MAGISTER,2015,2017,13.0,28.0,0.6829268292682927
1,MAGMA,MAGISTER,2016,2018,15.0,27.0,0.6428571428571429
1,MAGMA,MAGISTER,2017,2019,11.0,18.0,0.6206896551724138
1,MAGMA,MAGISTER,2018,2020,14.0,19.0,0.5757575757575758
1,MAGMA,MAGISTER,2019,2021,10.0,27.0,0.7297297297297297
1,MAGMA,MAGISTER,2020,2022,,6.0,
1,MAGMA,MAGISTER,2021,2023,14.0,23.0,0.6216216216216216
1,MAGMA,MAGISTER,2021,2521,,2.0,
1,MAGMA,MAGISTER,2022,2024,15.0,9.0,0.375
1,MAGMA,MAGISTER,2022,2522,6.0,12.0,0.6666666666666666
1,MAGMA,MAGISTER,2023,2025,6.0,12.0,0.6666666666666666
1,MAGMA,MAGISTER,2024,2026,12.0,,
1,MAGMA,MAGISTER,2025,2027,13.0,,
1,MAGMARK,MAGISTER,2019,2021,5.0,6.0,0.5454545454545454
1,MAGMARK,MAGISTER,2020,2022,31.0,7.0,0.18421052631578946
1,MAGMARK,MAGISTER,2021,2023,52.0,11.0,0.1746031746031746
1,MAGMARK,MAGISTER,2022,2024,18.0,6.0,0.25
1,MAGMARK,MAGISTER,2023,2025,8.0,5.0,0.38461538461538464
1,MAGMARK,MAGISTER,2024,2026,15.0,,
1,MAGMARK,MAGISTER,2025,2027,7.0,,
1,MAGPC,MAGISTER,2007,2009,9.0,,
1,MAGPC,MAGISTER,2008,2010,8.0,,
1,MAGPC,MAGISTER,2009,2011,13.0,1.0,0.07142857142857142
1,MAGPC,MAGISTER,2010,2012,7.0,,
1,MAGPC,MAGISTER,2011,2013,12.0,,
1,MAGPC,MAGISTER,2012,2014,11.0,,
1,MAGPC,MAGISTER,2013,2015,9.0,1.0,0.1
1,MAGPC,MAGISTER,2014,2016,11.0,,
1,MAGPC,MAGISTER,2015,2017,1.0,,
1,MAGPE,MAGISTER,2007,2008,9.0,,
1,MAGPE,MAGISTER,2008,2009,8.0,,
1,MAGPE,MAGISTER,2009,2010,9.0,,
1,MAGPE,MAGISTER,2010,2011,4.0,,
1,MAGPE,MAGISTER,2011,2012,4.0,,
1,MAGPE,MAGISTER,2012,2013,2.0,,
1,MAGPE,MAGISTER,2013,2014,5.0,,
1,MAGPE,MAGISTER,2014,2015,1.0,,
1,MAGPE,MAGISTER,2017,2018,2.0,,
1,MAGPED,MAGISTER,2008,2010,12.0,,
1,MAGPED,MAGISTER,2009,2011,7.0,,
1,MAGPED,MAGISTER,2010,2012,16.0,,
1,MAGPED,MAGISTER,2011,2013,14.0,1.0,0.06666666666666667
1,MAGPED,MAGISTER,2012,2014,10.0,1.0,0.09090909090909091
1,MAGPED,MAGISTER,2013,2015,15.0,,
1,MAGPED,MAGISTER,2014,2016,13.0,,
1,MAGPED,MAGISTER,2015,2017,13.0,,
1,MAGPED,MAGISTER,2018,2020,5.0,2.0,0.2857142857142857
1,MAGPED,MAGISTER,2019,2021,,3.0,
1,MAGPED,MAGISTER,2020,2022,1.0,4.0,0.8
1,MAGPED,MAGISTER,2021,2023,6.0,8.0,0.5714285714285714
1,MAGPED,MAGISTER,2022,2024,4.0,2.0,0.3333333333333333
1,MAGPED,MAGISTER,2024,2524,9.0,,
1,MAGPED,MAGISTER,2025,2525,12.0,,
1,MAGPGT,MAGISTER,2007,2009,10.0,8.0,0.4444444444444444
1,MAGPGT,MAGISTER,2008,2010,9.0,21.0,0.7
1,MAGPGT,MAGISTER,2009,2011,13.0,15.0,0.5357142857142857
1,MAGPGT,MAGISTER,2010,2012,10.0,25.0,0.7142857142857143
1,MAGPGT,MAGISTER,2011,2013,3.0,21.0,0.875
1,MAGPGT,MAGISTER,2012,2014,1.0,25.0,0.9615384615384616
1,MAGPGT,MAGISTER,2013,2015,9.0,26.0,0.7428571428571429
1,MAGPGT,MAGISTER,2014,2016,4.0,22.0,0.8461538461538461
1,MAGPGT,MAGISTER,2015,2017,11.0,36.0,0.7659574468085106
1,MAGPGT,MAGISTER,2016,2018,16.0,20.0,0.5555555555555556
1,MAGPGT,MAGISTER,2017,2019,20.0,15.0,0.42857142857142855
1,MAGPGT,MAGISTER,2018,2020,10.0,8.0,0.4444444444444444
1,MAGPGT,MAGISTER,2019,2021,6.0,15.0,0.7142857142857143
1,MAGPGT,MAGISTER,2020,2022,6.0,1.0,0.14285714285714285
1,MAGPGT,MAGISTER,2021,2023,8.0,11.0,0.5789473684210527
1,MAGPGT,MAGISTER,2022,2024,3.0,10.0,0.7692307692307693
1,MAGPGT,MAGISTER,2023,2025,12.0,,
1,MAGPGT,MAGISTER,2024,2026,6.0,14.0,0.7
1,MAGPGT,MAGISTER,2025,2027,18.0,,
1,MAGPP,MAGISTER,2015,2017,13.0,8.0,0.38095238095238093
1,MAGPP,MAGISTER,2016,2018,13.0,14.0,0.5185185185185185
1,MAGPP,MAGISTER,2017,2019,6.0,7.0,0.5384615384615384
1,MAGPP,MAGISTER,2018,2020,7.0,10.0,0.5882352941176471
1,MAGPS,MAGISTER,2007,2009,10.0,,
1,MAGPS,MAGISTER,2008,2010,10.0,,
1,MAGPS,MAGISTER,2009,2011,9.0,2.0,0.18181818181818182
1,MAGPS,MAGISTER,2010,2012,11.0,2.0,0.15384615384615385
1,MAGPS,MAGISTER,2012,2014,7.0,1.0,0.125
1,MAGPS,MAGISTER,2013,2015,6.0,,
1,MAGQUI,MAGISTER,2007,2009,2.0,,
1,MAGQUI,MAGISTER,2008,2010,3.0,1.0,0.25
1,MAGQUI,MAGISTER,2009,2011,5.0,3.0,0.375
1,MAGQUI,MAGISTER,2011,2013,5.0,8.0,0.6153846153846154
1,MAGQUI,MAGISTER,2012,2014,4.0,5.0,0.5555555555555556
1,MAGQUI,MAGISTER,2013,2015,5.0,7.0,0.5833333333333334
1,MAGQUI,MAGISTER,2014,2016,9.0,2.0,0.18181818181818182
1,MAGQUI,MAGISTER,2015,2017,6.0,12.0,0.6666666666666666
1,MAGQUI,MAGISTER,2016,2018,3.0,4.0,0.5714285714285714
1,MAGQUI,MAGISTER,2017,2019,6.0,6.0,0.5
1,MAGQUI,MAGISTER,2018,2020,7.0,2.0,0.2222222222222222
1,MAGQUI,MAGISTER,2019,2021,2.0,,
1,MAGQUI,MAGISTER,2020,2022,8.0,,
1,MAGQUI,MAGISTER,2021,2023,2.0,4.0,0.6666666666666666
1,MAGQUI,MAGISTER,2022,2024,3.0,2.0,0.4
1,MAGQUI,MAGISTER,2023,2025,3.0,4.0,0.5714285714285714
1,MAGQUI,MAGISTER,2024,2026,9.0,,
1,MAGQUI,MAGISTER,2025,2027,7.0,,
1,MAGSGI,DIPLOMADO,2022,2024,2.0,1.0,0.3333333333333333
1,MAGSGI,MAGISTER,2010,2012,9.0,1.0,0.1
1,MAGSGI,MAGISTER,2011,2013,7.0,,
1,MAGSGI,MAGISTER,2013,2015,12.0,,
1,MAGSGI,MAGISTER,2014,2016,8.0,,
1,MAGSGI,MAGISTER,2015,2017,6.0,2.0,0.25
1,MAGSGI,MAGISTER,2016,2018,9.0,1.0,0.1
1,MAGSGI,MAGISTER,2017,2019,5.0,2.0,0.2857142857142857
1,MAGSGI,MAGISTER,2018,2518,2.0,4.0,0.6666666666666666
1,MAGSGI,MAGISTER,2019,2021,6.0,1.0,0.14285714285714285
1,MAGSGI,MAGISTER,2020,2022,2.0,,
1,MAGSGI,MAGISTER,2021,2023,,8.0,
1,MAGSGI,MAGISTER,2022,2024,1.0,1.0,0.5
1,MAGSGI,MAGISTER,2023,2025,5.0,,
1,MAGSGI,MAGISTER,2024,2026,8.0,,
1,MAGSGI,MAGISTER,2024,2524,5.0,,
1,MAGSGI,MAGISTER,2025,2525,6.0,,
1,MAGSP,MAGISTER,2021,2023,18.0,12.0,0.4
1,MAGSP,MAGISTER,2022,2024,12.0,14.0,0.5384615384615384
1,MAGSP,MAGISTER,2023,2025,13.0,10.0,0.43478260869565216
1,MAGSP,MAGISTER,2024,2026,27.0,,
1,MAGSP,MAGISTER,2025,2027,34.0,,
1,MAGSPA,MAGISTER,2012,2013,14.0,,
1,MAGSPA,MAGISTER,2013,2014,10.0,1.0,0.09090909090909091
1,MAGSPA,MAGISTER,2014,2015,16.0,,
1,MAGSPA,MAGISTER,2015,2016,6.0,,
1,MAGSPA,MAGISTER,2016,2017,15.0,1.0,0.0625
1,MAGSPA,MAGISTER,2017,2018,8.0,1.0,0.1111111111111111
1,MAGSPA,MAGISTER,2018,2019,5.0,,
1,MAGSPA,MAGISTER,2019,2020,7.0,,
1,MAGTA,MAGISTER,2007,2009,3.0,1.0,0.25
1,MAGTA,MAGISTER,2008,2010,1.0,,
1,MAGTA,MAGISTER,2009,2011,3.0,8.0,0.7272727272727273
1,MAGTA,MAGISTER,2010,2012,4.0,3.0,0.42857142857142855
1,MAGTA,MAGISTER,2011,2013,1.0,3.0,0.75
1,MAGTA,MAGISTER,2012,2014,2.0,,
1,MAGTA,MAGISTER,2013,2015,1.0,2.0,0.6666666666666666
1,MAGTA,MAGISTER,2014,2016,,3.0,
1,MAGTA,MAGISTER,2015,2017,,10.0,
1,MAGTA,MAGISTER,2016,2018,1.0,4.0,0.8
1,MAGTA,MAGISTER,2018,2020,,2.0,
1,MAGTA,MAGISTER,2019,2021,,1.0,
1,MAGTA,MAGISTER,2020,2022,,2.0,
1,MAGTA,MAGISTER,2021,2023,,5.0,
1,MAGTA,MAGISTER,2022,2024,2.0,6.0,0.75
1,MAGTA,MAGISTER,2023,2025,,1.0,
1,MAGTA,MAGISTER,2024,2026,6.0,,
1,MAGTA,MAGISTER,2025,2027,2.0,,
1,MAGTCO,MAGISTER,2007,2009,12.0,,
1,MAGTCO,MAGISTER,2008,2010,3.0,,
1,MAGTCO,MAGISTER,2009,2011,8.0,,
1,MAGTCO,MAGISTER,2010,2012,2.0,,
1,MAGTCO,MAGISTER,2011,2013,7.0,,
1,MAGTCO,MAGISTER,2012,2014,3.0,,
1,MAGTCO,MAGISTER,2013,2015,5.0,,
1,MAGTCO,MAGISTER,2014,2016,5.0,,
1,MAGTCO,MAGISTER,2015,2017,4.0,,
1,MAGTCO,MAGISTER,2016,2018,5.0,1.0,0.16666666666666666
1,MAGTCO,MAGISTER,2017,2019,8.0,,
1,MAGTCO,MAGISTER,2018,2020,1.0,,
1,MAGTCO,MAGISTER,2024,2524,4.0,,
1,MAGTCO,MAGISTER,2025,2525,1.0,,
1,MED,PREGRADO,2007,2014,13.0,54.0,0.8059701492537313
1,MED,PREGRADO,2008,2015,13.0,53.0,0.803030303030303
1,MED,PREGRADO,2008,2508,,7.0,
1,MED,PREGRADO,2009,2016,7.0,3.0,0.3
1,MED,PREGRADO,2009,2509,1.0,61.0,0.9838709677419355
1,MED,PREGRADO,2010,2017,17.0,59.0,0.7763157894736842
1,MED,PREGRADO,2011,2018,20.0,,
1,MED,PREGRADO,2011,2511,2.0,52.0,0.9629629629629629
1,MED,PREGRADO,2012,2019,27.0,49.0,0.6447368421052632
1,MED,PREGRADO,2013,2020,19.0,58.0,0.7532467532467533
1,MED,PREGRADO,2014,2021,19.0,61.0,0.7625
1,MED,PREGRADO,2015,2022,32.0,52.0,0.6190476190476191
1,MED,PREGRADO,2016,2023,9.0,65.0,0.8783783783783784
1,MED,PREGRADO,2017,2024,11.0,62.0,0.8493150684931506
1,MED,PREGRADO,2018,2025,18.0,60.0,0.7692307692307693
1,MED,PREGRADO,2019,2026,21.0,50.0,0.704225352112676
1,MED,PREGRADO,2020,2027,73.0,,
1,MED,PREGRADO,2021,2028,66.0,,
1,MED,PREGRADO,2022,2029,72.0,,
1,MED,PREGRADO,2023,2030,94.0,,
1,MED,PREGRADO,2024,2031,50.0,,
1,MED,PREGRADO,2025,2032,58.0,,
1,MIDA,MAGISTER,2011,2013,7.0,,
1,MIDA,MAGISTER,2012,2014,2.0,4.0,0.6666666666666666
1,MIDA,MAGISTER,2013,2015,8.0,1.0,0.1111111111111111
1,MIDA,MAGISTER,2014,2016,1.0,,
1,MIDA,MAGISTER,2015,2017,1.0,4.0,0.8
1,MIDA,MAGISTER,2016,2018,1.0,5.0,0.8333333333333334
1,MIDA,MAGISTER,2017,2019,1.0,5.0,0.8333333333333334
1,MIDA,MAGISTER,2018,2020,1.0,6.0,0.8571428571428571
1,MIDA,MAGISTER,2019,2021,1.0,4.0,0.8
1,MIDA,MAGISTER,2020,2022,1.0,8.0,0.8888888888888888
1,MIDA,MAGISTER,2021,2023,4.0,8.0,0.6666666666666666
1,MIDA,MAGISTER,2022,2522,3.0,4.0,0.5714285714285714
1,MIDA,MAGISTER,2023,2523,,12.0,
1,MIDA,MAGISTER,2024,2524,2.0,9.0,0.8181818181818182
1,MIDA,MAGISTER,2025,2525,7.0,,
1,OBP,PREGRADO,2007,2012,22.0,29.0,0.5686274509803921
1,OBP,PREGRADO,2008,2013,13.0,38.0,0.7450980392156863
1,OBP,PREGRADO,2009,2014,16.0,30.0,0.6521739130434783
1,OBP,PREGRADO,2010,2015,11.0,37.0,0.7708333333333334
1,OBP,PREGRADO,2011,2016,20.0,27.0,0.574468085106383
1,OBP,PREGRADO,2012,2017,31.0,39.0,0.5571428571428572
1,OBP,PREGRADO,2013,2018,22.0,42.0,0.65625
1,OBP,PREGRADO,2014,2019,33.0,25.0,0.43103448275862066
1,OBP,PREGRADO,2015,2020,38.0,23.0,0.3770491803278688
1,OBP,PREGRADO,2016,2021,52.0,10.0,0.16129032258064516
1,OBP,PREGRADO,2017,2022,58.0,,
1,OBP,PREGRADO,2018,2023,60.0,2.0,0.03225806451612903
1,OBP,PREGRADO,2019,2024,45.0,14.0,0.23728813559322035
1,OBP,PREGRADO,2020,2025,45.0,18.0,0.2857142857142857
1,OBP,PREGRADO,2021,2026,56.0,,
1,OBP,PREGRADO,2022,2027,53.0,,
1,OBP,PREGRADO,2023,2028,60.0,,
1,OBP,PREGRADO,2024,2029,49.0,,
1,OBP,PREGRADO,2025,2030,48.0,,
1,PEDCAST,PREGRADO,2007,2012,15.0,20.0,0.5714285714285714
1,PEDCAST,PREGRADO,2008,2013,21.0,19.0,0.475
1,PEDCAST,PREGRADO,2009,2014,26.0,14.0,0.35
1,PEDCAST,PREGRADO,2010,2015,24.0,13.0,0.35135135135135137
1,PEDCAST,PREGRADO,2011,2016,24.0,21.0,0.4666666666666667
1,PEDCAST,PREGRADO,2012,2017,22.0,24.0,0.5217391304347826
1,PEDCAST,PREGRADO,2013,2018,24.0,27.0,0.5294117647058824
1,PEDCAST,PREGRADO,2014,2019,25.0,24.0,0.4897959183673469
1,PEDCAST,PREGRADO,2015,2020,19.0,29.0,0.6041666666666666
1,PEDCAST,PREGRADO,2016,2021,29.0,13.0,0.30952380952380953
1,PEDCAST,PREGRADO,2017,2022,34.0,12.0,0.2608695652173913
1,PEDCAST,PREGRADO,2018,2023,34.0,16.0,0.32
1,PEDCAST,PREGRADO,2019,2024,37.0,22.0,0.3728813559322034
1,PEDCAST,PREGRADO,2020,2025,27.0,34.0,0.5573770491803278
1,PEDCAST,PREGRADO,2021,2026,56.0,,
1,PEDCAST,PREGRADO,2022,2027,47.0,,
1,PEDCAST,PREGRADO,2023,2028,63.0,,
1,PEDCAST,PREGRADO,2024,2029,47.0,,
1,PEDCAST,PREGRADO,2025,2030,63.0,,
1,PEDEDFIS,PREGRADO,2011,2016,5.0,7.0,0.5833333333333334
1,PEDEDFIS,PREGRADO,2012,2017,16.0,6.0,0.2727272727272727
1,PEDEDFIS,PREGRADO,2013,2018,16.0,2.0,0.1111111111111111
1,PEDEDFIS,PREGRADO,2014,2019,12.0,8.0,0.4
1,PEDEDFIS,PREGRADO,2015,2020,17.0,22.0,0.5641025641025641
1,PEDEDFIS,PREGRADO,2016,2021,12.0,20.0,0.625
1,PEDEDFIS,PREGRADO,2017,2022,17.0,18.0,0.5142857142857142
1,PEDEDFIS,PREGRADO,2018,2023,8.0,25.0,0.7575757575757576
1,PEDEDFIS,PREGRADO,2019,2024,16.0,18.0,0.5294117647058824
1,PEDEDFIS,PREGRADO,2020,2025,10.0,17.0,0.6296296296296297
1,PEDEDFIS,PREGRADO,2021,2026,36.0,,
1,PEDEDFIS,PREGRADO,2022,2027,10.0,,
1,PEDEDFIS,PREGRADO,2023,2028,45.0,,
1,PEDEDFIS,PREGRADO,2024,2029,43.0,,
1,PEDEDFIS,PREGRADO,2025,2030,49.0,,
1,PEDEGB,PREGRADO,2007,2012,15.0,30.0,0.6666666666666666
1,PEDEGB,PREGRADO,2008,2013,17.0,20.0,0.5405405405405406
1,PEDEGB,PREGRADO,2009,2014,6.0,33.0,0.8461538461538461
1,PEDEGB,PREGRADO,2010,2015,7.0,9.0,0.5625
1,PEDEGB,PREGRADO,2011,2016,11.0,34.0,0.7555555555555555
1,PEDEGB,PREGRADO,2012,2017,13.0,20.0,0.6060606060606061
1,PEDEGB,PREGRADO,2013,2018,11.0,31.0,0.7380952380952381
1,PEDEGB,PREGRADO,2014,2019,17.0,17.0,0.5
1,PEDEGB,PREGRADO,2015,2020,21.0,24.0,0.5333333333333333
1,PEDEGB,PREGRADO,2016,2021,18.0,17.0,0.4857142857142857
1,PEDEGB,PREGRADO,2017,2022,22.0,16.0,0.42105263157894735
1,PEDEGB,PREGRADO,2018,2023,17.0,23.0,0.575
1,PEDEGB,PREGRADO,2019,2024,10.0,25.0,0.7142857142857143
1,PEDEGB,PREGRADO,2020,2025,12.0,25.0,0.6756756756756757
1,PEDEGB,PREGRADO,2021,2026,36.0,,
1,PEDEGB,PREGRADO,2022,2027,29.0,,
1,PEDEGB,PREGRADO,2023,2028,46.0,,
1,PEDEGB,PREGRADO,2024,2029,42.0,,
1,PEDEGB,PREGRADO,2025,2030,56.0,,
1,PEDFILOS,PREGRADO,2007,2012,33.0,2.0,0.05714285714285714
1,PEDFILOS,PREGRADO,2008,2013,36.0,1.0,0.02702702702702703
1,PEDFILOS,PREGRADO,2009,2014,35.0,,
1,PEDFILOS,PREGRADO,2010,2015,29.0,,
1,PEDFILOS,PREGRADO,2011,2016,26.0,2.0,0.07142857142857142
1,PEDFILOS,PREGRADO,2012,2017,13.0,,
1,PEDFILOS,PREGRADO,2013,2018,16.0,1.0,0.058823529411764705
1,PEDFILOS,PREGRADO,2014,2019,11.0,1.0,0.08333333333333333
1,PEDFILOS,PREGRADO,2015,2020,18.0,3.0,0.14285714285714285
1,PEDFILOS,PREGRADO,2016,2021,10.0,1.0,0.09090909090909091
1,PEDFILOS,PREGRADO,2017,2022,15.0,2.0,0.11764705882352941
1,PEDFILOS,PREGRADO,2018,2023,19.0,3.0,0.13636363636363635
1,PEDFILOS,PREGRADO,2019,2024,20.0,4.0,0.16666666666666666
1,PEDFILOS,PREGRADO,2020,2025,17.0,5.0,0.22727272727272727
1,PEDFILOS,PREGRADO,2021,2026,14.0,,
1,PEDFILOS,PREGRADO,2022,2027,13.0,,
1,PEDFILOS,PREGRADO,2023,2028,20.0,,
1,PEDFILOS,PREGRADO,2024,2029,20.0,,
1,PEDFILOS,PREGRADO,2025,2030,20.0,,
1,PEDFISMAT,PREGRADO,2007,2012,36.0,4.0,0.1
1,PEDFISMAT,PREGRADO,2008,2013,31.0,2.0,0.06060606060606061
1,PEDFISMAT,PREGRADO,2009,2014,15.0,20.0,0.5714285714285714
1,PEDFISMAT,PREGRADO,2010,2015,30.0,6.0,0.16666666666666666
1,PEDFISMAT,PREGRADO,2011,2016,27.0,14.0,0.34146341463414637
1,PEDFISMAT,PREGRADO,2012,2017,46.0,10.0,0.17857142857142858
1,PEDFISMAT,PREGRADO,2013,2018,31.0,12.0,0.27906976744186046
1,PEDFISMAT,PREGRADO,2014,2019,33.0,9.0,0.21428571428571427
1,PEDFISMAT,PREGRADO,2015,2020,44.0,,
1,PEDFISMAT,PREGRADO,2016,2021,40.0,2.0,0.047619047619047616
1,PEDFISMAT,PREGRADO,2017,2022,32.0,6.0,0.15789473684210525
1,PEDFISMAT,PREGRADO,2018,2023,40.0,9.0,0.1836734693877551
1,PEDFISMAT,PREGRADO,2019,2024,20.0,26.0,0.5652173913043478
1,PEDFISMAT,PREGRADO,2020,2025,33.0,21.0,0.3888888888888889
1,PEDFISMAT,PREGRADO,2021,2026,29.0,5.0,0.14705882352941177
1,PEDFISMAT,PREGRADO,2022,2027,30.0,,
1,PEDFISMAT,PREGRADO,2023,2028,35.0,,
1,PEDFISMAT,PREGRADO,2024,2029,25.0,,
1,PEDFISMAT,PREGRADO,2025,2030,25.0,,
1,PEDHS,DIPLOMADO,2014,2019,1.0,,
1,PEDHS,DIPLOMADO,2015,2020,1.0,7.0,0.875
1,PEDHS,DIPLOMADO,2016,2021,7.0,,
1,PEDHS,DIPLOMADO,2017,2022,6.0,15.0,0.7142857142857143
1,PEDHS,DIPLOMADO,2018,2023,1.0,27.0,0.9642857142857143
1,PEDHS,DIPLOMADO,2019,2024,9.0,44.0,0.8301886792452831
1,PEDHS,DIPLOMADO,2020,2025,,35.0,
1,PEDHS,PREGRADO,2007,2012,26.0,18.0,0.4090909090909091
1,PEDHS,PREGRADO,2008,2013,23.0,21.0,0.4772727272727273
1,PEDHS,PREGRADO,2009,2014,27.0,14.0,0.34146341463414637
1,PEDHS,PREGRADO,2010,2015,30.0,20.0,0.4
1,PEDHS,PREGRADO,2011,2016,35.0,16.0,0.3137254901960784
1,PEDHS,PREGRADO,2012,2017,15.0,19.0,0.5588235294117647
1,PEDHS,PREGRADO,2013,2018,25.0,12.0,0.32432432432432434
1,PEDHS,PREGRADO,2014,2019,29.0,19.0,0.3958333333333333
1,PEDHS,PREGRADO,2015,2020,34.0,3.0,0.08108108108108109
1,PEDHS,PREGRADO,2016,2021,16.0,16.0,0.5
1,PEDHS,PREGRADO,2017,2022,15.0,3.0,0.16666666666666666
1,PEDHS,PREGRADO,2018,2023,19.0,1.0,0.05
1,PEDHS,PREGRADO,2019,2024,27.0,25.0,0.4807692307692308
1,PEDHS,PREGRADO,2020,2025,22.0,2.0,0.08333333333333333
1,PEDHS,PREGRADO,2021,2026,60.0,,
1,PEDHS,PREGRADO,2022,2027,56.0,,
1,PEDHS,PREGRADO,2023,2028,60.0,,
1,PEDHS,PREGRADO,2024,2029,48.0,,
1,PEDHS,PREGRADO,2025,2030,58.0,,
1,PEDINGLES,PREGRADO,2007,2012,15.0,27.0,0.6428571428571429
1,PEDINGLES,PREGRADO,2008,2013,21.0,22.0,0.5116279069767442
1,PEDINGLES,PREGRADO,2009,2014,12.0,31.0,0.7209302325581395
1,PEDINGLES,PREGRADO,2010,2015,26.0,21.0,0.44680851063829785
1,PEDINGLES,PREGRADO,2011,2016,22.0,32.0,0.5925925925925926
1,PEDINGLES,PREGRADO,2012,2017,37.0,21.0,0.3620689655172414
1,PEDINGLES,PREGRADO,2013,2018,27.0,32.0,0.5423728813559322
1,PEDINGLES,PREGRADO,2014,2019,25.0,41.0,0.6212121212121212
1,PEDINGLES,PREGRADO,2015,2020,39.0,31.0,0.44285714285714284
1,PEDINGLES,PREGRADO,2016,2021,30.0,21.0,0.4117647058823529
1,PEDINGLES,PREGRADO,2017,2022,31.0,24.0,0.43636363636363634
1,PEDINGLES,PREGRADO,2018,2023,27.0,30.0,0.5263157894736842
1,PEDINGLES,PREGRADO,2019,2024,24.0,37.0,0.6065573770491803
1,PEDINGLES,PREGRADO,2020,2025,27.0,35.0,0.5645161290322581
1,PEDINGLES,PREGRADO,2021,2026,66.0,,
1,PEDINGLES,PREGRADO,2022,2027,60.0,,
1,PEDINGLES,PREGRADO,2023,2028,67.0,,
1,PEDINGLES,PREGRADO,2024,2029,46.0,,
1,PEDINGLES,PREGRADO,2025,2030,51.0,,
1,PEDMATCOMP,PREGRADO,2007,2011,63.0,1.0,0.015625
1,PEDMATCOMP,PREGRADO,2008,2012,56.0,3.0,0.05084745762711865
1,PEDMATCOMP,PREGRADO,2009,2013,60.0,3.0,0.047619047619047616
1,PEDMATCOMP,PREGRADO,2010,2014,54.0,4.0,0.06896551724137931
1,PEDMATCOMP,PREGRADO,2011,2015,40.0,1.0,0.024390243902439025
1,PEDMATCOMP,PREGRADO,2012,2016,2.0,1.0,0.3333333333333333
1,PEDMATCOMP,PREGRADO,2012,2017,37.0,2.0,0.05128205128205128
1,PEDMATCOMP,PREGRADO,2013,2018,31.0,4.0,0.11428571428571428
1,PEDMATCOMP,PREGRADO,2014,2019,27.0,7.0,0.20588235294117646
1,PEDMATCOMP,PREGRADO,2015,2020,41.0,3.0,0.06818181818181818
1,PEDMATCOMP,PREGRADO,2016,2021,25.0,9.0,0.2647058823529412
1,PEDMATCOMP,PREGRADO,2017,2022,32.0,6.0,0.15789473684210525
1,PEDMATCOMP,PREGRADO,2018,2023,32.0,15.0,0.3191489361702128
1,PEDMATCOMP,PREGRADO,2019,2024,31.0,15.0,0.32608695652173914
1,PEDMATCOMP,PREGRADO,2020,2025,41.0,22.0,0.3492063492063492
1,PEDMATCOMP,PREGRADO,2021,2026,57.0,,
1,PEDMATCOMP,PREGRADO,2022,2027,37.0,,
1,PEDMATCOMP,PREGRADO,2023,2028,29.0,,
1,PEDMATCOMP,PREGRADO,2024,2029,30.0,,
1,PEDMATCOMP,PREGRADO,2025,2030,41.0,,
1,PEDQUIMBIO,PREGRADO,2007,2012,32.0,5.0,0.13513513513513514
1,PEDQUIMBIO,PREGRADO,2008,2013,28.0,7.0,0.2
1,PEDQUIMBIO,PREGRADO,2009,2014,31.0,5.0,0.1388888888888889
1,PEDQUIMBIO,PREGRADO,2010,2015,29.0,5.0,0.14705882352941177
1,PEDQUIMBIO,PREGRADO,2011,2016,44.0,4.0,0.08333333333333333
1,PEDQUIMBIO,PREGRADO,2012,2017,23.0,2.0,0.08
1,PEDQUIMBIO,PREGRADO,2013,2018,32.0,5.0,0.13513513513513514
1,PEDQUIMBIO,PREGRADO,2014,2019,35.0,5.0,0.125
1,PEDQUIMBIO,PREGRADO,2015,2020,37.0,1.0,0.02631578947368421
1,PEDQUIMBIO,PREGRADO,2016,2021,33.0,3.0,0.08333333333333333
1,PEDQUIMBIO,PREGRADO,2017,2022,25.0,14.0,0.358974358974359
1,PEDQUIMBIO,PREGRADO,2018,2023,26.0,12.0,0.3157894736842105
1,PEDQUIMBIO,PREGRADO,2019,2024,33.0,10.0,0.23255813953488372
1,PEDQUIMBIO,PREGRADO,2020,2025,28.0,14.0,0.3333333333333333
1,PEDQUIMBIO,PREGRADO,2021,2026,15.0,5.0,0.25
1,PEDQUIMBIO,PREGRADO,2022,2027,13.0,,
1,PEDQUIMBIO,PREGRADO,2023,2028,15.0,,
1,PEDQUIMBIO,PREGRADO,2024,2029,20.0,,
1,PEDQUIMBIO,PREGRADO,2025,2030,35.0,,
1,PEP,PREGRADO,2007,2009,17.0,14.0,0.45161290322580644
1,PEP,PREGRADO,2008,2010,21.0,13.0,0.38235294117647056
1,PEP,PREGRADO,2009,2011,15.0,12.0,0.4444444444444444
1,PEP,PREGRADO,2010,2012,19.0,3.0,0.13636363636363635
1,PEP,PREGRADO,2011,2013,8.0,9.0,0.5294117647058824
1,PEP,PREGRADO,2012,2014,16.0,1.0,0.058823529411764705
1,PEP,PREGRADO,2013,2015,6.0,4.0,0.4
1,PEP,PREGRADO,2014,2016,3.0,4.0,0.5714285714285714
1,PEP,PREGRADO,2015,2017,10.0,2.0,0.16666666666666666
1,PEP,PREGRADO,2016,2018,9.0,8.0,0.47058823529411764
1,PEP,PREGRADO,2017,2019,11.0,5.0,0.3125
1,PEP,PREGRADO,2018,2020,6.0,5.0,0.45454545454545453
1,PEP,PREGRADO,2019,2021,1.0,9.0,0.9
1,PEP,PREGRADO,2020,2022,14.0,2.0,0.125
1,PEP,PREGRADO,2021,2023,3.0,5.0,0.625
1,PEP,PREGRADO,2022,2024,4.0,8.0,0.6666666666666666
1,PER,PREGRADO,2007,2010,11.0,8.0,0.42105263157894735
1,PER,PREGRADO,2007,2012,21.0,32.0,0.6037735849056604
1,PER,PREGRADO,2008,2011,8.0,1.0,0.1111111111111111
1,PER,PREGRADO,2008,2013,13.0,35.0,0.7291666666666666
1,PER,PREGRADO,2009,2012,10.0,5.0,0.3333333333333333
1,PER,PREGRADO,2009,2014,20.0,28.0,0.5833333333333334
1,PER,PREGRADO,2010,2013,14.0,8.0,0.36363636363636365
1,PER,PREGRADO,2010,2015,27.0,32.0,0.5423728813559322
1,PER,PREGRADO,2011,2014,10.0,10.0,0.5
1,PER,PREGRADO,2011,2016,14.0,30.0,0.6818181818181818
1,PER,PREGRADO,2012,2017,24.0,30.0,0.5555555555555556
1,PER,PREGRADO,2013,2018,45.0,44.0,0.4943820224719101
1,PER,PREGRADO,2014,2019,16.0,79.0,0.8315789473684211
1,PER,PREGRADO,2014,2022,8.0,19.0,0.7037037037037037
1,PER,PREGRADO,2015,2020,20.0,43.0,0.6825396825396826
1,PER,PREGRADO,2015,2023,8.0,22.0,0.7333333333333333
1,PER,PREGRADO,2016,2021,22.0,32.0,0.5925925925925926
1,PER,PREGRADO,2016,2024,7.0,18.0,0.72
1,PER,PREGRADO,2017,2022,16.0,33.0,0.673469387755102
1,PER,PREGRADO,2017,2025,12.0,16.0,0.5714285714285714
1,PER,PREGRADO,2018,2023,25.0,32.0,0.5614035087719298
1,PER,PREGRADO,2018,2026,9.0,17.0,0.6538461538461539
1,PER,PREGRADO,2019,2024,26.0,39.0,0.6
1,PER,PREGRADO,2019,2027,10.0,8.0,0.4444444444444444
1,PER,PREGRADO,2020,2025,31.0,49.0,0.6125
1,PER,PREGRADO,2020,2028,9.0,17.0,0.6538461538461539
1,PER,PREGRADO,2021,2025,7.0,10.0,0.5882352941176471
1,PER,PREGRADO,2021,2026,65.0,,
1,PER,PREGRADO,2022,2026,5.0,10.0,0.6666666666666666
1,PER,PREGRADO,2022,2027,81.0,,
1,PER,PREGRADO,2023,2027,9.0,,
1,PER,PREGRADO,2023,2028,74.0,,
1,PER,PREGRADO,2024,2028,17.0,,
1,PER,PREGRADO,2024,2029,62.0,,
1,PER,PREGRADO,2025,2029,15.0,,
1,PER,PREGRADO,2025,2030,60.0,,
1,PFMEI,PREGRADO,2021,2521,,5.0,
1,PFMEI,PREGRADO,2022,2522,,2.0,
1,PFMEI,PREGRADO,2023,2523,,1.0,
1,PFMEI,PREGRADO,2024,2524,1.0,,
1,PFMEI,PREGRADO,2025,2525,3.0,,
1,PFMENA,PREGRADO,2021,2521,,7.0,
1,PFMENA,PREGRADO,2022,2522,,4.0,
1,PFMENA,PREGRADO,2023,2523,7.0,,
1,PFMENA,PREGRADO,2024,2524,2.0,,
1,PFMENA,PREGRADO,2025,2525,5.0,,
1,POSACL,POSTITUTLO,2022,2522,3.0,24.0,0.8888888888888888
1,POSACL,POSTITUTLO,2023,2523,2.0,11.0,0.8461538461538461
1,POSACL,POSTITUTLO,2024,2524,3.0,11.0,0.7857142857142857
1,POSACL,POSTITUTLO,2025,2525,18.0,,
1,POSACU,POSTITUTLO,2011,2012,58.0,,
1,POSACU,POSTITUTLO,2012,2013,47.0,,
1,POSACU,POSTITUTLO,2013,2014,42.0,,
1,POSACU,POSTITUTLO,2014,2015,39.0,,
1,POSACU,POSTITUTLO,2015,2016,40.0,,
1,POSACU,POSTITUTLO,2016,2017,44.0,,
1,POSACU,POSTITUTLO,2017,2018,42.0,,
1,POSACU,POSTITUTLO,2018,2019,39.0,,
1,POSACU,POSTITUTLO,2019,2020,34.0,3.0,0.08108108108108109
1,POSAG,POSTITUTLO,2007,2008,36.0,,
1,POSAG,POSTITUTLO,2008,2009,24.0,,
1,POSAG,POSTITUTLO,2009,2010,7.0,,
1,POSAG,POSTITUTLO,2010,2011,8.0,,
1,POSAG,POSTITUTLO,2011,2012,7.0,,
1,POSAG,POSTITUTLO,2012,2013,9.0,,
1,POSAG,POSTITUTLO,2013,2014,8.0,,
1,POSAG,POSTITUTLO,2014,2015,17.0,,
1,POSAG,POSTITUTLO,2015,2016,26.0,,
1,POSAG,POSTITUTLO,2019,2020,7.0,,
1,POSAG,POSTITUTLO,2022,2522,,6.0,
1,POSAGE,POSTITUTLO,2011,2012,15.0,,
1,POSAGE,POSTITUTLO,2012,2013,5.0,,
1,POSAGE,POSTITUTLO,2013,2014,9.0,,
1,POSAM,POSTITUTLO,2007,2008,13.0,,
1,POSAM,POSTITUTLO,2008,2009,11.0,,
1,POSAM,POSTITUTLO,2009,2010,7.0,,
1,POSAM,POSTITUTLO,2010,2011,7.0,,
1,POSAM,POSTITUTLO,2011,2012,6.0,,
1,POSAM,POSTITUTLO,2012,2013,5.0,,
1,POSAM,POSTITUTLO,2013,2014,6.0,,
1,POSAM,POSTITUTLO,2016,2017,11.0,,
1,POSAM,POSTITUTLO,2017,2018,5.0,,
1,POSAM,POSTITUTLO,2018,2019,7.0,,
1,POSAM,POSTITUTLO,2019,2020,5.0,,
1,POSAN,POSTITUTLO,2007,2010,8.0,,
1,POSAN,POSTITUTLO,2008,2011,2.0,,
1,POSAN,POSTITUTLO,2009,2012,5.0,,
1,POSAN,POSTITUTLO,2010,2013,9.0,,
1,POSAN,POSTITUTLO,2011,2014,2.0,,
1,POSAN,POSTITUTLO,2012,2015,2.0,,
1,POSAN,POSTITUTLO,2013,2016,7.0,1.0,0.125
1,POSAN,POSTITUTLO,2014,2017,3.0,,
1,POSAN,POSTITUTLO,2015,2018,7.0,,
1,POSAN,POSTITUTLO,2016,2019,8.0,,
1,POSAN,POSTITUTLO,2017,2020,5.0,3.0,0.375
1,POSAN,POSTITUTLO,2018,2021,6.0,2.0,0.25
1,POSAN,POSTITUTLO,2019,2022,3.0,5.0,0.625
1,POSAN,POSTITUTLO,2020,2023,2.0,6.0,0.75
1,POSAN,POSTITUTLO,2021,2521,,8.0,
1,POSAN,POSTITUTLO,2023,2523,6.0,,
1,POSAPA,POSTITUTLO,2007,2010,4.0,,
1,POSAPA,POSTITUTLO,2009,2012,2.0,,
1,POSAPA,POSTITUTLO,2011,2014,1.0,,
1,POSAPA,POSTITUTLO,2013,2016,2.0,,
1,POSAPA,POSTITUTLO,2014,2017,3.0,,
1,POSAPA,POSTITUTLO,2016,2019,1.0,,
1,POSAPA,POSTITUTLO,2017,2020,1.0,1.0,0.5
1,POSAPA,POSTITUTLO,2018,2021,1.0,1.0,0.5
1,POSAPA,POSTITUTLO,2019,2022,,2.0,
1,POSAPA,POSTITUTLO,2020,2023,,2.0,
1,POSAPA,POSTITUTLO,2021,2521,1.0,5.0,0.8333333333333334
1,POSAPA,POSTITUTLO,2022,2522,,1.0,
1,POSAPA,POSTITUTLO,2023,2523,3.0,,
1,POSAPA,POSTITUTLO,2024,2524,3.0,,
1,POSCG,POSTITUTLO,2007,2010,18.0,,
1,POSCG,POSTITUTLO,2008,2011,8.0,,
1,POSCG,POSTITUTLO,2009,2012,14.0,,
1,POSCG,POSTITUTLO,2010,2013,14.0,,
1,POSCG,POSTITUTLO,2011,2014,10.0,,
1,POSCG,POSTITUTLO,2012,2015,4.0,,
1,POSCG,POSTITUTLO,2013,2016,15.0,,
1,POSCG,POSTITUTLO,2014,2017,7.0,,
1,POSCG,POSTITUTLO,2015,2018,6.0,5.0,0.45454545454545453
1,POSCG,POSTITUTLO,2016,2019,13.0,,
1,POSCG,POSTITUTLO,2017,2020,11.0,2.0,0.15384615384615385
1,POSCG,POSTITUTLO,2018,2021,12.0,3.0,0.2
1,POSCG,POSTITUTLO,2019,2022,13.0,3.0,0.1875
1,POSCG,POSTITUTLO,2020,2023,6.0,11.0,0.6470588235294118
1,POSCG,POSTITUTLO,2021,2024,12.0,4.0,0.25
1,POSCG,POSTITUTLO,2022,2025,5.0,2.0,0.2857142857142857
1,POSCG,POSTITUTLO,2023,2026,17.0,,
1,POSCG,POSTITUTLO,2024,2027,7.0,,
1,POSCG,POSTITUTLO,2025,2028,4.0,,
1,POSCGE,POSTITUTLO,2016,2017,10.0,,
1,POSCGE,POSTITUTLO,2022,2522,,3.0,
1,POSCI,POSTITUTLO,2008,2009,27.0,,
1,POSCI,POSTITUTLO,2009,2010,9.0,,
1,POSCI,POSTITUTLO,2010,2011,8.0,,
1,POSCI,POSTITUTLO,2011,2012,5.0,,
1,POSCI,POSTITUTLO,2012,2013,13.0,,
1,POSCI,POSTITUTLO,2013,2014,10.0,,
1,POSCI,POSTITUTLO,2014,2015,18.0,,
1,POSCI,POSTITUTLO,2015,2016,11.0,,
1,POSCI,POSTITUTLO,2018,2019,5.0,,
1,POSCI,POSTITUTLO,2019,2519,3.0,1.0,0.25
1,POSDI,POSTITUTLO,2019,2519,3.0,2.0,0.4
1,POSEBP,POSTITUTLO,2009,2011,1.0,,
1,POSEBP,POSTITUTLO,2011,2013,1.0,,
1,POSEBP,POSTITUTLO,2017,2019,1.0,,
1,POSEBP,POSTITUTLO,2019,2021,1.0,,
1,POSECP,POSTITUTLO,2016,2019,1.0,,
1,POSECP,POSTITUTLO,2017,2020,2.0,,
1,POSECP,POSTITUTLO,2018,2021,1.0,1.0,0.5
1,POSECP,POSTITUTLO,2019,2022,,4.0,
1,POSECP,POSTITUTLO,2020,2023,,4.0,
1,POSECP,POSTITUTLO,2023,2523,3.0,,
1,POSECP,POSTITUTLO,2024,2524,1.0,,
1,POSEDV,POSTITUTLO,2013,2016,4.0,,
1,POSEDV,POSTITUTLO,2015,2018,,4.0,
1,POSEDV,POSTITUTLO,2016,2019,4.0,,
1,POSEDV,POSTITUTLO,2017,2020,3.0,3.0,0.5
1,POSEDV,POSTITUTLO,2018,2021,3.0,4.0,0.5714285714285714
1,POSEDV,POSTITUTLO,2019,2022,1.0,6.0,0.8571428571428571
1,POSEDV,POSTITUTLO,2020,2023,1.0,3.0,0.75
1,POSEDV,POSTITUTLO,2021,2024,1.0,,
1,POSEDV,POSTITUTLO,2021,2521,,6.0,
1,POSEDV,POSTITUTLO,2022,2522,,2.0,
1,POSEDV,POSTITUTLO,2023,2026,4.0,,
1,POSEDV,POSTITUTLO,2023,2523,3.0,,
1,POSEDV,POSTITUTLO,2024,2524,2.0,,
1,POSEDV,POSTITUTLO,2025,2525,2.0,,
1,POSEI,POSTITUTLO,2007,2009,37.0,,
1,POSEI,POSTITUTLO,2008,2010,35.0,,
1,POSEI,POSTITUTLO,2009,2011,37.0,,
1,POSEI,POSTITUTLO,2010,2012,20.0,,
1,POSEI,POSTITUTLO,2011,2013,25.0,,
1,POSEI,POSTITUTLO,2012,2014,29.0,,
1,POSEI,POSTITUTLO,2013,2015,4.0,,
1,POSEI,POSTITUTLO,2014,2016,13.0,,
1,POSEI,POSTITUTLO,2015,2017,10.0,,
1,POSEI,POSTITUTLO,2016,2018,14.0,,
1,POSEI,POSTITUTLO,2017,2019,5.0,,
1,POSEMC,POSTITUTLO,2010,2012,6.0,,
1,POSEMI,POSTITUTLO,2007,2010,15.0,,
1,POSEMI,POSTITUTLO,2008,2011,5.0,,
1,POSEMI,POSTITUTLO,2009,2012,8.0,,
1,POSEMI,POSTITUTLO,2010,2013,9.0,,
1,POSEMI,POSTITUTLO,2011,2014,8.0,,
1,POSEMI,POSTITUTLO,2012,2015,5.0,,
1,POSEMI,POSTITUTLO,2013,2016,14.0,,
1,POSEMI,POSTITUTLO,2014,2017,14.0,,
1,POSEMI,POSTITUTLO,2015,2018,7.0,13.0,0.65
1,POSEMI,POSTITUTLO,2016,2019,18.0,,
1,POSEMI,POSTITUTLO,2017,2020,6.0,5.0,0.45454545454545453
1,POSEMI,POSTITUTLO,2018,2021,17.0,8.0,0.32
1,POSEMI,POSTITUTLO,2019,2022,6.0,12.0,0.6666666666666666
1,POSEMI,POSTITUTLO,2020,2023,7.0,12.0,0.631578947368421
1,POSEMI,POSTITUTLO,2021,2024,7.0,1.0,0.125
1,POSEMI,POSTITUTLO,2021,2521,1.0,17.0,0.9444444444444444
1,POSEMI,POSTITUTLO,2022,2025,1.0,,
1,POSEMI,POSTITUTLO,2022,2522,3.0,6.0,0.6666666666666666
1,POSEMI,POSTITUTLO,2023,2026,3.0,,
1,POSEMI,POSTITUTLO,2023,2523,23.0,,
1,POSEMI,POSTITUTLO,2024,2524,9.0,,
1,POSEMI,POSTITUTLO,2025,2525,4.0,,
1,POSEMIIA,POSTITUTLO,2014,2018,1.0,,
1,POSEMIIA,POSTITUTLO,2016,2020,1.0,,
1,POSEMIIA,POSTITUTLO,2017,2021,1.0,,
1,POSEMP,POSTITUTLO,2008,2009,40.0,,
1,POSEMP,POSTITUTLO,2011,2012,38.0,,
1,POSEMP,POSTITUTLO,2012,2013,53.0,,
1,POSEMP,POSTITUTLO,2014,2015,18.0,1.0,0.05263157894736842
1,POSENP,POSTITUTLO,2010,2013,1.0,,
1,POSENP,POSTITUTLO,2011,2014,1.0,,
1,POSENP,POSTITUTLO,2012,2015,3.0,,
1,POSENP,POSTITUTLO,2013,2016,4.0,,
1,POSENP,POSTITUTLO,2014,2017,3.0,,
1,POSENP,POSTITUTLO,2015,2018,,4.0,
1,POSENP,POSTITUTLO,2016,2019,4.0,,
1,POSENP,POSTITUTLO,2017,2020,2.0,2.0,0.5
1,POSENP,POSTITUTLO,2018,2021,1.0,,
1,POSENP,POSTITUTLO,2019,2022,,4.0,
1,POSENP,POSTITUTLO,2020,2023,2.0,2.0,0.5
1,POSENP,POSTITUTLO,2021,2521,1.0,3.0,0.75
1,POSENP,POSTITUTLO,2022,2522,1.0,1.0,0.5
1,POSENP,POSTITUTLO,2023,2523,5.0,,
1,POSENP,POSTITUTLO,2024,2524,2.0,,
1,POSENP,POSTITUTLO,2025,2525,2.0,,
1,POSEPI,POSTITUTLO,2007,2010,13.0,,
1,POSEPI,POSTITUTLO,2008,2011,4.0,,
1,POSEPI,POSTITUTLO,2009,2012,6.0,,
1,POSEPI,POSTITUTLO,2010,2013,5.0,,
1,POSEPI,POSTITUTLO,2011,2014,7.0,,
1,POSEPI,POSTITUTLO,2012,2015,7.0,,
1,POSEPI,POSTITUTLO,2013,2016,8.0,,
1,POSEPI,POSTITUTLO,2014,2017,7.0,,
1,POSEPI,POSTITUTLO,2015,2018,,9.0,
1,POSEPI,POSTITUTLO,2016,2019,8.0,,
1,POSEPI,POSTITUTLO,2017,2020,5.0,1.0,0.16666666666666666
1,POSEPI,POSTITUTLO,2018,2021,6.0,4.0,0.4
1,POSEPI,POSTITUTLO,2019,2022,3.0,7.0,0.7
1,POSEPI,POSTITUTLO,2020,2023,1.0,8.0,0.8888888888888888
1,POSEPI,POSTITUTLO,2021,2521,1.0,9.0,0.9
1,POSEPI,POSTITUTLO,2022,2522,,3.0,
1,POSEPI,POSTITUTLO,2023,2523,7.0,,
1,POSEPI,POSTITUTLO,2024,2524,6.0,,
1,POSEPI,POSTITUTLO,2025,2525,2.0,,
1,POSEPR,POSTITUTLO,2007,2009,34.0,,
1,POSEPR,POSTITUTLO,2008,2010,27.0,,
1,POSEPR,POSTITUTLO,2009,2011,30.0,,
1,POSEPR,POSTITUTLO,2010,2012,20.0,,
1,POSEPR,POSTITUTLO,2011,2013,25.0,,
1,POSEPR,POSTITUTLO,2012,2014,12.0,,
1,POSEPR,POSTITUTLO,2013,2015,9.0,,
1,POSEPR,POSTITUTLO,2014,2016,11.0,,
1,POSEPR,POSTITUTLO,2015,2017,8.0,,
1,POSESPI,POSTITUTLO,2014,2014,1.0,,
1,POSET,POSTITUTLO,2008,2009,12.0,,
1,POSET,POSTITUTLO,2009,2010,18.0,,
1,POSET,POSTITUTLO,2010,2011,24.0,,
1,POSET,POSTITUTLO,2011,2012,8.0,,
1,POSET,POSTITUTLO,2012,2013,4.0,,
1,POSET,POSTITUTLO,2014,2015,10.0,,
1,POSET,POSTITUTLO,2015,2016,7.0,,
1,POSGC,POSTITUTLO,2016,2017,36.0,,
1,POSGC,POSTITUTLO,2017,2018,29.0,,
1,POSGC,POSTITUTLO,2018,2019,24.0,,
1,POSGC,POSTITUTLO,2019,2020,21.0,7.0,0.25
1,POSGEO,POSTITUTLO,2007,2008,27.0,,
1,POSGEO,POSTITUTLO,2008,2009,22.0,,
1,POSGEO,POSTITUTLO,2009,2010,20.0,,
1,POSGER,POSTITUTLO,2007,2011,2.0,,
1,POSGER,POSTITUTLO,2014,2018,3.0,3.0,0.5
1,POSGER,POSTITUTLO,2015,2019,8.0,,
1,POSGER,POSTITUTLO,2016,2020,3.0,5.0,0.625
1,POSGER,POSTITUTLO,2017,2021,4.0,3.0,0.42857142857142855
1,POSGER,POSTITUTLO,2018,2022,1.0,7.0,0.875
1,POSGER,POSTITUTLO,2019,2023,2.0,3.0,0.6
1,POSGER,POSTITUTLO,2020,2024,2.0,6.0,0.75
1,POSGER,POSTITUTLO,2021,2025,4.0,7.0,0.6363636363636364
1,POSGER,POSTITUTLO,2022,2026,2.0,,
1,POSGER,POSTITUTLO,2023,2027,9.0,,
1,POSGER,POSTITUTLO,2024,2524,4.0,,
1,POSGER,POSTITUTLO,2025,2525,5.0,,
1,POSGO,POSTITUTLO,2007,2010,8.0,,
1,POSGO,POSTITUTLO,2008,2011,4.0,,
1,POSGO,POSTITUTLO,2009,2012,4.0,,
1,POSGO,POSTITUTLO,2010,2013,3.0,,
1,POSGO,POSTITUTLO,2011,2014,2.0,,
1,POSGO,POSTITUTLO,2013,2016,3.0,,
1,POSGO,POSTITUTLO,2014,2017,2.0,,
1,POSGO,POSTITUTLO,2015,2018,1.0,3.0,0.75
1,POSGO,POSTITUTLO,2016,2019,4.0,,
1,POSGO,POSTITUTLO,2017,2020,2.0,,
1,POSGO,POSTITUTLO,2018,2021,3.0,,
1,POSGO,POSTITUTLO,2019,2022,2.0,2.0,0.5
1,POSGO,POSTITUTLO,2020,2023,,5.0,
1,POSGO,POSTITUTLO,2021,2521,2.0,2.0,0.5
1,POSGO,POSTITUTLO,2022,2522,3.0,,
1,POSGO,POSTITUTLO,2023,2523,2.0,,
1,POSGO,POSTITUTLO,2024,2524,3.0,,
1,POSGO,POSTITUTLO,2025,2525,1.0,,
1,POSGOA,POSTITUTLO,2014,2015,1.0,,
1,POSGPNC,POSTITUTLO,2014,2015,19.0,,
1,POSGPNC,POSTITUTLO,2015,2016,1.0,,
1,POSGPNC,POSTITUTLO,2016,2017,1.0,,
1,POSIA,POSTITUTLO,2008,2010,1.0,,
1,POSIA,POSTITUTLO,2011,2013,1.0,,
1,POSIA,POSTITUTLO,2012,2014,1.0,,
1,POSIA,POSTITUTLO,2013,2015,1.0,,
1,POSIA,POSTITUTLO,2014,2016,1.0,,
1,POSIA,POSTITUTLO,2016,2018,2.0,,
1,POSIA,POSTITUTLO,2019,2519,1.0,,
1,POSIA,POSTITUTLO,2020,2520,,1.0,
1,POSIA,POSTITUTLO,2021,2521,,3.0,
1,POSIA,POSTITUTLO,2022,2522,1.0,3.0,0.75
1,POSIAM,POSTITUTLO,2007,2008,9.0,,
1,POSIAM,POSTITUTLO,2008,2009,8.0,,
1,POSIAM,POSTITUTLO,2009,2010,5.0,,
1,POSIAM,POSTITUTLO,2011,2012,14.0,,
1,POSIAM,POSTITUTLO,2012,2013,17.0,,
1,POSIAM,POSTITUTLO,2013,2014,9.0,,
1,POSIAM,POSTITUTLO,2014,2015,11.0,,
1,POSIAM,POSTITUTLO,2015,2016,9.0,,
1,POSIAM,POSTITUTLO,2017,2018,5.0,,
1,POSIC,POSTITUTLO,2007,2008,14.0,,
1,POSIC,POSTITUTLO,2008,2009,18.0,,
1,POSIC,POSTITUTLO,2009,2010,3.0,,
1,POSIC,POSTITUTLO,2010,2011,9.0,,
1,POSIC,POSTITUTLO,2012,2013,13.0,,
1,POSIC,POSTITUTLO,2013,2014,10.0,,
1,POSIC,POSTITUTLO,2014,2015,11.0,,
1,POSIMGA,POSTITUTLO,2015,2016,8.0,,
1,POSIMGA,POSTITUTLO,2016,2017,9.0,,
1,POSIMGA,POSTITUTLO,2018,2019,4.0,,
1,POSIMH,DIPLOMADO,2022,2023,8.0,,
1,POSIMH,POSTITUTLO,2018,2019,1.0,,
1,POSIMH,POSTITUTLO,2019,2020,1.0,,
1,POSIMH,POSTITUTLO,2020,2021,5.0,,
1,POSIMH,POSTITUTLO,2021,2022,19.0,,
1,POSIT,POSTITUTLO,2012,2013,7.0,,
1,POSIT,POSTITUTLO,2013,2014,13.0,,
1,POSIT,POSTITUTLO,2014,2015,11.0,,
1,POSIT,POSTITUTLO,2015,2016,12.0,,
1,POSIT,POSTITUTLO,2016,2017,2.0,,
1,POSLCEB,POSTITUTLO,2019,2519,12.0,18.0,0.6
1,POSLGEC,POSTITUTLO,2014,2015,12.0,,
1,POSLTRI,POSTITUTLO,2007,2008,33.0,,
1,POSLTRI,POSTITUTLO,2008,2009,23.0,,
1,POSLTRI,POSTITUTLO,2009,2010,38.0,,
1,POSLTRI,POSTITUTLO,2010,2011,31.0,,
1,POSLTRI,POSTITUTLO,2011,2012,30.0,,
1,POSLTRI,POSTITUTLO,2012,2013,31.0,,
1,POSLTRI,POSTITUTLO,2013,2014,25.0,,
1,POSLTRI,POSTITUTLO,2014,2015,24.0,,
1,POSLTRI,POSTITUTLO,2015,2016,36.0,,
1,POSLTRI,POSTITUTLO,2016,2017,31.0,,
1,POSLTRI,POSTITUTLO,2017,2018,27.0,,
1,POSLTRI,POSTITUTLO,2018,2019,20.0,,
1,POSMA,POSTITUTLO,2012,2013,64.0,,
1,POSMARN,POSTITUTLO,2007,2008,12.0,,
1,POSMARN,POSTITUTLO,2013,2014,1.0,,
1,POSMARN,POSTITUTLO,2014,2015,11.0,,
1,POSMDAF,POSTITUTLO,2018,2518,2.0,1.0,0.3333333333333333
1,POSMDAF,POSTITUTLO,2019,2022,,3.0,
1,POSMDAF,POSTITUTLO,2020,2023,,4.0,
1,POSMDAF,POSTITUTLO,2021,2024,,4.0,
1,POSMDAF,POSTITUTLO,2022,2025,,5.0,
1,POSMDAF,POSTITUTLO,2023,2026,5.0,,
1,POSMDAF,POSTITUTLO,2024,2524,4.0,,
1,POSMDAF,POSTITUTLO,2025,2525,2.0,,
1,POSMF,DIPLOMADO,2018,2021,,2.0,
1,POSMF,POSTITUTLO,2007,2010,2.0,,
1,POSMF,POSTITUTLO,2017,2517,,1.0,
1,POSMF,POSTITUTLO,2018,2021,1.0,3.0,0.75
1,POSMF,POSTITUTLO,2019,2022,2.0,6.0,0.75
1,POSMF,POSTITUTLO,2020,2023,1.0,1.0,0.5
1,POSMF,POSTITUTLO,2021,2024,,1.0,
1,POSMF,POSTITUTLO,2021,2521,2.0,6.0,0.75
1,POSMF,POSTITUTLO,2022,2522,1.0,3.0,0.75
1,POSMF,POSTITUTLO,2023,2523,9.0,,
1,POSMF,POSTITUTLO,2024,2524,1.0,,
1,POSMIIA,POSTITUTLO,2014,2018,1.0,2.0,0.6666666666666666
1,POSMIIA,POSTITUTLO,2016,2020,1.0,,
1,POSMIIA,POSTITUTLO,2017,2021,1.0,,
1,POSMIIA,POSTITUTLO,2018,2022,2.0,1.0,0.3333333333333333
1,POSMIIA,POSTITUTLO,2019,2023,3.0,,
1,POSMIIA,POSTITUTLO,2020,2024,3.0,2.0,0.4
1,POSMIIA,POSTITUTLO,2021,2025,,1.0,
1,POSMIIA,POSTITUTLO,2023,2027,1.0,,
1,POSMIIA,POSTITUTLO,2024,2028,2.0,,
1,POSMP,POSTITUTLO,2010,2011,20.0,,
1,POSMP,POSTITUTLO,2012,2013,17.0,,
1,POSMPD,POSTITUTLO,2016,2017,29.0,,
1,POSMU,POSTITUTLO,2007,2010,3.0,,
1,POSMU,POSTITUTLO,2008,2011,1.0,,
1,POSMU,POSTITUTLO,2009,2012,1.0,,
1,POSMU,POSTITUTLO,2010,2013,1.0,,
1,POSMU,POSTITUTLO,2011,2014,3.0,,
1,POSMU,POSTITUTLO,2012,2015,3.0,,
1,POSMU,POSTITUTLO,2013,2016,14.0,,
1,POSMU,POSTITUTLO,2014,2017,2.0,,
1,POSMU,POSTITUTLO,2015,2018,4.0,2.0,0.3333333333333333
1,POSMU,POSTITUTLO,2016,2019,5.0,1.0,0.16666666666666666
1,POSMU,POSTITUTLO,2017,2020,7.0,,
1,POSMU,POSTITUTLO,2018,2021,4.0,3.0,0.42857142857142855
1,POSMU,POSTITUTLO,2019,2022,7.0,6.0,0.46153846153846156
1,POSMU,POSTITUTLO,2020,2023,8.0,2.0,0.2
1,POSMU,POSTITUTLO,2021,2024,1.0,2.0,0.6666666666666666
1,POSMU,POSTITUTLO,2022,2025,4.0,2.0,0.3333333333333333
1,POSMU,POSTITUTLO,2023,2026,7.0,,
1,POSMU,POSTITUTLO,2024,2027,4.0,,
1,POSMU,POSTITUTLO,2025,2028,2.0,,
1,POSNEU,POSTITUTLO,2007,2010,7.0,,
1,POSNEU,POSTITUTLO,2009,2012,3.0,,
1,POSNEU,POSTITUTLO,2010,2013,1.0,,
1,POSNEU,POSTITUTLO,2011,2014,2.0,,
1,POSNEU,POSTITUTLO,2012,2015,1.0,,
1,POSNEU,POSTITUTLO,2013,2016,2.0,,
1,POSNEU,POSTITUTLO,2014,2017,2.0,,
1,POSNEU,POSTITUTLO,2015,2018,3.0,3.0,0.5
1,POSNEU,POSTITUTLO,2016,2019,6.0,,
1,POSNEU,POSTITUTLO,2017,2020,6.0,1.0,0.14285714285714285
1,POSNEU,POSTITUTLO,2018,2021,5.0,1.0,0.16666666666666666
1,POSNEU,POSTITUTLO,2019,2022,,5.0,
1,POSNEU,POSTITUTLO,2020,2023,2.0,5.0,0.7142857142857143
1,POSNEU,POSTITUTLO,2022,2025,1.0,,
1,POSNEU,POSTITUTLO,2023,2026,1.0,,
1,POSNEUC,POSTITUTLO,2010,2014,1.0,,
1,POSNEUC,POSTITUTLO,2011,2015,1.0,,
1,POSNEUC,POSTITUTLO,2012,2016,1.0,,
1,POSNEUC,POSTITUTLO,2014,2018,,2.0,
1,POSNEUC,POSTITUTLO,2015,2019,2.0,,
1,POSNEUC,POSTITUTLO,2016,2020,,2.0,
1,POSNEUC,POSTITUTLO,2017,2021,1.0,1.0,0.5
1,POSNEUC,POSTITUTLO,2018,2022,,1.0,
1,POSNEUC,POSTITUTLO,2019,2023,2.0,1.0,0.3333333333333333
1,POSNEUC,POSTITUTLO,2020,2520,,3.0,
1,POSNEUC,POSTITUTLO,2021,2521,2.0,3.0,0.6
1,POSNEUC,POSTITUTLO,2022,2522,1.0,,
1,POSNEUC,POSTITUTLO,2023,2523,4.0,,
1,POSNEUC,POSTITUTLO,2024,2524,2.0,,
1,POSNEUP,POSTITUTLO,2009,2012,1.0,,
1,POSNEUP,POSTITUTLO,2011,2014,2.0,,
1,POSNEUP,POSTITUTLO,2012,2015,1.0,,
1,POSNEUP,POSTITUTLO,2016,2019,1.0,,
1,POSNEUP,POSTITUTLO,2018,2021,1.0,,
1,POSNEUP,POSTITUTLO,2021,2521,,1.0,
1,POSNEUP,POSTITUTLO,2022,2522,,1.0,
1,POSNEUP,POSTITUTLO,2024,2524,1.0,,
1,POSOFT,POSTITUTLO,2019,2022,1.0,1.0,0.5
1,POSOFT,POSTITUTLO,2020,2023,,2.0,
1,POSOFT,POSTITUTLO,2021,2521,,2.0,
1,POSOFT,POSTITUTLO,2023,2523,2.0,,
1,POSOFT,POSTITUTLO,2024,2524,1.0,,
1,POSOFT,POSTITUTLO,2025,2525,1.0,,
1,POSOPT,POSTITUTLO,2020,2520,2.0,1.0,0.3333333333333333
1,POSOPT,POSTITUTLO,2021,2521,2.0,,
1,POSOPT,POSTITUTLO,2022,2522,5.0,,
1,POSOPT,POSTITUTLO,2023,2523,4.0,,
1,POSORTI,POSTITUTLO,2019,2519,,9.0,
1,POSORTI,POSTITUTLO,2020,2023,2.0,7.0,0.7777777777777778
1,POSORTI,POSTITUTLO,2021,2024,1.0,,
1,POSORTI,POSTITUTLO,2021,2521,,8.0,
1,POSORTI,POSTITUTLO,2022,2025,2.0,,
1,POSORTI,POSTITUTLO,2022,2522,,7.0,
1,POSORTI,POSTITUTLO,2023,2026,1.0,,
1,POSORTI,POSTITUTLO,2023,2523,9.0,,
1,POSORTI,POSTITUTLO,2024,2524,6.0,,
1,POSORTI,POSTITUTLO,2025,2525,2.0,,
1,POSPA,POSTITUTLO,2009,2012,2.0,,
1,POSPA,POSTITUTLO,2010,2013,6.0,,
1,POSPA,POSTITUTLO,2011,2014,7.0,,
1,POSPA,POSTITUTLO,2012,2015,6.0,,
1,POSPA,POSTITUTLO,2013,2016,15.0,,
1,POSPA,POSTITUTLO,2014,2017,9.0,2.0,0.18181818181818182
1,POSPA,POSTITUTLO,2015,2018,9.0,12.0,0.5714285714285714
1,POSPA,POSTITUTLO,2016,2019,16.0,,
1,POSPA,POSTITUTLO,2017,2020,19.0,2.0,0.09523809523809523
1,POSPA,POSTITUTLO,2018,2021,12.0,6.0,0.3333333333333333
1,POSPA,POSTITUTLO,2019,2022,2.0,19.0,0.9047619047619048
1,POSPA,POSTITUTLO,2020,2023,2.0,19.0,0.9047619047619048
1,POSPA,POSTITUTLO,2021,2024,2.0,17.0,0.8947368421052632
1,POSPA,POSTITUTLO,2022,2025,1.0,7.0,0.875
1,POSPA,POSTITUTLO,2023,2026,18.0,,
1,POSPA,POSTITUTLO,2024,2027,11.0,,
1,POSPA,POSTITUTLO,2025,2028,4.0,,
1,POSPED,POSTITUTLO,2007,2010,2.0,,
1,POSPED,POSTITUTLO,2009,2012,1.0,,
1,POSPED,POSTITUTLO,2010,2013,3.0,,
1,POSPED,POSTITUTLO,2011,2014,3.0,,
1,POSPED,POSTITUTLO,2012,2015,3.0,,
1,POSPED,POSTITUTLO,2013,2016,3.0,,
1,POSPED,POSTITUTLO,2014,2017,2.0,,
1,POSPED,POSTITUTLO,2015,2018,4.0,,
1,POSPED,POSTITUTLO,2016,2019,8.0,,
1,POSPED,POSTITUTLO,2017,2020,11.0,,
1,POSPED,POSTITUTLO,2018,2021,11.0,2.0,0.15384615384615385
1,POSPED,POSTITUTLO,2019,2022,7.0,2.0,0.2222222222222222
1,POSPED,POSTITUTLO,2020,2023,8.0,,
1,POSPED,POSTITUTLO,2021,2024,2.0,,
1,POSPED,POSTITUTLO,2021,2521,2.0,4.0,0.6666666666666666
1,POSPED,POSTITUTLO,2022,2025,2.0,,
1,POSPED,POSTITUTLO,2022,2522,5.0,,
1,POSPED,POSTITUTLO,2023,2026,1.0,,
1,POSPED,POSTITUTLO,2023,2523,6.0,,
1,POSPED,POSTITUTLO,2024,2524,3.0,,
1,POSPED,POSTITUTLO,2025,2525,1.0,,
1,POSPP,POSTITUTLO,2007,2009,32.0,,
1,POSPP,POSTITUTLO,2008,2010,38.0,,
1,POSPP,POSTITUTLO,2009,2011,33.0,,
1,POSPP,POSTITUTLO,2010,2012,27.0,,
1,POSPP,POSTITUTLO,2011,2013,38.0,,
1,POSPP,POSTITUTLO,2012,2014,24.0,,
1,POSPP,POSTITUTLO,2013,2015,28.0,,
1,POSPP,POSTITUTLO,2014,2016,28.0,,
1,POSPP,POSTITUTLO,2015,2017,32.0,,
1,POSPP,POSTITUTLO,2016,2018,19.0,,
1,POSPP,POSTITUTLO,2017,2019,16.0,,
1,POSREI,POSTITUTLO,2010,2013,17.0,,
1,POSREI,POSTITUTLO,2011,2014,2.0,,
1,POSREI,POSTITUTLO,2012,2015,3.0,,
1,POSREI,POSTITUTLO,2013,2016,6.0,,
1,POSREI,POSTITUTLO,2014,2017,2.0,,
1,POSREI,POSTITUTLO,2015,2018,2.0,3.0,0.6
1,POSREI,POSTITUTLO,2016,2019,5.0,,
1,POSREI,POSTITUTLO,2017,2020,4.0,1.0,0.2
1,POSREI,POSTITUTLO,2018,2021,3.0,2.0,0.4
1,POSREI,POSTITUTLO,2019,2022,1.0,4.0,0.8
1,POSREI,POSTITUTLO,2020,2023,,5.0,
1,POSREI,POSTITUTLO,2022,2025,1.0,,
1,POSREI,POSTITUTLO,2023,2026,4.0,,
1,POSRI,POSTITUTLO,2019,2020,10.0,,
1,POSSECT,POSTITUTLO,2016,2018,,1.0,
1,POSSECT,POSTITUTLO,2017,2019,1.0,,
1,POSSRA,POSTITUTLO,2013,2014,24.0,,
1,POSTGCP,POSTITUTLO,2019,2020,6.0,,
1,POSTGCP,POSTITUTLO,2021,2521,,6.0,
1,POSTGCP,POSTITUTLO,2022,2522,,9.0,
1,POSTROR,POSTITUTLO,2007,2010,11.0,,
1,POSTROR,POSTITUTLO,2008,2011,6.0,,
1,POSTROR,POSTITUTLO,2009,2012,9.0,,
1,POSTROR,POSTITUTLO,2010,2013,11.0,,
1,POSTROR,POSTITUTLO,2011,2014,12.0,,
1,POSTROR,POSTITUTLO,2012,2015,11.0,,
1,POSTROR,POSTITUTLO,2013,2016,16.0,,
1,POSTROR,POSTITUTLO,2014,2017,13.0,,
1,POSTROR,POSTITUTLO,2015,2018,1.0,18.0,0.9473684210526315
1,POSTROR,POSTITUTLO,2016,2019,16.0,,
1,POSTROR,POSTITUTLO,2017,2020,13.0,5.0,0.2777777777777778
1,POSTROR,POSTITUTLO,2018,2021,16.0,5.0,0.23809523809523808
1,POSTROR,POSTITUTLO,2019,2022,5.0,11.0,0.6875
1,POSTROR,POSTITUTLO,2020,2023,4.0,10.0,0.7142857142857143
1,POSTROR,POSTITUTLO,2021,2024,1.0,15.0,0.9375
1,POSTROR,POSTITUTLO,2022,2025,,6.0,
1,POSTROR,POSTITUTLO,2023,2026,15.0,,
1,POSTROR,POSTITUTLO,2024,2027,6.0,,
1,POSTROR,POSTITUTLO,2025,2028,4.0,,
1,POSTYR,POSTITUTLO,2010,2011,7.0,,
1,POSTYR,POSTITUTLO,2012,2013,5.0,,
1,POSTYR,POSTITUTLO,2013,2014,6.0,,
1,POSTYR,POSTITUTLO,2014,2015,9.0,,
1,POSTYR,POSTITUTLO,2015,2016,6.0,,
1,POSTYR,POSTITUTLO,2016,2017,1.0,,
1,POSTYR,POSTITUTLO,2017,2018,4.0,,
1,POSTYR,POSTITUTLO,2018,2019,1.0,,
1,POSTYR,POSTITUTLO,2019,2020,,7.0,
1,POSTYR,POSTITUTLO,2021,2022,1.0,5.0,0.8333333333333334
1,POSTYR,POSTITUTLO,2022,2522,,6.0,
1,POSTYR,POSTITUTLO,2023,2523,3.0,2.0,0.4
1,POSTYR,POSTITUTLO,2024,2524,2.0,12.0,0.8571428571428571
1,POSTYR,POSTITUTLO,2025,2525,5.0,4.0,0.4444444444444444
1,POSURO,POSTITUTLO,2007,2010,3.0,,
1,POSURO,POSTITUTLO,2008,2011,2.0,,
1,POSURO,POSTITUTLO,2009,2012,5.0,,
1,POSURO,POSTITUTLO,2010,2013,3.0,,
1,POSURO,POSTITUTLO,2011,2014,2.0,,
1,POSURO,POSTITUTLO,2012,2015,1.0,,
1,POSURO,POSTITUTLO,2013,2016,4.0,,
1,POSURO,POSTITUTLO,2014,2017,1.0,,
1,POSURO,POSTITUTLO,2015,2018,2.0,3.0,0.6
1,POSURO,POSTITUTLO,2016,2019,5.0,,
1,POSURO,POSTITUTLO,2017,2020,,3.0,
1,POSURO,POSTITUTLO,2018,2021,1.0,4.0,0.8
1,POSURO,POSTITUTLO,2019,2022,,5.0,
1,POSURO,POSTITUTLO,2020,2023,,5.0,
1,POSURO,POSTITUTLO,2021,2521,,5.0,
1,POSURO,POSTITUTLO,2022,2025,,2.0,
1,POSURO,POSTITUTLO,2022,2522,,1.0,
1,POSURO,POSTITUTLO,2023,2026,2.0,,
1,POSURO,POSTITUTLO,2023,2523,4.0,,
1,POSURO,POSTITUTLO,2024,2524,3.0,,
1,POSURO,POSTITUTLO,2025,2525,6.0,,
1,PRE,PREGRADO,2007,2010,8.0,62.0,0.8857142857142857
1,PRE,PREGRADO,2008,2011,13.0,68.0,0.8395061728395061
1,PRE,PREGRADO,2009,2011,11.0,71.0,0.8658536585365854
1,PRE,PREGRADO,2009,2012,1.0,15.0,0.9375
1,PRE,PREGRADO,2010,2012,6.0,24.0,0.8
1,PRE,PREGRADO,2011,2013,8.0,38.0,0.8260869565217391
1,PRE,PREGRADO,2012,2014,2.0,34.0,0.9444444444444444
1,PRE,PREGRADO,2012,2015,2.0,13.0,0.8666666666666667
1,PRE,PREGRADO,2013,2016,12.0,26.0,0.6842105263157895
1,PRE,PREGRADO,2014,2017,6.0,25.0,0.8064516129032258
1,PRE,PREGRADO,2015,2018,18.0,44.0,0.7096774193548387
1,PRE,PREGRADO,2016,2019,13.0,23.0,0.6388888888888888
1,PRE,PREGRADO,2017,2020,24.0,32.0,0.5714285714285714
1,PRE,PREGRADO,2018,2021,28.0,10.0,0.2631578947368421
1,PRE,PREGRADO,2019,2022,21.0,17.0,0.4473684210526316
1,PRE,PREGRADO,2020,2023,4.0,29.0,0.8787878787878788
1,PRE,PREGRADO,2021,2024,10.0,30.0,0.75
1,PRE,PREGRADO,2022,2025,15.0,19.0,0.5588235294117647
1,PRE,PREGRADO,2023,2026,13.0,23.0,0.6388888888888888
1,PRE,PREGRADO,2024,2027,33.0,,
1,PRE,PREGRADO,2025,2028,37.0,,
1,PSI,DIPLOMADO,2007,2013,24.0,37.0,0.6065573770491803
1,PSI,DIPLOMADO,2008,2014,18.0,35.0,0.660377358490566
1,PSI,DIPLOMADO,2009,2015,20.0,25.0,0.5555555555555556
1,PSI,DIPLOMADO,2010,2015,14.0,35.0,0.7142857142857143
1,PSI,DIPLOMADO,2010,2016,,1.0,
1,PSI,DIPLOMADO,2011,2016,22.0,32.0,0.5925925925925926
1,PSI,DIPLOMADO,2012,2017,23.0,47.0,0.6714285714285714
1,PSI,DIPLOMADO,2013,2018,25.0,33.0,0.5689655172413793
1,PSI,DIPLOMADO,2014,2019,21.0,46.0,0.6865671641791045
1,PSI,DIPLOMADO,2015,2020,27.0,43.0,0.6142857142857143
1,PSI,DIPLOMADO,2016,2021,12.0,56.0,0.8235294117647058
1,PSI,DIPLOMADO,2017,2022,4.0,9.0,0.6923076923076923
1,PSI,DIPLOMADO,2018,2023,14.0,41.0,0.7454545454545455
1,PSI,DIPLOMADO,2019,2024,8.0,50.0,0.8620689655172413
1,PSI,DIPLOMADO,2020,2025,,73.0,
1,PSI,DIPLOMADO,2021,2026,,1.0,
1,PSI,PREGRADO,2007,2013,10.0,,
1,PSI,PREGRADO,2008,2014,16.0,,
1,PSI,PREGRADO,2009,2015,19.0,,
1,PSI,PREGRADO,2010,2015,14.0,1.0,0.06666666666666667
1,PSI,PREGRADO,2010,2016,1.0,,
1,PSI,PREGRADO,2011,2016,11.0,,
1,PSI,PREGRADO,2012,2017,28.0,,
1,PSI,PREGRADO,2013,2018,26.0,,
1,PSI,PREGRADO,2014,2019,24.0,1.0,0.04
1,PSI,PREGRADO,2015,2020,29.0,,
1,PSI,PREGRADO,2016,2021,22.0,,
1,PSI,PREGRADO,2017,2022,25.0,28.0,0.5283018867924528
1,PSI,PREGRADO,2018,2023,36.0,3.0,0.07692307692307693
1,PSI,PREGRADO,2019,2024,27.0,15.0,0.35714285714285715
1,PSI,PREGRADO,2020,2025,44.0,3.0,0.06382978723404255
1,PSI,PREGRADO,2021,2026,115.0,,
1,PSI,PREGRADO,2022,2027,116.0,,
1,PSI,PREGRADO,2023,2028,126.0,,
1,PSI,PREGRADO,2024,2029,75.0,,
1,PSI,PREGRADO,2025,2030,92.0,,
1,PUB,PREGRADO,2007,2010,9.0,8.0,0.47058823529411764
1,PUB,PREGRADO,2007,2012,32.0,37.0,0.5362318840579711
1,PUB,PREGRADO,2008,2011,12.0,1.0,0.07692307692307693
1,PUB,PREGRADO,2008,2013,25.0,35.0,0.5833333333333334
1,PUB,PREGRADO,2009,2012,6.0,3.0,0.3333333333333333
1,PUB,PREGRADO,2009,2014,21.0,35.0,0.625
1,PUB,PREGRADO,2010,2015,31.0,28.0,0.4745762711864407
1,PUB,PREGRADO,2011,2016,28.0,38.0,0.5757575757575758
1,PUB,PREGRADO,2012,2017,31.0,29.0,0.48333333333333334
1,PUB,PREGRADO,2013,2016,1.0,6.0,0.8571428571428571
1,PUB,PREGRADO,2013,2018,27.0,41.0,0.6029411764705882
1,PUB,PREGRADO,2014,2019,40.0,37.0,0.4805194805194805
1,PUB,PREGRADO,2015,2020,38.0,27.0,0.4153846153846154
1,PUB,PREGRADO,2016,2021,24.0,28.0,0.5384615384615384
1,PUB,PREGRADO,2017,2022,23.0,30.0,0.5660377358490566
1,PUB,PREGRADO,2018,2023,22.0,32.0,0.5925925925925926
1,PUB,PREGRADO,2019,2024,18.0,41.0,0.6949152542372882
1,PUB,PREGRADO,2020,2025,23.0,57.0,0.7125
1,PUB,PREGRADO,2021,2026,17.0,57.0,0.7702702702702703
1,PUB,PREGRADO,2022,2027,75.0,,
1,PUB,PREGRADO,2023,2028,52.0,,
1,PUB,PREGRADO,2024,2029,37.0,,
1,PUB,PREGRADO,2025,2030,61.0,,
1,QYF,PREGRADO,2013,2018,32.0,13.0,0.28888888888888886
1,QYF,PREGRADO,2014,2019,24.0,19.0,0.4418604651162791
1,QYF,PREGRADO,2015,2020,42.0,11.0,0.20754716981132076
1,QYF,PREGRADO,2016,2021,40.0,13.0,0.24528301886792453
1,QYF,PREGRADO,2017,2022,31.0,20.0,0.39215686274509803
1,QYF,PREGRADO,2018,2023,34.0,30.0,0.46875
1,QYF,PREGRADO,2019,2024,27.0,36.0,0.5714285714285714
1,QYF,PREGRADO,2020,2025,42.0,36.0,0.46153846153846156
1,QYF,PREGRADO,2021,2026,85.0,,
1,QYF,PREGRADO,2022,2027,89.0,,
1,QYF,PREGRADO,2023,2028,92.0,,
1,QYF,PREGRADO,2024,2029,77.0,,
1,QYF,PREGRADO,2025,2030,87.0,,
1,TAI,PREGRADO,2007,2009,1.0,,
1,TAI,PREGRADO,2007,2010,17.0,23.0,0.575
1,TAI,PREGRADO,2008,2010,1.0,,
1,TAI,PREGRADO,2008,2011,21.0,23.0,0.5227272727272727
1,TAI,PREGRADO,2009,2012,20.0,25.0,0.5555555555555556
1,TAI,PREGRADO,2010,2013,26.0,20.0,0.43478260869565216
1,TAI,PREGRADO,2011,2014,34.0,18.0,0.34615384615384615
1,TAI,PREGRADO,2012,2015,23.0,15.0,0.39473684210526316
1,TAI,PREGRADO,2013,2016,33.0,24.0,0.42105263157894735
1,TAI,PREGRADO,2014,2017,28.0,29.0,0.5087719298245614
1,TAI,PREGRADO,2015,2018,40.0,20.0,0.3333333333333333
1,TAI,PREGRADO,2016,2019,28.0,21.0,0.42857142857142855
1,TAI,PREGRADO,2017,2020,26.0,12.0,0.3157894736842105
1,TAI,PREGRADO,2018,2021,22.0,14.0,0.3888888888888889
1,TAI,PREGRADO,2019,2022,37.0,15.0,0.28846153846153844
1,TAI,PREGRADO,2020,2023,31.0,13.0,0.29545454545454547
1,TAI,PREGRADO,2021,2024,29.0,10.0,0.2564102564102564
1,TAI,PREGRADO,2022,2025,27.0,3.0,0.1
1,TAI,PREGRADO,2023,2026,48.0,,
1,TAI,PREGRADO,2024,2027,56.0,,
1,TAI,PREGRADO,2025,2028,40.0,,
1,TAP,PREGRADO,2007,2009,,5.0,
1,TAP,PREGRADO,2007,2010,34.0,56.0,0.6222222222222222
1,TAP,PREGRADO,2008,2010,2.0,12.0,0.8571428571428571
1,TAP,PREGRADO,2008,2011,49.0,43.0,0.4673913043478261
1,TAP,PREGRADO,2009,2012,36.0,44.0,0.55
1,TAP,PREGRADO,2010,2013,37.0,59.0,0.6145833333333334
1,TAP,PREGRADO,2011,2014,39.0,58.0,0.5979381443298969
1,TAP,PREGRADO,2012,2015,33.0,49.0,0.5975609756097561
1,TAP,PREGRADO,2013,2016,35.0,51.0,0.5930232558139535
1,TAP,PREGRADO,2014,2017,54.0,38.0,0.41304347826086957
1,TAP,PREGRADO,2015,2018,64.0,69.0,0.518796992481203
1,TAP,PREGRADO,2016,2019,31.0,48.0,0.6075949367088608
1,TAP,PREGRADO,2017,2020,36.0,20.0,0.35714285714285715
1,TAP,PREGRADO,2018,2021,21.0,27.0,0.5625
1,TAP,PREGRADO,2019,2022,20.0,27.0,0.574468085106383
1,TAP,PREGRADO,2020,2023,17.0,12.0,0.41379310344827586
1,TAP,PREGRADO,2021,2024,21.0,15.0,0.4166666666666667
1,TAP,PREGRADO,2022,2025,19.0,17.0,0.4722222222222222
1,TAP,PREGRADO,2023,2026,36.0,,
1,TAP,PREGRADO,2024,2027,30.0,,
1,TCI,PREGRADO,2007,2010,12.0,23.0,0.6571428571428571
1,TCI,PREGRADO,2008,2010,2.0,7.0,0.7777777777777778
1,TCI,PREGRADO,2008,2011,18.0,29.0,0.6170212765957447
1,TCI,PREGRADO,2009,2012,11.0,28.0,0.717948717948718
1,TCI,PREGRADO,2010,2013,10.0,29.0,0.7435897435897436
1,TCI,PREGRADO,2011,2014,16.0,33.0,0.673469387755102
1,TCI,PREGRADO,2012,2015,11.0,18.0,0.6206896551724138
1,TCI,PREGRADO,2013,2016,21.0,33.0,0.6111111111111112
1,TCI,PREGRADO,2014,2017,18.0,27.0,0.6
1,TCI,PREGRADO,2015,2018,9.0,42.0,0.8235294117647058
1,TCI,PREGRADO,2016,2019,12.0,27.0,0.6923076923076923
1,TCI,PREGRADO,2017,2020,18.0,19.0,0.5135135135135135
1,TCI,PREGRADO,2018,2021,25.0,17.0,0.40476190476190477
1,TCI,PREGRADO,2019,2022,12.0,25.0,0.6756756756756757
1,TCI,PREGRADO,2020,2023,15.0,11.0,0.4230769230769231
1,TCI,PREGRADO,2021,2024,9.0,7.0,0.4375
1,TCI,PREGRADO,2022,2025,3.0,1.0,0.25
1,TCO,PREGRADO,2007,2010,10.0,27.0,0.7297297297297297
1,TCO,PREGRADO,2008,2011,20.0,31.0,0.6078431372549019
1,TCO,PREGRADO,2009,2012,19.0,26.0,0.5777777777777777
1,TCO,PREGRADO,2010,2013,21.0,26.0,0.5531914893617021
1,TCO,PREGRADO,2011,2014,21.0,33.0,0.6111111111111112
1,TCO,PREGRADO,2012,2015,17.0,11.0,0.39285714285714285
1,TCO,PREGRADO,2013,2016,30.0,15.0,0.3333333333333333
1,TCO,PREGRADO,2014,2017,19.0,24.0,0.5581395348837209
1,TCO,PREGRADO,2015,2018,32.0,26.0,0.4482758620689655
1,TCO,PREGRADO,2016,2019,21.0,30.0,0.5882352941176471
1,TCO,PREGRADO,2017,2020,19.0,18.0,0.4864864864864865
1,TCO,PREGRADO,2018,2021,29.0,7.0,0.19444444444444445
1,TCO,PREGRADO,2019,2022,29.0,21.0,0.42
1,TCO,PREGRADO,2020,2023,22.0,8.0,0.26666666666666666
1,TCO,PREGRADO,2021,2024,22.0,13.0,0.37142857142857144
1,TCO,PREGRADO,2022,2025,32.0,5.0,0.13513513513513514
1,TCO,PREGRADO,2023,2026,73.0,,
1,TCO,PREGRADO,2024,2027,62.0,,
1,TCO,PREGRADO,2025,2028,43.0,,
1,TDI,PREGRADO,2007,2010,24.0,12.0,0.3333333333333333
1,TDI,PREGRADO,2008,2010,,1.0,
1,TDI,PREGRADO,2008,2011,21.0,22.0,0.5116279069767442
1,TDI,PREGRADO,2009,2012,10.0,29.0,0.7435897435897436
1,TDI,PREGRADO,2010,2013,15.0,19.0,0.5588235294117647
1,TDI,PREGRADO,2011,2014,27.0,19.0,0.41304347826086957
1,TDI,PREGRADO,2012,2015,28.0,14.0,0.3333333333333333
1,TDI,PREGRADO,2013,2016,41.0,14.0,0.2545454545454545
1,TDI,PREGRADO,2014,2017,35.0,9.0,0.20454545454545456
1,TDI,PREGRADO,2015,2018,24.0,24.0,0.5
1,TDI,PREGRADO,2016,2019,21.0,15.0,0.4166666666666667
1,TDI,PREGRADO,2017,2020,28.0,9.0,0.24324324324324326
1,TDI,PREGRADO,2018,2021,15.0,13.0,0.4642857142857143
1,TDI,PREGRADO,2019,2022,38.0,19.0,0.3333333333333333
1,TDI,PREGRADO,2020,2023,13.0,10.0,0.43478260869565216
1,TDI,PREGRADO,2021,2024,11.0,2.0,0.15384615384615385
1,TDU,PREGRADO,2022,2024,8.0,11.0,0.5789473684210527
1,TDU,PREGRADO,2023,2025,17.0,6.0,0.2608695652173913
1,TDU,PREGRADO,2024,2026,23.0,,
1,TDU,PREGRADO,2025,2027,19.0,,
1,TEA,PREGRADO,2007,2010,39.0,50.0,0.5617977528089888
1,TEA,PREGRADO,2008,2010,2.0,7.0,0.7777777777777778
1,TEA,PREGRADO,2008,2011,43.0,31.0,0.4189189189189189
1,TEA,PREGRADO,2009,2012,51.0,26.0,0.33766233766233766
1,TEA,PREGRADO,2010,2013,53.0,26.0,0.3291139240506329
1,TEA,PREGRADO,2011,2014,31.0,26.0,0.45614035087719296
1,TEA,PREGRADO,2012,2015,43.0,16.0,0.2711864406779661
1,TEA,PREGRADO,2013,2016,30.0,23.0,0.4339622641509434
1,TEA,PREGRADO,2014,2017,40.0,21.0,0.3442622950819672
1,TEA,PREGRADO,2015,2018,34.0,14.0,0.2916666666666667
1,TEA,PREGRADO,2016,2019,44.0,8.0,0.15384615384615385
1,TEA,PREGRADO,2017,2020,41.0,4.0,0.08888888888888889
1,TEA,PREGRADO,2018,2021,29.0,6.0,0.17142857142857143
1,TEA,PREGRADO,2019,2022,26.0,8.0,0.23529411764705882
1,TEA,PREGRADO,2020,2023,17.0,5.0,0.22727272727272727
1,TEA,PREGRADO,2021,2024,12.0,3.0,0.2
1,TEA,PREGRADO,2022,2025,8.0,3.0,0.2727272727272727
1,TEA,PREGRADO,2023,2026,22.0,,
1,TEA,PREGRADO,2024,2027,14.0,,
1,TEA,PREGRADO,2025,2028,18.0,,
1,TEC,PREGRADO,2007,2010,46.0,42.0,0.4772727272727273
1,TEC,PREGRADO,2008,2010,1.0,3.0,0.75
1,TEC,PREGRADO,2008,2011,55.0,32.0,0.367816091954023
1,TEC,PREGRADO,2009,2012,74.0,39.0,0.34513274336283184
1,TEC,PREGRADO,2010,2013,45.0,48.0,0.5161290322580645
1,TEC,PREGRADO,2011,2014,39.0,60.0,0.6060606060606061
1,TEC,PREGRADO,2012,2015,51.0,41.0,0.44565217391304346
1,TEC,PREGRADO,2013,2016,43.0,40.0,0.4819277108433735
1,TEC,PREGRADO,2014,2017,41.0,52.0,0.5591397849462365
1,TEC,PREGRADO,2015,2018,59.0,45.0,0.4326923076923077
1,TEC,PREGRADO,2016,2019,40.0,36.0,0.47368421052631576
1,TEC,PREGRADO,2017,2020,38.0,14.0,0.2692307692307692
1,TEC,PREGRADO,2018,2021,36.0,25.0,0.4098360655737705
1,TEC,PREGRADO,2019,2022,32.0,17.0,0.3469387755102041
1,TEC,PREGRADO,2020,2023,21.0,15.0,0.4166666666666667
1,TEC,PREGRADO,2021,2024,19.0,20.0,0.5128205128205128
1,TEC,PREGRADO,2022,2025,18.0,14.0,0.4375
1,TEC,PREGRADO,2023,2026,38.0,,
1,TEC,PREGRADO,2024,2027,26.0,,
1,TEC,PREGRADO,2025,2028,32.0,,
1,TEO,PREGRADO,2016,2021,5.0,23.0,0.8214285714285714
1,TEO,PREGRADO,2017,2022,11.0,21.0,0.65625
1,TEO,PREGRADO,2018,2023,9.0,33.0,0.7857142857142857
1,TEO,PREGRADO,2019,2024,7.0,43.0,0.86
1,TEO,PREGRADO,2020,2025,11.0,44.0,0.8
1,TEO,PREGRADO,2021,2026,25.0,30.0,0.5454545454545454
1,TEO,PREGRADO,2022,2027,51.0,,
1,TEO,PREGRADO,2023,2028,55.0,,
1,TEO,PREGRADO,2024,2029,45.0,,
1,TEO,PREGRADO,2025,2030,49.0,,
1,TMI,PREGRADO,2007,2010,34.0,11.0,0.24444444444444444
1,TMI,PREGRADO,2008,2010,,2.0,
1,TMI,PREGRADO,2008,2011,26.0,17.0,0.3953488372093023
1,TMI,PREGRADO,2009,2012,21.0,20.0,0.4878048780487805
1,TMI,PREGRADO,2010,2013,28.0,12.0,0.3
1,TMI,PREGRADO,2011,2014,16.0,11.0,0.4074074074074074
1,TMI,PREGRADO,2012,2015,11.0,2.0,0.15384615384615385
1,TMI,PREGRADO,2013,2016,32.0,22.0,0.4074074074074074
1,TMI,PREGRADO,2014,2017,38.0,21.0,0.3559322033898305
1,TMI,PREGRADO,2015,2018,37.0,21.0,0.3620689655172414
1,TMI,PREGRADO,2016,2019,27.0,24.0,0.47058823529411764
1,TMI,PREGRADO,2017,2020,30.0,6.0,0.16666666666666666
1,TMI,PREGRADO,2018,2021,26.0,10.0,0.2777777777777778
1,TMI,PREGRADO,2019,2022,25.0,11.0,0.3055555555555556
1,TMI,PREGRADO,2020,2023,14.0,7.0,0.3333333333333333
1,TMI,PREGRADO,2021,2024,20.0,8.0,0.2857142857142857
1,TMI,PREGRADO,2022,2025,9.0,10.0,0.5263157894736842
1,TMI,PREGRADO,2023,2026,37.0,,
1,TMI,PREGRADO,2024,2027,31.0,,
1,TMI,PREGRADO,2025,2028,30.0,,
1,TQF,PREGRADO,2007,2010,20.0,17.0,0.4594594594594595
1,TQF,PREGRADO,2008,2011,17.0,19.0,0.5277777777777778
1,TQF,PREGRADO,2009,2012,33.0,16.0,0.32653061224489793
1,TQF,PREGRADO,2010,2013,29.0,10.0,0.2564102564102564
1,TQF,PREGRADO,2011,2014,39.0,11.0,0.22
1,TQF,PREGRADO,2012,2015,37.0,35.0,0.4861111111111111
1,TQF,PREGRADO,2013,2016,46.0,36.0,0.43902439024390244
1,TQF,PREGRADO,2014,2017,39.0,27.0,0.4090909090909091
1,TQF,PREGRADO,2015,2018,42.0,34.0,0.4473684210526316
1,TQF,PREGRADO,2016,2019,20.0,34.0,0.6296296296296297
1,TQF,PREGRADO,2017,2020,31.0,20.0,0.39215686274509803
1,TQF,PREGRADO,2018,2021,33.0,24.0,0.42105263157894735
1,TQF,PREGRADO,2019,2022,19.0,35.0,0.6481481481481481
1,TQF,PREGRADO,2020,2023,23.0,21.0,0.4772727272727273
1,TQF,PREGRADO,2021,2024,12.0,14.0,0.5384615384615384
1,TQF,PREGRADO,2022,2025,13.0,7.0,0.35
1,TQF,PREGRADO,2023,2026,26.0,,
1,TQF,PREGRADO,2024,2027,14.0,,
1,TQF,PREGRADO,2025,2028,26.0,,
1,TRD,PREGRADO,2007,2009,108.0,7.0,0.06086956521739131
1,TRD,PREGRADO,2008,2010,121.0,5.0,0.03968253968253968
1,TRD,PREGRADO,2009,2011,75.0,55.0,0.4230769230769231
1,TRD,PREGRADO,2010,2012,85.0,68.0,0.4444444444444444
1,TRD,PREGRADO,2011,2013,84.0,73.0,0.46496815286624205
1,TRD,PREGRADO,2012,2014,69.0,72.0,0.5106382978723404
1,TRD,PREGRADO,2013,2015,65.0,63.0,0.4921875
1,TRD,PREGRADO,2014,2016,86.0,73.0,0.4591194968553459
1,TRD,PREGRADO,2015,2017,71.0,43.0,0.37719298245614036
1,TRD,PREGRADO,2016,2018,58.0,66.0,0.532258064516129
1,TRD,PREGRADO,2017,2019,83.0,50.0,0.37593984962406013
1,TRD,PREGRADO,2018,2020,76.0,54.0,0.4153846153846154
1,TRD,PREGRADO,2019,2021,76.0,46.0,0.3770491803278688
1,TRD,PREGRADO,2020,2022,29.0,40.0,0.5797101449275363
1,TRD,PREGRADO,2021,2023,39.0,30.0,0.43478260869565216
1,TRD,PREGRADO,2022,2024,50.0,35.0,0.4117647058823529
1,TRD,PREGRADO,2023,2025,53.0,25.0,0.32051282051282054
1,TUI,PREGRADO,2007,2009,24.0,26.0,0.52
1,TUI,PREGRADO,2008,2010,31.0,25.0,0.44642857142857145
1,TUI,PREGRADO,2009,2011,29.0,19.0,0.3958333333333333
1,TUI,PREGRADO,2010,2012,19.0,20.0,0.5128205128205128
1,TUI,PREGRADO,2011,2013,17.0,15.0,0.46875
1,TUI,PREGRADO,2012,2014,21.0,12.0,0.36363636363636365
1,TUI,PREGRADO,2013,2015,13.0,15.0,0.5357142857142857
1,TUI,PREGRADO,2014,2016,8.0,14.0,0.6363636363636364
1,TUI,PREGRADO,2015,2017,15.0,11.0,0.4230769230769231
1,TUI,PREGRADO,2016,2018,36.0,,
1,TUI,PREGRADO,2017,2019,43.0,,
1,TUI,PREGRADO,2018,2020,20.0,18.0,0.47368421052631576
1,TUI,PREGRADO,2019,2021,23.0,9.0,0.28125
1,TUI,PREGRADO,2020,2022,17.0,10.0,0.37037037037037035
1,TUI,PREGRADO,2021,2023,9.0,22.0,0.7096774193548387
1,TUI,PREGRADO,2022,2024,20.0,7.0,0.25925925925925924
1,TUI,PREGRADO,2023,2025,12.0,7.0,0.3684210526315789
1,TUI,PREGRADO,2024,2026,23.0,,
1,TUI,PREGRADO,2025,2027,17.0,,
1,TUMC,PREGRADO,2008,2011,19.0,21.0,0.525
